cmt_col,labels
cặc,1.0
đr hết thời cày rank bk còn ngợp,0.0
Diễn viên hô ni hút mà ngại gì mấy khác kk,0.0
Toàn bọn vô công rồi nghề ngồi sủa ăn lương tháng chứ vinh quang gì? Bản thân hiểu rõ hơn ai hết nhưng vì đồng tiền bát gạo nên vẫn cứ đi cắn sủa vậy đó. Tôi chỉ quan tâm sự thật chứ mấy loại này riết chán chẳng thèm phản biện 😩,2.0
lên kim cương bố ỉa vào mồm mày với cái lối lên đồ 10 game như 1 này :)))) bao giờ live rank kc thì tag bố m vào nhé :))),1.0
"Con bà chúng nó làm lòng vòng để tìm cách tham ô tham nhũng, chứ xử lý nguồn gốc gây ô nhiễm chuyển xử lý dòng chảy nước thải không cho xả thải ra sông nữa là nước nó sạch ngay",1.0
 why cái lồn,1.0
Su Quỳnh chéo avt hộ vs ạ,0.0
Phàm :)) vlon thanh niên,1.0
Bắt được mấy thằng trộm xe. Nên chặt tay nó,1.0
T dang xem sec à,0.0
Đm máy thằng hèn,2.0
Chúng mày nghĩ sau vậy uống thuốc ngủ đi nhé KKK,1.0
"Phát ngôn ngu vãi, tao đi ị ở bến xe gia lâm còn phải đóng thuế 5k một lượt kia mà nhà vs có gia lol gì âu, bọn nó chịch nhau còn phải đóng thuế vì dùng bao con sâu hay victoria kia...",1.0
Chúng nó dàn rựng để trộm xe hai thằng đứng đấy để giả vờ hỏi chuyện,0.0
Bộ tóc huyền thoại ❤,0.0
Nhà bao việc còn bắt đi đóng MV :((,0.0
"Hiệp 1 còn vào được, chứ giờ nó khóa rồi, còn lại toàn fake cả",0.0
Cho con 1 tỉ đi cô,0.0
Mày nghĩ xl là hết à,0.0
"người ta lên tiếng cũng nói 1-2 lần, nói trên báo chính thống, chứ đâu có lên báo mạng, đi cmt dạo khắp nơi hay kể lể đủ thứ, cũng k có kiểu ăn tiền mà nói k, hay đáng nói chuyện này bẻ chuyện khác rồi dọa phốt",0.0
"Ý chúng nó nói ở đây là nên im lặng và tìm hiểu rõ nguyên nhân , như cư dân mạng ở miền bắc , miền nam , và ở nước ngoài chắc phải bay tận về hà tĩnh tìm hiểu rồi mới được đăng stt chắc :) đúng là cái chế độ này càng ngày càng thối nát, cơ quan báo chí tuyên truyền tung hô toàn cái đéo gì ấy đm chắc ko nói gì là ỉm đi vụ formosa luôn đấy",1.0
Bị đấm gãy cmn răng,1.0
"Người khó khăn, người nghèo bao giờ cũng bị thiệt, nếu bắt tụi nó được, chắc là chỉ vài năm tù, còn người nghèo họ làm, tích góp hơn 10 năm mới có chiếc xe để mưu sinh, vậy mà luật pháp phạt họ quá nhẹ,hy vọng sẽ có bộ luật phạt cho kẻ trộm cắp thật nặng, để dân được bình an.",0.0
Ngu thì thua,1.0
Cái thằng khỉ đầu chó này nữa,2.0
Thoi di thang khung oi,2.0
m lên báo cáo tài chính hợp nhất đó mà xem! nói ra đã thấy mày óc chó ntn rồi! lũ thổ dân mồm vẩu!,2.0
ĐM chúng mày. Thế mà zam làm xã hội thâm.,2.0
thể loại ko làm muốn có ăn hở ra chộm cướp,1.0
"mn ơi vào đây chửi cm thằng trọng tài mù này đi, cay thật sự!! https://www.facebook.com/groups/937323947177598/",2.0
cái này tại dân... cu hòi húng nó bảo thế :v,0.0
Ok Haha Đúng đóm con nguu như idol đầu bu.ồi giẻ rách của nó vậy :))) xưa nó ở GVR đ có mấy ae giúp đỡ thì nó cũng chỉ là thằng xách nước bổ cam lau dọn ghế cọ nhà vệ sinh trong đấy thôi nhé.,2.0
nhớ hkia k cs đàn cánh cụt,0.0
Tin vui cho CSGT để đem về cho người thân không có xe,0.0
Nếu là người có lòng tự trọng thì hãy tự xin thôi đi. Đừng nhận tiền khi mình không có năng lực. Làm việc không có trách nhiệm và đạo đức. Hãy về đất nước của ông. Ở đây chúng tôi không chào đón ông,0.0
Xin lỗi cái ĐB,1.0
Được đó thầy,0.0
Mấy thằng ngu dốt mà tại sao gọi bọn nó là nhà trí thức ?,2.0
Em đang học đánh illoi Mong giao lưu chỉ giáo ạ,0.0
Em cũng chúc cả nhà anh chị một kì nghĩ lễ thật vui vẻ ❤️,0.0
Thứ nhất do luật không nghiêm. Thứ 2 rồi đây tình người sẽ mất hết. Botay,0.0
dot,1.0
tây nó tưởng điên trốn trại,1.0
"Cái mỏ giống cá tai tượng quá ,,bởi vậy nó sạo ke cai thứ chửi Việt nam la kg ưa roi",1.0
"Má xem clip xong nhìn xe mình không thấy, giật mình.nghĩ lại thì ra mình bỏ bên nhà hàng xóm",0.0
HN Thu Nguyên mấy thằng nhơ bẩn cả nc vn,2.0
thằng ngu nếu ko bồi thường thì đừng có lấy của dân,1.0
Này acc fake đang bắt trọng tài sao đăng bài đc Má ôi tin nhanh thế,0.0
anh thua top do sai lane chu trinh anh nhu con cac that,2.0
"nói ngu thì tự ái, cãi cùn còn nch thì thích công kích cá nhân. Trình độ học vấn hết cấp2 chưa?",1.0
Mắt ông mù à,1.0
bọn nó lột xong còn bỏ cát vào bình xăng với dầu ý . Quá khốn nạn .,1.0
"Mẫn Đạt Sủa câu biết ngu học =)) đúng là fan bóng đá thời vụ mới nói được những câu này, dell biết nhìn ra mình có gì mà đi chửi HLV",2.0
m có thời à,0.0
DM thằng lồn,2.0
"Một hlv éo có tâm, cần dẹp gắp, nó không khác gì con sâu mọt đang phá dần bóng đá việt nam",1.0
K phải khen chứ phim dỡ vkl,1.0
bỏ con mà éo liên quan là sao?,1.0
Acc Fake nha,0.0
Lỗi lầm j hả th chó,2.0
"giống vcl luôn, đm như 2 giọt nước",1.0
Sory con mẹ mày,2.0
"Dàn dựng để trộm cắp, thanh niên sức dài vai rộng k chịu đi làm, đi ăn cắp, rồi có ngày người ta đánh chết cho .",1.0
đọc thì đọc cho hết còn k hiểu thì câm và cút.,1.0
"Nghiệp dư, con Trâu trắng chứ phù thuỷ trắng mịa gì!",1.0
Chúng mày đốt luôn đi cũng kệ con mẹ chúng mày,2.0
Cháu cũng làm con cặc j.,1.0
Con nhiều chuyện.mất la đúng rồi,0.0
"Một bọn súc vật ,bắt được chặt tay là o giám lần sau.",2.0
"Bị bắt đạp chế.t thì có đứa vào nói đạo lí, tao khinh",1.0
Mi bắt v r bh xl thì làm đk méo j nx,1.0
Thế nó là khách quen của mày hay sao? việc của m à nó chửi bạn tao thì tao binh liên quan gì mày khách hàng thân thiết của m à,0.0
Bố tk óc chó ngáo đá tưởng vậy là ngầu,2.0
Phạm Vũ nc Anh là trời âu chứ là gì 😄,0.0
Xin con cặc mẹ mày. Ok,2.0
Lolll cha m bán độ mà xin lổi cc j,2.0
Năng lực yếu kém. Tư duy bảo thỉ. Xin nghỉ đi,1.0
mực là con Vel'koz kk ilao là con bạch tuộc,0.0
Con chó trọng tài,2.0
Rồi ?,0.0
Bao gio ban xoi moi mua lai dc xe,0.0
Sorry cc bắt thẻ như cc ngta,1.0
nghỉ mẹ đi đừng làm trọng trọng tài nữa,1.0
Nguyễn Quốc Vinh SuBaSan,0.0
Chuẩn bị bay acc ik,0.0
Vẫn là bú tương tác :)) hẳn là nói được làm được :)) rẻ rách chưa :)),1.0
Nguyễn Gia Hiếu m vào đây lm j,0.0
Mày hãm l vừa thôi mày công kích tao xong bảo tao công kích cá nhân mày thế chả lẻ mày chửi tao thì tao chửi ai m bị ngơ à,2.0
 quao thật là xạo l @@,1.0
Pha ke,0.0
Bạn bè dell gì với cái tk mực rách này,2.0
Tham vật chất.chết của cải vật chất phải để lại hết.nhg tội thì mang theo .ko từ bỏ dc,1.0
Thứ bóng dơ,1.0
Ngoo còn đăng lên khoe nữa,1.0
sơ hở là trộm,1.0
Fake cũbg tin :))),0.0
ngu vcl,1.0
ủa vậy Thủ Tướng kỳ này là ai vậy,0.0
Thằng lồn mày qua việt nam thử có về được ko,2.0
nhặng đýt :)))),1.0
Tinh Trùng Khuyết Tật,2.0
Lần tới chừa mê choai nhé cưng,0.0
đg r lm như nó là bố thiên hạ ý,1.0
Trải qua cảm giác ..a di đà phật,0.0
"nó thuê diễn viên vào bắt nạt tôi bạn ạ, cơ mà 2 game nó 4 8, 2 8 k khá lên dc =)))",0.0
ủa lộn tối nhớ k cs con chim cánh cụt nên pressing :)),0.0
Lữ Văn Thánh ông trẩu vc,2.0
Xin lỗi con mẹ mày à. Xin lỗi thì làm đc con mẹ gì bây giờ. Lúc bắt k bắt công băng mẹ mày luôn đi để giờ đỡ phải xin lỗi,2.0
Ở thành phố thôi ở Quê thì mày song đời rồi,1.0
"đỉnh nhất vẫn là \""chiếc khăn gió ấm\""",0.0
"Thấy các bạn trẻ bây giờ mà thở dài ngán ngẫm, sinh ra trong thời bình, có điều kiện học hành, nhu cầu tối thiểu cũng đã xa xỉ so với lớp đàn anh, nhưng rồi chẳng nên trò trống gì!",1.0
Họ bị mù mà !!! Tiền che hàng cave đi rồi chúng cơ quan thiểu năng ko thấy đâu,1.0
Mong ông hãy rời khỏi VN,0.0
Khánh Duy share đi cháu 🤣,0.0
nhạc sĩ đa tài và anh chàng tấu hài đẳng cấp,0.0
Haha mày nhìn ạc này đánh giá hơi vội tao đéo phải loại ở nhà ăn bám không việc làm mà chơi tốc chiến đâu :)),1.0
lại là dư lợn vin,1.0
xà lơ. Hợp lý cái gì. Cái cty có tư cách gì mà đòi làm việc vs nta. Cty mà làm như cơ quan nhà nước. Lên đây thông cáo báo chí để làm chi. Chắc có cửa để gặp.,0.0
Nhanh chậm cái con mẹ chúng mày =))),2.0
Đm thằng ad xamlone,2.0
con mẹ mày chửi anh độ,2.0
Mấy thằng chó đẻ!,2.0
Tức á ca ko đc,0.0
"jack thà bỏ con cũng sẽ không bỏ qua việc này. Jack sẽ làm rõ đến cùng , hãy ủng hộ jack :)))",0.0
From Bảo Yên with love =))),0.0
Trọng tài bị thái lan chơi ngãi à,0.0
Tui coi đi coi lại chẳng thấy cái gì hết trời,0.0
sao ô biết hay vậy tôi 2006 đang lớp 12 tích tiền mẹ cho ăn sáng để net net được 70 win cao thủ đơn 220 điểm nếu ô k tin có thể lên lmsslus check ig : phu 206 12c1 #2005,0.0
"mịa, bao nhiều đời đéo dẹp được, ông Thăng lên được mấy tháng thì dẹp thế đéo nào ngay được, nói ngu vl",1.0
"xuất cai L, đm quần áo Vn toàn nhập siêu từ TQ hết 70% chứ xuất xuất clm chúng mày",2.0
Đi WC,0.0
Đừng làm vậy a ơi,0.0
may can xuong cua anh tao,1.0
Nhìn mặt đẹp gái mà cái tính lại xấu xa thế này.,1.0
Nhìn ngu haiz vãi,1.0
nguyên cái chữ Fan cứng thế cơ mà,0.0
k khác dì mấy với bọn thượng đẳng hàn quốc,1.0
Tụi thái mua m bao nhiêu vua áo đen bắt như quần trọng tài chính và phụ như quần quề tổ cha tụi,1.0
Thằng nào fan của thằng này dc thì bố m cũng nể :)),1.0
Đm train như cuccut mà vô quất 1 hơi 3-0 sợ thật :v,1.0
 bắt đc thằmg ngu bị cắn bait này,1.0
Cho 3 cha con nó vào tù luôn đi,1.0
Là là ăn cơm chó,0.0
1 người mẹ vĩ đại mãi êu,0.0
lm như m chưa bao h chửi=),0.0
Ra ngoài nhìn trước nhìn sau vào,0.0
"Fuck, Mẹ mầy nghỉ cầm còi đc rồi đó, chắc nhận một đống tiền từ thái.",2.0
gác lại chuyện đủ trình k thì bạn bè cái choá gì mà bạn qua mạng thì tin thì vẫn ngáo,1.0
"Tại ở viêt nam tội trom căp hình phạt còn nhẹ,chứ phạt như bên thái lan đi xem coi còn ai dám k",0.0
ông nói vậy là xúc phạm lồn rồi Mồm thằng này chắc giống cái hố phân ấy chứ,2.0
Cái cc m ak xl cái lol,2.0
Hat nhu lon 🙂,1.0
Thanh Hoa nhiều cánh hoa tạo nên (Thanh)Hoa,0.0
Xin lỗi đéo làm được gì đâu,1.0
Mẹ nó cái bọn trâu bò này người ta làm kiếm bạc cắt mà nó cũng kô tha,2.0
éo thèm nhé =)),1.0
Xinh cụ m,1.0
Xạo lồn quá chị ba ơi,1.0
Con bóng đũy ăn cứt,2.0
"Ch.ó mực sủa hay ghê , đánh thì như cc, lại đây bú cặk a a dạy chơi game cho",2.0
Bố thằng đần,2.0
Á đù idol ở đây luôn,0.0
Chet me may chua con kkk,2.0
Một pha óc chó của a . ý thức như ruồi của a,2.0
vl t đang xem mèo simmu bản sẽ à,0.0
Sống bằng cacban rồi. :)))) k bị chậm nữa,0.0
Tụi bay nghĩ đó là giọng con gái à? Sai lầm. Nhỏ đó chỉ có tâm hồn con gái thôi. Có cu đó,0.0
Ông ngu chứ cay gì,1.0
"vui ở đây, là thái độ với cách cư xử, có thể thua trong lòng buồn cực, nhưng có chơi có chịu, vẫn phải cư xử bên ngoài vui vẻ người ta mới nể chứ",0.0
M làm cc j mà đăg cái bài ngu vậy ad? Cho chúg vào chửi ngược à????,2.0
"Ba Lan Chi jack không bao , giờ đạo nhạc",1.0
"Loại phản Động phát biểu linh tinh, Việt Nam thống Nhất rồi",2.0
Quốc Khánh Sáng Nguyễn Nguyễn Shaco thằng ngu nhất t từng biết,2.0
Phạm Trần Ngọc Điệp nhưng quan trọng là cty J97 có địa chỉ nhà Vr sao ko qua thẳng làm việc trực tiếp cho nó xong đi còn đăng status làm gì cho nó lòng vòng?,0.0
Đã ngèo khó rồi còn ko tha bọn chó cắn áo rách,2.0
Đm bọn chó bán xôi còn đéo tha .,2.0
Để hình con chó con heo bình tùm bậy tùm bạ.:))) Chửi anti thốn vl,1.0
Mới hả mn 😅,0.0
Mẹ Đỹ ruồi phát quang mê cá chà bac của anh jack nên thích có con rơi à,2.0
30p rồi kêu chậm cái dmm,1.0
Bài đặt,0.0
Ayane Harukana.,0.0
Ngu vcl,1.0
"Ăn hết bao nhiêu tiền của dân để lo cho dân nhưng lũ mọi rợ này lo cho dân vậy đó,qua tàu rước bao công về chém hết lũ mọi rợ đó đi.",2.0
ngài tỷ phú đây nghe nói cái nóng hết cả cái đầu lên nhỉ=)))),0.0
Chỉ tại con người tiến hoá thành choá,1.0
Chuyên môn yếu,1.0
lớn rồi mà não chứa sạn vs sỏi trong đầu hả :))) coi chừng nó cho đứa con,2.0
Người ko ra người.ngợm ko ra ngợm.ý thức thì như đống rác.nhà nước nên bỏ tù những thằng coi thường pháp luật và tính mạng người khác như nó.phạt thật nặng xem nó có im mỏm nó ko.,1.0
Cái này hả,0.0
Dm bọn Việt tân nhé,2.0
Cần tao giạy khoá lm trọng tài ko,0.0
"top 1 rồi mà, thậm chí 3 acc td hàn top 10 top 20",0.0
"bộ hàng hải :)) admin ngu đéo chịu đc :)))))))))))) ôi ""bộ hàng hải"" =)))))",1.0
Lũ này bắt dk dah chết mẹ...ko lo làm ăn .. toàn đi trộm cắp,2.0
Bắn làn+tốc độ,0.0
"đúng rồi phải bồi thường đi, làm ngta có bầu rồi bỏ đâu có đc",0.0
"Đàn bà nó thế, bạn có nói trăm lần thì nó trả lời bạn: thằng lắm mồm!",1.0
Muộn rồi,0.0
Bài học cảnh giác,0.0
Hoàng T. Kim Khuyến cười cái lon,1.0
Con nay da vo mat no cho đa,2.0
cả dòng họ nghèo hèn kid đ gặp được messi nên ganh tị,2.0
Thanh Vinh top thách đấu đấy ba . conten thôi,0.0
Ông trần dần nói hay quad,0.0
Sếp nhà mình lại bắt nhân viên đi cách li thay 😌😌,0.0
"Ad chửi hết bọn khựa làm chó gì?! Dân nó cũng y như dân mình thôi. Chế hính cho đỡ tức hả, không tác dụng gì, để sức mà xem nước ta ""thắt chặt tình hữu nghị"" ra sao nhé. Vụ Formosa chìm xuồng rồi nhé :v Đm, ai bầu thằng cẩu nô tài lên làm lãnh đạo thế?!",1.0
Nguyễn Văn Huân sống chậm làm đéo j,1.0
Tăng Gia Kiệt e hiểu lý do sao e dc lòng đứa khác r a =))))))))))),0.0
Huỷ lễ tang mẹ m à,2.0
Sống kiểu này ko ngốc đầu nỗi đâu .sau này hối hân cũng muộn rồi,1.0
Óc chó,1.0
Ăn tết đéo ngon,1.0
"anh bạn à, tôi có thể giảng hòa được kh? :v",0.0
Thịt lợn tăng,0.0
Ng Tuấn Châu uầy gắt vđ,1.0
sao m biết,0.0
gi vay abe :)),0.0
Vl :)),1.0
Khánh An hạt điên quỷ tới chơi nè lũ bk,0.0
Con đĩ Linh nc ngu vãi! Ai xuống thăm nó chưa nhỉ,2.0
"có lẽ chơi game nhiều nên kỹ năng mềm kém. Mấy đứa tuyển thủ trừ những đứa chín chắn như Levi hay lứa tuyển thủ đời đầu thì còn lại kỹ năng mềm, thậm chí kỹ năng sống đều kém (kể cả Sofm t cũng k đánh giá cao)",0.0
bon comcom đơn vị tác chiến điện tử vs nhật ký yêu nước dm chúng mày vào mà đọc. tưởng ai cũng như chúng mày hết đấy,2.0
Hiep Tong chắc k ai nhận ra đâu 🤣,0.0
Chẳng hiểu mày ăn mặc kiểu lồn gi,2.0
"chấp làm gì cái loại này hả e, chả biết cuộc đời nó hơn ai rồi mà mở mồm ra là khinh người khác :))))",1.0
Như 1 con bò động đực clm =))),1.0
đừng thấy ai không để avt là phán câu clone,1.0
Những đứa trẻ này thật hết biết nói gì. Khi nữa chết đi xuống gặp Phán Quan tới đó hối cãi cũng kh còn kịp nữa ròi.,0.0
:))))) xử lý lỗi lại cứ muốn dc khen cơ. lôi rank này nọ ra cơ. vậy thoi đăng lên mạng xã hội chi rồi đòi ai cũng phải khen trog khi toxic xử lý lỗi :))),0.0
rất mong các luật sư làm việc luôn,0.0
mầy thit,0.0
"Bán nước rõ ràng rồi, các cháu dư luận viên còn gì để sủa ko?",1.0
"Sao quan chức cao cắp csnào , khi vi phạm pl cũng đều trả lời có vẻ ngây ngô , khờ khạo . Chẳng lẽ qui trình chọn lọc cán bộ cấp chiến lược là vậy sao ?!.Nhìn hành vi các qc phạm pháp thì biết nước nhà do các vĩ lđ sẽ đi về đâu . Đúng là các vị coi dân như những con lừa , mưốn làm gì củng được .Thế mà vẵn quang vinh vĩ đại !",1.0
Óc choo làm kèo ko :)),1.0
Nguyễn Quốc An một giọt là nước suối tinh khiết,0.0
DLV ngu lol lại còn lắm đứa hùa theo thể hiện đầu óc đúng là cặn bã. Lại còn lắm thằng bảo Việt Tân tài trợ Phan Anh nữa chứ.,2.0
Cả Lê Hữu,0.0
Ôi bọn ghen ăn tức ở,2.0
Nhảm loz,1.0
Thanh Tâm a mực ngu cỡ này m ngu cỡ nào,1.0
Địt con mẹ cnó vẽ rađể ăn chia với nhau ý mà. Làm cổng 200ti để tế thằng tổ cnó ah,2.0
Chỉ có thể là Se dan,1.0
Đi coppy ảnh của page khác không ghi nguồn. :))) kém chuyên nghiệp,1.0
"với immortal là 2 người one champ ngang ngữa nhau, có thể nói tồ vs trym hòa làm 1 thì mực với illaoi cũng vậy, anh cứ smuft tụi rank bạch kim kim cương cho em",0.0
Anh em đón Tết Corona thế nào rồi :)),0.0
thích thì Spam th XD,0.0
Ai biểu mê trai… đừng đỗ thừa winner & ẹc sìn tơ nhaaaa,1.0
"Làm cho tới luôn nha Jack ơi,thấy e hiền nó ăn híp ,nó trèo đầu cỡi cổ,đụng chạm Fan e nữa kìa ,ủng hộ Jack và công ty làm cho sáng tỏ việc này,bắt họ phải chịu trách nhiệm về những phát ngôn mà đã gây ra cho tất cả mn",0.0
"Mày làm như lên cái là hết trộm cướp ấy, với cái xã hội này chỉ có thể hạn chế thôi là đã mừng rồi nhé",1.0
"bạn thì kinh rồi ,bn là nhất ok chưa",0.0
Chỉ là lại từ bỏ tiền ra cho cày view thôi chứ hay cc j đâu,1.0
Những trận đá bóng là để thoả mãn nhãn người hâm mộ yêu bóng đá… mày bắt như thế thì ở cái bồn tắm thôi chứ không ra biển lớn được thằng đui đi làm trọng tài…,2.0
Nguyễn Mạnh nói câu nào ngu câu đấy đúng fan ráck,2.0
K phải khen chứ phim dỡ vkl,1.0
"văn minh nhưng ăn cháo đá cặp lồng, bỏ vợ bỏ con :))",1.0
bây giờ xin lỗi thì dc gì?,0.0
"Không phải tự nhiên bỏ công ty rồi làm vẻ tội nghiệp được đàn anh và bên faptv cứu xong giờ hỏi xem họ có coi ra gì ko, bỏ vợ bỏ con, khinh thường đàn anh, làm màu trên sân khấu bao nhiêu show bị khán giả chê, dính bản quyền gần nhất là idol b… Xem thêm",0.0
XIn đmm,1.0
Nứng nứng nứng à,1.0
2 chuyện đéo liên quan nhóc ác nhai phân gì ngậm hoài kh nhả v,1.0
lỗi cc,1.0
ok a 🙄🙄,0.0
ở ngoài tao mà gặp kiểu này t bắt lại cho anh Diệt đánh chết con cụ mày,2.0
"Đọc tin này mà đau lòng quá, thật kinh khủng.",0.0
xin chào anh trọng tài,0.0
giờ bố lấy xe m đi xịt sơn lại bảo của t m chịu đc ko kuu,0.0
thầy book giáo án mới cho e:(( a be cứu e vs,0.0
Ngu thì chịu thôi bác,1.0
Ông chủ đem nhân viên đi khảo sát địa hình nuôi tôm,0.0
Nhìn mặt nc . Là Bik bộ mặt giả tạo . Bữa đó lôi tên cô mình Hiếu vo trước . Giờ nói kiểu xạo lol,1.0
Địt cụ chúng nó? Bắt sâu nặng quá. Một đất nước xã hội khốn nạn,2.0
ăn bom trên nhà thằng adm trốc tôm thôi,1.0
Này này ông bắt như j ấy h ra 1 câu xin lỗi là xong à quả cuối chạm tay ông ở ngay sau vẫn như k có chuyện j xảy ra Hảo ông :)),0.0
=)))) cày thuê rank bk ngầu.wa clm,0.0
"Vài năm nữa Kỳ Anh là huyện ung thư, Hà Tĩnh là tỉnh ung thư của VN :3",0.0
Xin lỗi Việt Nam,0.0
trọng tài,0.0
Nghèo đói quá mà,0.0
CON QUI CAI CHUYEN DI LUA GAT... MAY GAT CHI MINH HIEU ... SAO LON,2.0
Những cái loại tội phạm có tổ chức như thế này... thì sao này ko có ra tòa nữa...niếu bắt được thì đem ra biển đổ xuống là xong.ok.,1.0
Chỉ muốn nói rằng em rấtt rất nhớ anh 🙂,0.0
:))) đuối lý rồi kìa.cay lắm. fan cái thằng toxic xử lý ngu bị hành ròii cay đập bàn đập ghế xong bắt ngkhác phải khen cơ.. :)))) lớn rồi chơi game it thoi cháu ạ. ra đường nhiều vào kkkk,1.0
Thanh niên mà đi xe độ mặc đồ tối khí chất u ám là biết xếp vào loại hạng người nào rồi,1.0
Đúng một quả ảnh hợp lí,0.0
Tán tận lương tâm ăn chỉ đi cướp giật,2.0
"ngu ai mượn vô cmt ngta vậy chứng tỏ m ngu hơn ,sân si hơn",2.0
"đất nước mình như tảng băng chìm. Loạn lạc quá! ba mẹ đi làm quần quật kiếm tiền , các thuế phí xăng thì tăng vùn vụt mà lương thì không thấy tăng, con cái đi học thì bị bảo vệ/ thầy ..bạo hành, lạm dụng td. Bị phát",1.0
Ngàn lần xin lỗi cũng ko đủ . Chết đi,2.0
"má tao ngày xưa cho má mày mà, còn ba tao và anh em tao còn dạy kèm cho má mày nữa đó :)))",0.0
Thoại Trần chính tã là chính gì,0.0
Nguyễn Hằng Khanh Nguyen hay ăn nè,0.0
"The ma van k ganh duocc anhh , dung la ngu lau dot ben` kho dao` taoo ma`",2.0
Nói hủy kênh Không coi mà biết vô bình luận 😂😂😂,0.0
đi học mà xâm hình Thầy lol,1.0
Cứ trai đẹp là dè chừng nhà.c e,0.0
:)))),0.0
"Nhìn mà không diễn tả nổi, một video đáng buồn, tôi cầu mong cho người bán xôi kia mãi mãi tốt đẹp",0.0
Bố mày đẻ mày ra mày ăn cứt lợn à,2.0
"Nail là 1 nghề như nhiều nghành nghề lương thiện khác nhưng dưới bàn tay đen đúa của Tuyên giáo nó thành 1 cái nghề thấp kém, hạ đẳng. Nghề nào cũng để kiếm sống, nuôi sống gia đình, phục vụ xã hội cộng đồng không phân biệt giàu sang hay thấp hèn. Bản chất của CNCS là bình đẳng bác ái nhưng những hiện nay họ đang thực hiện hoàn toàn trái ngược.",1.0
Đúng chất Những thần ăn phân chó,2.0
dc mẹ sức dài vai rộng..,1.0
Nếu là người biết tự trọng thì bạn nên xin nghỉ việc đi. Phát biểu thì toàn nói hay. Từ ngày nắm các đội tuyển Việt Nam đi đá giải nào cũng thua. Từ giao hữu tới chính thức. Đá như giờ thì dự word cup gì,0.0
"trọng tài, trọng tài, trọng tài đâu",0.0
 mầy được Thai Lan mua à,0.0
Tin Vui Cuối Ngày:,0.0
Có vẻ là người nổi tiếng :v,0.0
nói đi phải nói lại. Bây giờ không thằng nào nhận tiền hết. Đụng là phạt . Thì ý thức sẽ tự đi lên.,0.0
cái giọng bà đó nghe ấy ấy quá ha,0.0
Cầm còi 1 lần cả nhà mày ăn cả đời thằng mặt lần,2.0
đm mày thang chó,2.0
mày đúng là con c.h.ó ăn c.ứ.t của nhà nước.,2.0
Người nghèo cũng đi lấy xe của họ nhục quá,0.0
ngoài đời a này có ngu như vậy không mọi người,2.0
"phản động là những đứa dám nói ""xấu"", nói xéo, và nói lên sự thật, đi ngược với đường lối của đoảng và bọn dư lợn viên lương 3 tháng 1 củ ( á nhầm 3 củ 1 tháng)",1.0
"""Sản phậm bị đạo như cl"" thì thẳng bỏ con nó đâu có thèm đạo .",1.0
Em chỉ hài lòng khi có ny bên cạnh thoiii :< mặc dù k có ny :((,0.0
"trong mấy grp rank bạc vàng mực feed bỏ mẹ, bị bọn m up lên khịa nhiều vc :))",1.0
ngu như cho,1.0
Kien Ne bố jack cmay mới nổi đc năm thằng thánh nện kia n nổi lâu rồi k có cty thì tuổi cẹc mà nổi đc như giời ngồi mà lo tr thế giới lo mà ăn vào mồm cho no ấy,2.0
Mấy thằng mất dạy.co chiếc xe để ban xôi cũng lấy,2.0
"Trộm cướp bắt được nên đánh chết ạ, đừng để chúng đẻ trứng",1.0
"Bon này giảng cảnh với nhau, sau này gd bọn này cũng sẽ bị như vậy thôi,qua báo sẽ đến nhanh thôi",1.0
Xin fb của bà này,0.0
Quang Chivas bố tổ sư thằng bại não,2.0
Súc vật từ nhan sắc đến nhân cách súc phạm loài người quá đy,2.0
"Hô ng việt dùng hàng việt đâu hết rồi, làm mẫu đi chứ",0.0
Giảm cân đi hoèn =)),0.0
trẻ ranh dạo này cay. bị tao chửi cay. fan thằng zeros này thất bại del khác gi lũ ricon bên bóng đá :))) có gi đâu mà cay vào fb soi. kkkkk cay lắm kìa,1.0
WC là toilet nha chứ không phải World Cup… Q.ÙE mà cứ thích nhảy hiphop!!!,0.0
":)))) đóm cay đóm cay đó bạn, mấy con ruồi này nó nghe nhạc 5 củ mọc răng cắn gê lắm, ns mấy con ruồi phát sáng kêu anh 5 củ thấy mik bị oan báo công an đi lên mạng hù ai:)))",1.0
Rồi bắt 3 cha con nó ch mn,0.0
gết thật giữ kiểu này mà người dân đi lấy xe còn tính cả tiền giữ xe kìa,0.0
Le Mynhut thứ 5 tuần sau đó chế,0.0
Tí bố cho bayyy acc,0.0
Lỗi con cặc thằng mắt như mù,1.0
"Quân ăn cướp của trắng trợn , cuộc sống về sau mang nghiệp nặng",2.0
 làm tới đâu rồi :)),0.0
Cố tỏ ra là mình ổn nhưng sau bên trong.....,0.0
Nghe có vẻ Hư Trúc nhưng lại rất Mộ Dung Phục,0.0
Táng chết cha tụi mày lũ học trò l :)),2.0
Hèn gì chúng nó chỉ dám nói là ko có liên quan. Cái địt mẹ mấy thằng lớn,2.0
Fake dmm,1.0
THẰNG AD ĐỌC KỸ RỒI HÃY PHÁN! AD MÀ LÀM ĂN THUA CẢ CON CHÓ! VỀ BỐC CỨT ĂN ĐI,2.0
"ủa v s ông V thấy giống ko liên hệ J làm việc mà lại lên live nói thẳng v, up stt fb J vô cmt thì ko tl, giờ đòi J làm việc trước ?",0.0
Bảo hiểm thì nước đ' nào chả phải nộp :v tai nạn ra ai thanh toán :v bóp cái tít cũng ngu :v,1.0
Tụi bây sống nhục mặt đàn ông thiên hạ,2.0
Xin lồn dcm muốn văn minh không nổi :))) quả pen đấy đâm vào mắt ông rồi ạ,1.0
Xl cái con cặc đm mày,2.0
lại nữa àh.... tụi thân cộng nó như sói đói... luôn luôn rình rập,1.0
"thương jack , ngẹn lòng quá , mong mọi thứ sẽ có câu trả lời nhanh thui",0.0
Sống chậm cái con mẹ chúng mày,2.0
Đụ Má...... Con bede sấu nhất quả đất,2.0
3 Quân bất lương này xứng đáng đi lao động khổ sai,1.0
chắc rank đồng,0.0
Mẹ mấy thằng chó đẻ người ta đã nghèo rồi mà chúng mày còn bày trò cướp của người ta nhân quả sớm thôi các con,2.0
"Chị ba nói đúng rồi. Chị ba bán nước cầu vinh. Đời ông cố nội thằng cha chị ba, tham sống sợ chết đầu hàng giặt",2.0
Chuộc 200000USD cơ mà,0.0
https://shp.ee/rbehb6u váy xinh giá chỉ 93k,0.0
"Dịt mẹ đéo báo cong an bắt mẹ đi họp bàn cái lồng,mẹ đi xe buyt mà éo bảo vệ dc khách hàng",2.0
buồn nha,0.0
Tụi này trời lấy lại mấy hồi,0.0
Con đĩ này bóng lộ nè,2.0
Cái này hình thức lừa cướp đoạt xe giống vs của chị nè Trần Thị Cẩm Giang,0.0
Tội cho cô gái ấy,0.0
Con nhà nta là xương thịt đâu phải cứ quẳng vài đồng tiền là xong,0.0
Đàn bà mắt bạn bị sau dạ,0.0
Ad sao mày bố láo thế,2.0
Em thức khuya vậy,0.0
chắc nó cũng gạ r bn ạ,0.0
"Hơ hơ :)) đm đéo xl lúc vẫn đá và sửa bằng lôi thẻ đỏ cho ""Tháis Lừn"" ra đây. Đm h bày đặt ""Sin lũi"" :))",1.0
Phan Linh nó họ Bùi ý thức như đầu buooi là đúng r,2.0
CÁC BẠN ƠI ĐÂY LÀ ACC GIẢ VÌ H NÀY TRỌNG TÀI BẬN BẮT CHÍNH,0.0
"ê mà chửi tkg Rách chứ đừng chửi cả vùng miền nha, Miền tây liên quan gì m, t người Hanoi nhé.",2.0
"Đảng viên thì sao?công khai đảng viên còn hơn lũ 3/// nhưng là cộng sản nằm vùng ,đem con mụ Nẫm qua chửi Mỹ như chó -lũ 3/// chống lưng cho mụ chửi ,tao là diện HO mà tao còn ko ưa tụi 3///",2.0
Đừng phá bđvn nữa thưa ngài,0.0
Như Quỳnh Bệnh từ trong cái nhân cách rồi pạn🤷‍♀️,1.0
Giờ không co công an chuyện làm ma cướp giật nổi lên rồi,0.0
xl là dc hả :)),0.0
"Mặt bà này là biết có dương vật ở dưới háng , mặt nhìn coi không có hậu gì hết .ăn nói như giang hồ mất dạy",2.0
Thui tốt nhất ông nên biến khỏi đội tuyển của chúng tôi đi ông troussier à nếu k cả đội tuyển của chúng tôi sẽ k còn nữa mà sẽ tan rã thật sự nếu ông còn ở lại vậy nên chúng tôi đề nghị ông hãy lượn đi ngay lập tức nhé ông hlv troussier,0.0
ăn học kiểu gì đang nói luật giữ xe nói sang tai nạn. rồi trù ẻo người khác tai nạn. mịa mấy cái đầu bò này mà mang tiếng ngu dân,1.0
địt mẹ mày,2.0
đm biết làm trọng tài kh con chó Dương Nguyễn Nhật Hà,2.0
Ý thức như đb,1.0
ăn hết của ông nội mày hả mà mày làm vậy dcmm đừng để tao tới nhà à :))),2.0
Nghỉ việc đi. Nhục lắm,1.0
bắt ngu như chó,1.0
"Em là một đứa xem chùa mà vẫn được fan cứng, em mong ad xem xét lại gỡ xuống để cho người khác xứng đáng hơn em ạ :vvvv",0.0
Hải Yến con thần kinh lạy m. Chả muốn xem cũng kệ cả họ nhà m nói để thiên hạ nó điss cho vô mồm,2.0
Nghỉ việc đi ôg già ơi,1.0
Trung sonic,0.0
"Mày mới gọi là nhảm đó,đồ chó đẽ",2.0
Cảm ơn cc,1.0
Đợi đấy tha bay đồ là tốt lắm rồi,0.0
Thầy địt mẹ giả tạo vl =)),1.0
hk được nói cức fan nó nhảy dựng lên đó nói phân thì được,1.0
Chi 3 noi qua troi hay luon,0.0
"nói với mấy loại ko não mệt thật, đúng 2 đứa ngu chơi với nhau. Đi học 10 năm?? tính từ lớp mầm thì m học ko quá lớp 7 nói cấm có sai học ko quá nổi cấp2, vô học nên mới ko hiểu những thuật ngữ cơ bản nhất xog cãi ngu",2.0
Đang nghĩ mình ở thiên đường à.,0.0
Phan Mạnh Cường sao lo mong nhà mày chết bớt 1 ngày đi mà rủa người ta chết vậy óc,2.0
Quá tàn ác. Những con người này cần trị nghiêm ko sẽ trở thành kẻ xấu của xã hội.,1.0
Fake hay sao ý mn ơi,0.0
Chị đẹp lắm đó chi,0.0
 xấu còn ngu,1.0
Thằng ngu sân cỏ,1.0
"mk thấy vụ đấy nổi do con ngọc bình vào live ông virruss cãi nhau vs ông ấy . Và kết quả ngọc bình đã bị mẹ thu đt và thằng rách vố này mk thấy những vết nhơ mà nó gây ra cũng k lm nó tồn tại lâu dài được đâu , nếu rách có thiện chí thì… Xem thêm",1.0
nói cl gì z mẹ. Nói mà để ng ta từ chối hiểu hay gì á,1.0
"Mực ơi dù nói thế nào trình mày vẫn thua thằng quyền thôi, đánh ngu, sủa bẩn, óc lồn",2.0
Đá thua indo thì về nước hộ cái anh zai ơi,1.0
"Ra đường là gặp lừa đảo , trộm cướp , xã hội bất an !",1.0
Võ Minh Hiếu xin video bạn ơi,0.0
Oke Hasagi chết mọe đi 💀,1.0
Đỏ gì mà ở ngay sát bờ là sao ?,0.0
zả bố thẻ đỏ,0.0
Nguyễn Minh Quân có thằng phía trên bênh nó t đang chọc nó cay khóc kìa bro.. kkk kéo lên chửi chọc nó chơi,0.0
nick thật ở đâu,0.0
"thằng rách là ông cố nội m hay gì mà m vô đây réo ,ở đây ko biết thằng rách nào nhé ,người nổi tiếng mà ăn nói xà lơ là lên phường càng sớm nhé thắng đần ,giờ m qua bên nó kêu nó phản hồi đối chất hộ t cái chứ m ở đây xàm lông hoài thì m lên phường trước nó đó",2.0
Kim Phượng thế con ngu ở hà nội p nó cũng nhảy bông nhông khắp nơi đó p,1.0
Đần =)),1.0
Đất nước ko phải của riêng một đảng phái nào,0.0
Thằng này bị ban Vĩnh viễn cũng k sai đâu,0.0
Thằng này ko dc,1.0
"Thua rồi xinloi à, khon nạn vừa thôi má ơi",1.0
Ok nhá,0.0
xa hội bgio phuc tap qua con nguoi với nhau sao k còn tinh nghia gi nua het .,0.0
Đụ má mặt nhìn như đàn ông,2.0
Trọng tài nguu quá,1.0
Nó còn biết nó chưa đủ 16t nên nó ngông như thế thì phải trị cho nó ra khoai ra ngô chứ bỏ qua vì chưa đủ tuổi thì thật sự thất vọng về pháp luật Việt Nam,0.0
Bọn chủ yếu lạc hướng ngta để trộm à,0.0
đần,1.0
đunga rồi anh ba chíp chíp chíp cũa em,0.0
lần sau đừng có nc kiểu ngu như vậy tao cười chết đó 'Nhi' tag lắm vào tưởng cái gì nói thì ngu trl cũng ngu,2.0
Mất đi một đứa con như đứt một khúc ruột vậy. Thương quá,0.0
Cả mả cụ tổ họ hàng hang hốc nhà mày.,2.0
Tao đéo biết,1.0
"show ra đi , đi cái jg 2 game out cả 2 . Rank thì kẹp lóc ngóc bk4 duo lb2 =)) game sau t mà đi top 2 m còn nát nữa chứ ở đó gank t , game đầu t k để ý m có xem stream đấy . Chứ k cỡ như m lên t cân 2 nha .",0.0
Cuoc Vui Co Don,0.0
"Hẳn là thi công k chuẩn =)) cười vỡ cmn bụng, cái đcm chúng mày lắm nữa nhiều lí do vcl.",2.0
liêm sĩ ji tầm này abe ôi,0.0
Nó đéo biết ngại à,1.0
chs thì ngu nhờ ng gánh là giỏi,1.0
Địt cụ mày,2.0
k thấy ngon nha . 18 cành,0.0
ông này kém vô cùng,1.0
Chị ba .bản lĩnh con cháu hai bà trưng bà triệu👍🙏❤🌍,0.0
Trần Nhật Tuấn =))) Bú win lên này a,0.0
"ông mực tự cái mồm làm khổ cái thân mà :)))) đã feed còn chửi đồng đội, chứ ai tự nhiên đii nói ổng đâu, xong game thì thôi lại còn mời vào chửi tiếp, nói chung họa tự chuốc lấy thôi",0.0
Tuân Nguyễn no lai cay vl ra,1.0
Đần vcl,1.0
Theo ý kiến cá nhân riêng mình thấy bài hát này ko có chút ý nghĩa nghe có vẻ khá sàm ko hay ý kiến cá nhân nhé a hùng bàn phím né hộ,0.0
thì coi như k thấy cmt nta đi. Vào cắn làm choá gì,1.0
"Cái lỗ mũi như lỗ trâu mà còn ngột ngạt,hít hết cả khí trời của ngta rồi còn j.",2.0
Nhỏ này ranh con trong nhóm Dư Luận Viên của nhà nước ấy mà.cứ ai đưa tin Ji thì nó bay vào nói bất chấp đúng hay sai.ăn lương phải vậy bất chấp dân đói khổ.nó đâu đứng về phía công lí.nhóm tụi nó cả vào trăm đứa ăn lương vài triệu là để vậy.làm nhẹ dư luận khi ai đó đụng đến người chi lương nó...,1.0
Hoàng Tử Băng Giá đầu nó chứa cứt,1.0
Thứ nhiều chuyện,0.0
Đụ má mày nha - sử dụng fb ảo tạo nét à,2.0
Mực dốt cả đời bk rách thôi,1.0
Xl thì dc gì trọng tài lol,2.0
"Thanh niên cao to lực lưỡng có chân có tay mà đi cướp dị , nghiệp quá nghiệp",1.0
Con sv cày thuê bị hành cay đỏ dái hả :))),2.0
"Hieu Nguyen họ bùi ăn hết của ông nội m hả , đụ mẹ m lôi vào nói chung chung ý thức của m cũng như cc",2.0
toàn âm mạng có gì đâu mà khè,0.0
Nghề kiếm cơm của các thanh niên Nam Kỳ,2.0
T nghe thấy thích mà ae,0.0
Ai muốn thoát kiếp,0.0
Công an đâu rồi lên cơ quan trình báo còn bị chửi ko biết giữ của lên đây làm gì,0.0
Ngọc Liên nc nv nha homie :))),0.0
óc vừa th. Thế m nghĩ ai cũng cố tình vi phạm. R ng dân cũng bị gài bị dìu r bắt lỗi ko đúng đầy ra đấy. Ở đấy mà đạo lí,1.0
Troussier vô dụng. Từ chức đi,1.0
Ở mặt đường không đeo vàng và nói chuyện lâu với người hỏi đường. Là mất tài sản,0.0
Mấy thằng chó sủa bậy sướng được anh độ cho đi đóng phim =)),2.0
Đấm mẹ mày giờ,1.0
Trọng tài kìa,0.0
Bắt kém cực ấy nói thậy,1.0
Hai thằng giả vờ hỏi chuyện để 1 thằng hành động Bán buôn lời được bao nhiêu,0.0
Luật Sư Hà a ơi giúp cháu nó đk ko. Nghe tội vs bức xúc quá,0.0
Năm Lê Nguyễn Thu Hằng dm vcl bar con đeo khéo chưa đc 1p giật tung l :)),1.0
Vc thằng này cũng có fan à =))),1.0
"Đúng rồi, toàn bọn rẻ rách, cặn bã, ăn cơm ăn cức của Việt Nam mà mở mồm ra là chửi sằn bậy !!!",2.0
Gặp tôi là đồng đội tôi chửi cả lò nhà ông r =))),0.0
 vẫn bảo của t đc mà :)) ngu ác,1.0
Mày câu hay đấy nhóc,1.0
Xh loạn hết rồi. CQ hãy cho dân quyền tiêu diệt lũ cặn bã này.,2.0
Toàn là những con người thiếu ý thức mà ra cầu mong dừng lại ở con số này thôi chứ lo lắng quá đi cầu cho máy cha máy mẹ đừng đi tùm lum nữa làm khổ nhiều người lắm muốn chết về nhà đóng cửa chết mình mẹ đi,2.0
đập ngu như thầy thì mãi mãi cx dell lên đc +7 e thề,1.0
Mong pháp luật trừng trị thật nghiêm kẻ coi thường mạng người coi thường pháp luật. Mong cháu yên nghỉ. Thương,1.0
"Face you, ngày mai mày bị tai nạn chết cả nhà mày, còn mày thì bị mù mẹ nó mắt đi cho khỏi tốn cơm",2.0
T k thích k ưa mẹ này.... Mà dx cái chưit ngta nghe hài vcl bù lại củng đỡ 😂😂,1.0
Nhục cái lồn gì k biết?:)). Mệt người sủa ngu. Cút,2.0
Dễ thương gì đâu,0.0
Phương Nam ừ cô mà tích lại mà bán,0.0
Happy New Year coach !,0.0
Thằng ngu này t gặp mấy lần t thường cầm sett nó nó bú cu. Giờ t lục bảo 1 heo elo nó vẩn bk. Ngu đéo tả đc mà hay nổ haizz. Mầy leo ranh bằng nhân phẩm chứ kỷ năng đéo. Khéo sài hết nhân phẩm xe đụng mầy.,2.0
Bắt như loz thì cút về nha bú sữa chú đêy a tài ơi,1.0
Lỗi cái địt con mệ mày,2.0
phải kiện bồi thường chứ không nhẹ nhàng như v được,0.0
Đóng thuế thuê 1 thằng phế vật.,1.0
ma vương tới chơi broooo,0.0
Linh Nguyen trend này hình như có lâu lắm r nhỉ =)))),0.0
Bài mai dù,0.0
clm hẳn là trai alimi :)) bố m hài ỉa vào bàn thờ nhà m luôn th mực con,2.0
Công an đã vào cuộc,0.0
bọn ăn cháo đá bát,2.0
Muốn làm hot face không khó :))),0.0
Lỗi cái đjt con bà m thằng trọng tài m nghỉ vc mẹ đi,2.0
Con gia nay sao ra duong duong xe no tong chet me duoi gam xe,2.0
Ban vinh viễn cmn đi,1.0
Thế mày là con tinh trùng khuyết tật của tao à nói câu nào là ngu câu đó thôi anh không chấp lo mà giúp ba mẹ mày có bữa ăn ngon đi trl ngu dốt vc,2.0
Khéo nhung lại bị người khác lây sang 😂,0.0
2022 idol về VN rồi^^,0.0
Ủa tưởng ý thức người nhật cao lắm ?,0.0
mấy con súc vật,2.0
Họp báo m bảo hài lòng nhưng những người hâm mộ đội tuyển Việt Nam hài lòng vs m chưa? :((,0.0
"Thằng áp dê ngon thì nói cho thiên hạ biết đi, hay đi làm Thông ngôn cmn đi",1.0
" trang cty của Jack dĩ nhiên fan Ng ta vô xem nhiều rồi, thấy fan Ng ta đông quá, vẫn ủng hộ J bạn tức hay sao. Mà thường tức hay nói ngang lắm, hoặc tỏ ra mình hiểu biết thanh cao. Con người thiếu cái gì thì hay tỏ ra mình như thế.",0.0
Quá tệ hại. Ông nên xem xét lại trình độ của mình,1.0
Cho mìh hỏi là sách j đây vậy 😦😦😦,0.0
A mực kỹ lăng :))))),0.0
Đem đưa lên cơ sơ xo thẩm quyền THP bốc phân mà ăn :),1.0
Chả hiểu đẹp ở đâu,0.0
Ý thức như L..,1.0
đm thêm con ruồi mẹ n nữa,1.0
Trọng tài này bị mù mắt rồi,1.0
"Tội anh tôi, lương tháng 7 - 8 triệu, đến tôm nhỏ chẳng có mà ăn, chỉ ăn được mỗi cua hoàng đế và tôm Alaska😢😢😢",0.0
Bị ngáo cứt lợn 🐷,2.0
Ngọc Trang mua dưa leo chơi cho rẻ,0.0
khác gì bọn mọi đen ko? Bị sỉ nhục đéo dám làm gì,2.0
"Tụi mày tuổi lồn, nói thế cho nó vuông",2.0
Đcu bắt ngáo lòn,1.0
Con cặc,1.0
Nên xem trận indo đá thailand đi.để biết cách dạy học trò presing và chống presing,0.0
"Quay dính biển số xe 2 t kia rồi đó, có đăng xuất luôn mới thoát, mai lại lên trang đầu cho coi.",0.0
Tính ra tư duy ct như m ko bằng 1 champ đct nha :)) đánh rank bk đc game dương mạng,1.0
đánh trụ là win mẹ r,0.0
Djtme may,2.0
Xin lỗi cc. Địt mẹ mày,2.0
đã tăng 2 đến 7 thì dân lợi cái lồn mẹ chúng nó à,1.0
Do thiếu lozz ngọc trinh nên hôm qua tiệp hơi nông nỗi,1.0
Bộ trưởng quốc phòng hèn nhất LS VN,1.0
Fuck you mày thèn cho đẽ thái lan mua mày bao nhiu vậy,2.0
Trần Dần nói tro sướng cái lỗ mồm .hắn này về VN .thì phải tro ngay vào thường tín hà tây,1.0
chán cái địt cụ mày,2.0
Lũ ngu vô học... viết tiêu đề còn sai chính tả.,2.0
Xem phố bolsa chỉ vì nhà tiên tri zũ trụ trần dần,0.0
Thằng khốn nạn,2.0
Thời đại này sao có loại ác hơn giặc,2.0
Mày nghỉ luôn cũng được. Phát ngôn tào lao fan nó unfollow hết bây giờ,1.0
"Duy Phạm ngu bớt lên tiếng lại, sẽ có 1 ngày nào đó cha mẹ,con cái mày bị tai nạn giao thông, lúc đó sẽ hiểu nổi đau, còn mày nên học nội quy giữ xe đi, người ta giữ xe, Đảm bảo xe không bị mất, chứ đâu đảm bảo hư hại,bản thân tao cũng vi phạm, vào thấ… Xem thêm",1.0
chia buồn cùng gia đình kid cận huyết sua chill lofi đưa bà già kid về nơi 9 suối,1.0
idol m chừng nào lớn vậy Nguyễn Đức Long Minh Hùng,0.0
Đơn giảng vì luật pháp việt nam quá nhẹ tay và ko đủ tính răng đe. Nên tình trạng này cứ tiếp diễn hoài,0.0
Ghi k rõ rồi khóc lóc cái cái cái con con à,1.0
Cái lozZZ,1.0
đ.ụ m.ẹ mày ad cái link bấm vào coi chục cái QC nhảy ra,2.0
Bọn giàu mà mang thua người nghèo nửa đm chán quá,1.0
Vui...!!!!,0.0
đmm,2.0
Nguyễn Võ Hữu Châu cẩn thận mất việc nhé con,0.0
Thầy bói🙃🙃🙃,0.0
nó đu idol của nó một cách ngu muội mà =))) idol vô học sao fan vô học như vậy,1.0
Yêu cô quá,0.0
 Mả cụ mày,2.0
Đây mới 9 xác nha ace,0.0
dmmmmmm thằng trọng tài,2.0
Ông Philippe Troussier ơi !,0.0
m vs thg dog này giống nhau phết ngu + to mồm + thượng đẳng,2.0
Vẫn có 1 người tặng quà va len thai cho mình mn ạ.,0.0
trundlo ko co linh ma cap dc 2 cai tru luon,0.0
Xin cái địt thằng cha mả tổ cụ kị con mẹ mày,2.0
Địt cụ chúng nó muốn người dân chở về thời đồ đá mất rồi? Như thế này đỡ phải sử dụng phương tiện? Địt mẹ thằng nào nghĩ ra cái luật lồn này,2.0
Đit mẹ thua cái thể loại này,2.0
Lam sao ma co the tha loi duoc cho nhung  nguoi an noi vo hoc thuc nhu the nay. Bo tay.,1.0
kéo fame,0.0
Đitme ngần ấy tuổi r mà k biết đóng cái khóa quần vào thằng đĩ vượn này,2.0
cay hộ ông luôn đọc hết thấy 3 ông kia tự nhiên nhảy vào cắn tùm lum,0.0
Thằng này bị cả hội eva bốc phốt mà dm thằng add còn cố đéo chịu hiểu mà đăng lên,2.0
Anh Hong thay cái kiểu như nay thì đừng tiếp chuyện nha. Dat Vu,0.0
Địt mẹ thẻ đỏ coi,2.0
trán ngắn tóc dài mồm lai trung cuốc.,1.0
Tụt mẹ m ra cho nhanh đỡ phải mặc,1.0
tốc chiến đỡ hơn ff,0.0
Giờ phút hạn chế đi du lịch đi trời...,0.0
So so cái địt bà mày,2.0
"Sory cc, chưa qua đêm nay chính thức bay ac",1.0
lộ thêm chục bà mẹ đơn thân nữa :< . Mấy con ruồi phát sáng đang trong thời kì rụng trứng nên tụi nó mún mỗi tháng a cho 5 trịu :^,1.0
Thế đéo nào???????!?!!?????,1.0
Sau vụ phốt này t mới thấy tụi Fan Jack đốt với IQ thấp thật sự Kiểu ngu ngu kiểu gì ấy. T thấy ngại dùm. Mà cũng đúng. Thằng ai đồ nó dốt địt thế kia thì fan nó cũng thiểu năng ko khác gì.,2.0
Tử hình,1.0
nhưng thang ngu thương hay gay là mày đó troussier về pháp đi thang coho ..,2.0
Phải làm cho tới cùng nhé,0.0
Bắt cặp hỏi chuyện ra đồng bọn,0.0
Tụi này ác thật,1.0
Vl,1.0
Đm. Tao là CA thì tao có quyền nhé. Đm ad phản cmn động,2.0
Đang đá mà onl được à. =)))),0.0
Vãi cả cái còi ôm vòng theo cái ngực đô con 😂😂,1.0
fan cứng?? thầy lồn cho tao fan cứng chúng mày ạ .. yêu thầy dấu bé ba = )),1.0
0 bỏ qua pp,0.0
Chế độ nầy sắp tàn rồi nên hù thiên hạ !,1.0
TheDog fuck you,2.0
Cứ bắt rồi thả về lại đi hành nghề trộm cắp thì việt nam bao giờ mới hết trộm cắp được,0.0
toi dang xem gi vay,0.0
m chắt đồng 3 là ỉa chảy mòm thì hay chê,1.0
"má vào đọc thấy đốm an ủi các kiểu t cười đau ruột :)) , kiểu 1 lũ k não v :))",2.0
có cái DB bố mày tin ấy,2.0
"Đánh thì ngu còn toxic, dàn dựng ăn chia tiền kèo, r dính thêm cá độ :))))",1.0
má nó đồ cho để người ta bán xoi mà nó cũng lấy xe người ta Dược nữa mong mấy anh cong an truy bắt tui. nó lấy xe lại trả cho em bán xôi,0.0
Ngọc Thắng.. chở nửa đi. Vê mà cánh ly dần đi,0.0
Mai Hà vậy mày coi lại bình luận đầu tiên của mày đi . rồi mày biết mày nói ai . tao đã nói rồi vs như mày tao xin lỗi phải dùng từ ngữ như này để nói thôi . chứ người khác hoặc con chó của nhà tao tao cũng rất đàng hoàng đó,0.0
Cái lol má mày không cho thẻ đỏ,2.0
"đúng rồi. Fan tkg rách mới mất nhấn thức, còn đ’ nào tự nhận thì cứ vào mà nói :))",1.0
Coi mạng người như cỏ rác.,1.0
Đàn bà dễ có mấy tay_dinh thự của nữ đội trưởng đội chống buôn lậu,1.0
"Lên núi làm hảo hán, cướp của quan tham chia cho dân nghèo. Về đầu thú là tội chết.",1.0
bắc được chặc tay,1.0
nãy giờ dắk con nó ib chửi t quá trời,1.0
Thà bợ đít cs chứ ko bợ đít lủ chó chúng mày,2.0
=))) chơi với bạn là lấy 3m/1 buổi share ?,0.0
Đỗ Xuyên. Bình thuận kìa.,0.0
Gà thì chịu,1.0
Mẹ cái thằng não chó.... dân ta nghèo mới mới làm vậy! Địt mẹ mày biết cái lồn gì mà phán? Pape ngày càng xàm lồn,2.0
Bóng già,2.0
Bọn này nó lừa mấy thằng muốn ăn ko trời quả báo,1.0
🤣🤣🤣,0.0
Quả báo sớm den voi tui mày,0.0
"Là một fan cứng 200 năm của anh mực, tôi thấy lối lên đồ nước mắt + lá chắn đi với mọi kèo thực sự rất mạnh, dù ai có nói gì tôi vẫn ủng hộ anh ta, cố lên anh mực",0.0
bức xúc cái gì. Việc chẳng có lớn nếu nó không đăng bài nốc rượu... Bị mn chửi là sống bẩn vs thó 1 2 cạch mặt thì còn xem đằng này 7.8 người thì ăn chắc cái nhân cách r.,1.0
cái lol má mày thằng chó Qatar cút về quê hương m chăn bò đi. . Nhìn nó bắt lỗi cái mặt đúng đểu Qatar Fuck You Al-Adba,2.0
hahha cay là gì v em Bị chưởi tới trang cá nhân r dell biết nhục nữa,0.0
Bọn này bắt dc chặt tay nó,2.0
Ac nhơn,1.0
Con này bị thần kinh năng rồi moi người ơi.,2.0
"ý là giống như m dù ngu tiếng việt nhưng vẫn hơn con lợn hả , cô chưa dạy m ngu thì đừng hay ra vẻ à, đến tên idol viết còn k nên thân, chắc m phải cay lắm nên mới viết sai hết như vậy, thôi trả điện thoại cho mẹ rồi ra tập viết đi :>",1.0
Trời.tội nghiệp,0.0
Trọng tài chó,2.0
bố cái thằng cầm nick ảo ra rep đcu nhà mày,2.0
Nguyễn Nam chửi tụi nó làm gì ôn ơi súc vật mà có hiểu tiếng người đâu,2.0
đâu?? conten gì v.xử lý ngu cay bị hành r đổ thừa và bắt tao khen??? kkkkkk mày đã hài và tao đã cười,1.0
Con chó đã cảnh báo mà cứ mê trai khg để ý.,1.0
"Đủ trình k ???? Ảo tưởng thiểu năng, xấu còn đóng vai ác nữa ba :)))))",2.0
"Anh Nhi đúng sai ? T nói ko đúng hay gì, nó trộm xe ngta xịt sơn rồi nói của nó, t kêu nó ra CA xem xe của ai. Sai chỗ nào ?",0.0
2 thằng đều bẩn tính nhưng th q nó out trình th mực Nói r ngu thì câm,2.0
Đág yêu thật sự,0.0
Hoàng Hiệp KH ĐC SÓC E NHÉ,0.0
Ở quê vùng sâu vùng xa chỉ có mỗi cái TV xem vtv nên dân vẫn tin yêu đãng lắm!,0.0
Loại mày ngu hết phần xúc vật... Mày nghĩ lỗi vì phạm Là Tội phạm à ? Tài sản của công dân là Cứt à... Mô hôi máu thịt mới có được cái phương tiện.... Đó nhé,2.0
Đị mẹ mày,2.0
https://www.facebook.com/iigiz3 nick fake thôi nick của nó đây cơ,0.0
Nhường chị đấy cho em đi,0.0
loạn cực,1.0
So cái con mẹ m,2.0
Mẹ tao lạy,1.0
You look like sh*t,2.0
"Làm như ở dưới gầm giường người ta mà nói, ad nói chuyện ngu vđ",1.0
abe ngầu lòi,0.0
Ok Haha k dám dùng acc chính mà dùng acc clone sủa hả em traiii . Đủ chất là làm chó của rác 5 củ rồi đó,2.0
Mong rằng những công dân Việt Nam đang ở bên Nhật Bản học tập và lao động luôn giữ được sức khỏe tốt. Và đồng thời chúc cho Nhật Bản nhanh chóng vượt qua đại nạn lần này ❤,0.0
Biết là Nhật cũng có người này người kia nhưng chú bao nhiêu tuổi rồi mà hành động ấu trĩ như thế 😖😖😖,1.0
có ai hỏi rank gì à =))))))) tự hào mực con rank ct à hahahah,0.0
Ở nhà với a Chip già :(,0.0
Ngọc Như chắc là sẽ bíu ty phun lắm đâyyy,0.0
Cái đm,1.0
Nhục hơn cả chó,2.0
M mù ak,1.0
Lũ khốn nạn chúng mày sẽ phải trả giá thôi,2.0
Cho nó ngáp cho nó chừa Cho mày tin cs nhe con,1.0
Bay nick haha,0.0
Toan Le ngài cái đcmm ah,2.0
có thật là rank dct k v đánh cái rank bk thôi mà trông áp lực thế,0.0
Đéo làm even nho nhỏ giải nghiệp đi abe :)),1.0
Công an vào cuộc chắc sớm bắt đc thôi giờ chạy sao cho thoát? Bắt ca bọn luôn,0.0
gì vậy má nó có thật là nó bán cho báo lá cải nó tung rồi chứ đâu rãnh tung chùa cho bà xem miễn phí vậy. Chắc ba ghi âm làm nhạc cùng nhau rồi khịa nói tung lên thôi. Nó mà làm vậy ai dám làm việc chung với nó. Bình Gold tặng nó bài diss chưa sợ ak,0.0
Rồi kiện chưa,0.0
Lên top chỉ qua được ng ta ủng hộ sau vụ việc thg KICM nhạc dell hay chổ nào,1.0
Quang Huy thế nghe j là giáo viên tiểu học chưa,0.0
Sr cái lol mẹ mày,2.0
Bạn cố chấp và đang phá nền bóng đá vn,0.0
Trọng tài như cái đầu b**,2.0
hẳn đi tù :)) nói câu như cái gì cũng biết,0.0
"Mày chửi LQ xong bị thằng âm binh 11 nó lừa cho hơn trăm triệu, nhục mặt, gậy mày đập vào mặt mày ,đáng đời, chửi người ta làm sao mày gánh hết.",2.0
đcm. phạt! phạt cái loz. cáu!!!,1.0
 giải trí điên =)))),0.0
Chỗ xe này riêng tiền hút xăng cũng nuôi được bố mẹ rồi,0.0
"anh yêu em, cưới ah đi",0.0
Đại cao thủ bú win mới đúng chứ hết thời cái đầu buồi,1.0
còn mình không đồng ý khi bảo bộ đội là chính quyền,0.0
"tớ khởi nghiệp bán giày Authentic , bạn nào có nhu cầu mang giày real đi chơi Tết ib mình nha Duh Thrift Store",0.0
"đáng, thua là đáng :)))",0.0
Lo ăn lo cướp tối đa thì lãnh đạo gì,1.0
"Đĩ mẹ nhung, lựa đi em",2.0
Cần info Áo.,0.0
Đập tai nghe đập cù chỏ đây rồiiii :>,0.0
Dờ.... đéo phải đờ nghe chưa thằng hl :3,2.0
Cmm mù à,1.0
từ khi nào đụ người ta rồi bỏ được tung hô nhỉ :))) Victim blaming vừa thôi ước gì đầu mấy fan rách nó sáng chứ không phải là đít,1.0
Đm dlv bơi hết vào đây,1.0
Tội cho chồng cô ấy,0.0
Quan vn chúng nó tham vl...địt con mẹ lũ quan tham,2.0
đến lúc vr tung ra hàng loạt tật xấu thg rách thì nó mới khiếp chứ h nó còn khinh thường lắm,1.0
kêu thằng rẻ jack idol m chịu trách nhiệm vì k bao đi xong anh t chịu trách nhiệm cho,1.0
trình m đến đâu ?,0.0
Gái mẹ n,2.0
H content là z ha mn . Kiểu xem khá ức chế khi chiêu hụt là chửi thề hò hét vcl=),0.0
má coi y chang như nó nhìn mình nó chửi vậy. lol,1.0
giữ xe thu tiền mà mày nói vậy nghe sao được,0.0
Anh Duck sao mà nó liên mồm được nhỉ =)),0.0
"Làm như ở dưới gầm giường người ta mà nói, ad nói chuyện ngu vđ",1.0
Dm... bạn ở đâu mà hỏi câu dốt vậy.... ở vn .... công an... làm gì cũng được.,1.0
Bắt xong xl chắc tao đập chetme mày quáaa =)),2.0
phò cũng là 1 nghề chân chính đấy đm thằng ad,2.0
"Bị chửi nhiều quá xong bày đặt trả vờ đăng stt ""nghĩ content gì tiếp đây"" :)) người ta diễn để tạo content không nói. Đây cư xử như 1 con chó ngu, nói toàn Xưng Bố với mày, người ta thì Anh-em, trông chẳng tôn trọng ai cả. Nhân cách thối",2.0
Sorry con cak,1.0
Tởm l dmm,1.0
Đm cú vl,1.0
Dẹo dẹo cho cố,1.0
ngu lol cay quài dị kkkk. nhục lol,1.0
Nguyễn chả bù chỗ bạn hành xe máy còn đắt hơn cả ô tô =)))),0.0
Lỗi cái lok,1.0
vậy mày vô đây sủa làm cc gì tml,2.0
"Đù dại ghê, bọn đấy ngày nào nó cũng lên Phường xiên cho nó 1 cái, đuợc tiếng luôn, vào khám mấy anh chị cũng thương, xiên hết mọi thằng trên Phường luôn cho nó Sum",1.0
Mã cha cụ mày,2.0
"Nó đi 2 xe 4 thằng, trộm cướp giống người vậy...",1.0
Mời Dì Hai (ca sỹ Tuấn Phong) đi Anh Chị ❤️❤️,0.0
Thấy trai là tớn lên,0.0
Xứ sở chộm cướp,0.0
Ra tay nhanh lẹ thiệt,0.0
Sorry Việt Nam =)))?? FAKE?,0.0
Dân Hà tĩnh công nhận lắm đệ tử của Ducangter thật,0.0
"Lời thật lòng gửi bạn : Rất thương và nể những người lao động chân chính như bạn.Nhưng loại hình bạn kinh doanh, mặt hàng cũng có rất nhiều người làm.Vì vậy bạn cứ làm việc nghiêm túc tự nhiên sẽ không còn những chuyện bực dọc và công việc sẽ tiếp tục thận lợi.✊",0.0
Đang khoe đú trend mà nhớ nhung gì dở đây má ><,0.0
 thế còn cái sự thật vụ chối bỏ con thì sao ạ:lll,0.0
thì lũ rẻ jack cấp 1 ở đâu chả giống nhau,1.0
"ở nhà live không sợ nhục, chứ ra đường để nhta chỉ chỉ trỏ trỏ có khóc như cho’ không=))",1.0
Hữu Khánh ờ chắc số khung xe để trưng,0.0
vé máy bay giảm mn đi du lịch Châu Âu nhiều nhỉ :))),0.0
"Ông tập trung đánh trụ là win r , còn ngựa ngựa quay qua combo con LB",0.0
Ủng hộ công ty ủng hộ Jack,0.0
Con chó có biểu hiện lạ .. nó đã phát hiện ra điều gì đó,0.0
cay chưa thằng đầu tôm :)),1.0
Ủa tưởng a nghỉ,0.0
Bị đấm gãy cmn răng,1.0
Chấn bé đù =))),1.0
Quỳnh Trang đọc máu t nó sôi sục sục,0.0
Có tiền mà xài không dc cũng zay... 😂😂,0.0
tính tiền cho thầy :v,0.0
Xã hội bồng bềnh.,1.0
Sorry? Cmm,1.0
Bắc kì bắc kỳ bắc kỳ lêu lêu :)),2.0
Cực kì khuyết tật,1.0
Đm thằng trọng tài,2.0
Admin ban bỏ những thằng câu like chúc năm mới giúp với. Dị ứng bọn này vl,2.0
Ra đường nhớ cằm theo não,1.0
Cô nghỉ livestream 3 ngày là biết cô nhìn thấy gì rồi luôn :)),0.0
Sory con me may,2.0
V: ai đó giải thích cho em cái gì ló ra đằng sau kia,0.0
Xin lỗi cái địt thằng cụ mài,2.0
Roi thang be con song k e toi qua vay,0.0
Mọi người thấy ông thua ngoo do không chịu đánh nhà còn tôi thấy 3 Q ra đất,1.0
Nhạc lần này của ổng m.n phải nghe nhiều mới hay 😅,0.0
thằng k b’ nhận tkg là tkg fan rách vậy thôi!,2.0
"Mấy thằng cho để,",2.0
"Bà nầy nói chuyện ko có văn hoá , ko biết xấu hổ",1.0
Bắt đc đập chết me chung no di,2.0
não chó thì câm đi,1.0
"May Cha  H O an Tro. Cap.  Ranh c. Di ngoi le.  Nhieu chuyen.  Do   Cai Thu , do tam than",2.0
Bắt như mắt mù! Ông xem lại xem những tình huống ông bắt đi! Ông là trọng tài phai công bằng! Ông cũng đi lên từ cầu thủ đấy! Bắt như thế ông nên nghỉ đi! Gây bức xúc cho dân tình,1.0
Cũng ủng hộ ông trouie từ đầu tới cuôia,0.0
ngu lol bị vả dél biet nhục.kkkkk cay thoi cay quá phải vào fb chửi. đúng trẻ rranh,1.0
Keu con linh cá lóc về vn đi c hiếu đập vô mặt nó,1.0
BỌN LINH CẢU ĐẦY ĐƯỜNG,2.0
Thối nát lắm r,1.0
5 nghin do cai dau buoi toan mom,1.0
bú win à,1.0
"Tội nghiệp em bán xôi,đm thứ trâu bò cũng không bền đâu sẽ có quả báo",2.0
Xấu vlol,1.0
Má đọc tn mà máu chó chứ tr,1.0
Anh Việt ăn bưởi k,0.0
Người Mê Viết rồi liên quan gì đến mà vô cmt ghét thì chặn đi ai mượn xem,0.0
"vãi lôn, cái kèo rank bk lỏ cũng up là shao anh",1.0
Đu càng sang cali đi thằng con roi phản động,2.0
"m đi kêu thằng virus ra mặt đối chất hộ tao cái, chứ đúng quá sao xóa clip rồi trốn luôn ko chịu phản hồi khi ngta liên hệ ,m đọc cái thông báo cty nó mà m ko hiểu hả ? Nhận thức m để rớt đũn quần hay gì",1.0
Tạm giam mà còn lên fb ns phét đc nể cái pháp luận thật,1.0
Bắc kỳ cũng là người vn mà nó chửi như có sách con này k bỏ qua cho nó được,1.0
"phú bà ơi anh yêu em , em lấy anh đi",0.0
Haaaaaaaaaaaaaaaaa.,0.0
Não chó,1.0
Dàn cảnh. Có ăn chia nên lộng hành...,0.0
May thang nay roi cung phai tra gia dat thoi,0.0
Như thằng trẩu :)) bảo sao cái đầu mãi đéo lớn,1.0
Phong Nguyen zị đó he,0.0
"Hiệp Đinh m muốn đi hiến máu giúp họ, nhưg khi hiến rồi mới biết bị nhiễm thì sao hả thằng bàn phím , đầu to mà óc cứ như củ cứt 🤗🤗🤗",1.0
"Xe mới bị xử phạt, nó méo thèm quan tâm. Đám dân đen như mình dám ý kiến",0.0
"Ae bình tĩnh, acc fake",0.0
Ok Haha :))) bố 1989 đấy conn zai ạ . Bọn không có nhân cách thì cứ phải chửi thôi,1.0
Fuck mẹ m,2.0
Feed tụt lz xàm cứt,1.0
Nó khóc là vì lũ xủ nó( đồng bon) vẫn còn ngồi trên kia phán xét sinh mang nó,1.0
Máy bọn này chặt tay nó lun àk,2.0
Bác Trần Dần năm nay bác cũng già đi nhiều rồi.Bác cố gắng giữ gìn sức khỏe để vượt qua mua dịch này❤️❤️❤️,0.0
Nguyễn Quang Minh óc ch.o,1.0
Xin lỗi Việt Nam ? Muộn rồi,0.0
thằng ad này não bị delay 3 năm à :)),1.0
ViruSs vừa lên bài chửi thẳng mặt Jack lun rồi nhé quả này căng phết rồi đấy Link bài đây https://fecabookk.com/posts/id=10065010324009568,0.0
"Éc, ko cần tiêm hockmon mà cũng nữ tính vậy luôn.",0.0
Bọn cặn bả xã hội,2.0
Công bằng chỗ nào:)?,0.0
So máu lz đitba thằng bị thận này,2.0
Sorry cái loll,1.0
"ít lên tiếng cl, chuyện gì nó chả lôi công ty ra nói, bản chất rẻ Rách",1.0
Chống tham nhũng ở ViêtNam như kiểu con Mèo ăn miếng mỡ thì bắt được còn Còn cọp ăn con hươu thì đeoa bắt đc,1.0
Mấy người bịt khẩu trang tốt nhất là đề phòng,0.0
Best cà khịa =)),0.0
Tui vẫn ủng họ cổ vũ hlv trường vs cả đội vn,0.0
qua nó chơi 2 game thua cả 2 . Duo vs th 1-8 game sau 1-7 . Nó jg âm 1 mạng cả 2 game =)) trình k có ảnh cay,1.0
"còn live đó , xem thử đi =))",0.0
đã phạt chúng tôi rồi bg con xin lỗi,0.0
Xã hội h nhiều thể loại thượng đẳng hay đánh hội đồng kẻ yếu,1.0
Đcmm đi chết đi:)),2.0
xàm lồn,1.0
 ảnh cay =))))),0.0
đm bọn trung quốc chó,2.0
Quốc Thắng bảo sao top mình lúc nào cũng yếu,0.0
tao cười ia ve may troussier a xl,1.0
Dân InDo thì m nge làm lol gì??? K thích thì câm họng lại ok chưa lên đây sủa làm cc gì.,1.0
chẳng phải thiên đường người ta di chuyển bằng cách cưỡi mây hay sao ? lẽ ra họ chỉ xây cầu bằng xốp thôi.... nhưng vì lương tâm của người kongsan nên họ cho vào thêm bê tông và ít cốt thép đấy ! bà con ở thiên đường cứ học cái tính càm ràm vớ vẫn của bọn giãy chết !,1.0
"miệng thối rẻ rách, câm đi thằng ngu",2.0
"Thật sự từ lúc chưa có drama tôi đã thấy th này nó cứ đơ đơ thế nào ý, trông nó đánh như mấy th vàng rách mà cũng lên live. Cách nói chuyện thì như cái th thiểu năng, đ ngửi nổi",2.0
cố lênn tâm sự nhà single mom haha,0.0
Xin cái địt bà nhà mày,2.0
Đúng là tàn ác hơn loại con trùng . K có gì tả nổi . Mong cơ quang ra luật trộm cấp xe bị chung thân,2.0
Láo,1.0
Cắt con cặc m ra rồi tụi t còn thể suy nghĩ,2.0
Xem ma tuc oi mau. Co 2 hop xoi no no long nao no an giut. No an 2 goi xoi do no trao mau,1.0
Jack nuôi cmay đồng nào mà cmay bảo phảu bồi thường cho idol của chúng m thế haha,1.0
Không phải tụi nó sợ mà tụi nó thù dai. Vì tụi nó là lũ sức sinh.,2.0
Cút đi,1.0
Đừng có mơ nữa đóng thêm tiền giữ xe nữa,0.0
Dlv sủa hộ ?,1.0
đcm sound effect đỉnh vc,0.0
Con này đang tụng kinh hay đag đọc ráp vậy trời,0.0
Diện Trần có con rồi mà như thằng trẩu :)),2.0
Yeu nhau ko bao giờ được dụ nha anh . Nhưng mà phải Liếm lôn nha a 🤣🤣🤣🤣🤣🤣,1.0
"3 thanh niên sức dài vai rộng, k làm mà đi ăn trộm xe của cô gái",1.0
Giống giọng mèo xi măng vậy,0.0
Dm lũ quan tham bán nước.,2.0
Ủa mày làm chi dị rồi mày nói xin lỗi ủa mày xin lỗi rồi tỉ số có gỡ lại đc ko,1.0
Đồng bọn phối hợp !,0.0
Khổ cho cô gái bán xôi,0.0
Sa thải HLV này ngay và luôn,1.0
Con nay dien nang qua,2.0
mấy cái thứ bắt chước trộm hình của người khác như mày muôn đời nát. Kinh tởm. Người ta đăng từ hôm qua thì mày ăn cắp hình rồi comment lại câu view hả mày? Tưởng vậy hay ho nhưng ko ai ngu như mày để mày qua mặt đâu.,2.0
"Phương Dung Nguyễn chị chơi vậy, ai đ* chị",1.0
"em thấy chị cũng còn tươi á, hay ra cho a tứn phối giống rồi chị tự nuôi con 1 mình đi chị",0.0
Bọn này bắt được nên bắn chết,1.0
BeKia dùng kungphu muray v mà mắt trong tài để đâu vậy,0.0
dàn cảnh rất nhuần nhuyễn.,0.0
Sory cái đm mày,2.0
Lê Đức Minh đến giờ vẫn thành công mà ?,0.0
Thơ Tỷ,0.0
Ns thật đừng buồn do ông ngu vãi lzz,1.0
Hết thời,1.0
"Không phải tự nhiên bỏ công ty rồi làm vẻ tội nghiệp được đàn anh và bên faptv cứu xong giờ hỏi xem họ có coi ra gì ko, bỏ vợ bỏ con, khinh thường đàn anh, làm màu trên sân khấu bao nhiêu show bị khán giả chê, dính bản quyền gần nhất là ido… Xem thêm",0.0
Ông biến khỏi Việt Nam chúng tôi đi đồ HLV đầu bò trả hiểu gì về bóng đá Việt Nam,1.0
thầy lồn,2.0
Nhét con kia vào quan tài giùm tao cái. Clm nó,2.0
thằng bạc rách bú của ai chụp z,2.0
Kai dit lon mẹ nhà mày trọng tài lôn,2.0
Anh chính thức thành kẻ thù không đội trời chung của đám dâm lợn viên. Hihi,1.0
"Chúng nó giỏi thế mà không lấy của nhà giàu,lại đi lừa nhà nghèo nhỉ",0.0
 why cái lồn mẹ mày,2.0
độ bad trip 😞,0.0
spam kinh quá Mạnh chưa j lôi bố mẹ ra rồi hả Ruồi Mạnh biết phát sáng,1.0
"Chó cắn áo rách,khổ thật",1.0
"m bênh con nhỏ cmt, con đó bênh rách thì khác đéo j m bênh rách nhỉ? ko bt đứa nào ko có não. Đã ngu thì nín",2.0
Viet nam mà !,0.0
Đánh ngu bỏ mẹ ra :))),1.0
Cường học ANND là hiểu rồi. dm đám côn đồ tụi mày là tay sai cho cái lũ lảnh đạo bán nước đây mà,2.0
Kda toàn âm mà úp lên khoe tự tin vl:)),0.0
@Sơn Hoàng học hành đi má~ về nhà r cày view nha ;),0.0
Xa La Công Tử share về các page,0.0
Xong,0.0
Nhìn anh rất giống gờ đờ ra gon,0.0
Cởi thì cởi mẹ ra không thì mặc mẹ vào 🙃,1.0
"giết người đền mạng ,bố tù chung thân , tk lớp 6 đi cải tạo đến năm 18 thì cx đi tù chung thân nốt",1.0
Trần Văn Tuấn .dòng họ thằng đó làm trong ngành...,1.0
Một  phút  bóc  đồng  bằng  cả  đời  bóc  cức  😂,1.0
Sorry con kẹc,1.0
Xl có tay sao ko bắt,0.0
Gà mà oai vcc,1.0
Ad ngu như 1 con chó....xh nước nào mà ko có cướp giật.....chẳng qua là kéo giảm chứ làm cc j hết tuyệt đối.....mày ăn cức nên não mày ko phát triển hả ad!!!,2.0
ĐẦU BUỒI!,1.0
Bitch's cunt,2.0
Mày cút đi thằng chó,2.0
"Đạo đức con người xuống cấp trầm trọng lắm rồi, thấy xã hội này buồn quá.",1.0
Yêu vs cả đương :)),0.0
 why củ loz nhà m à ?,2.0
Xã hội cong vòng,1.0
Chắc Tiệp nghĩ Tiệp là hạng Thượng đẳng :)),1.0
"Bắc năm, trung, tây 1 nhà",0.0
Lối đá xà lơ thì có chứ kiểm soát. Kiểm dc cái lồng mẹ nhà ông,1.0
Trư Bát Giới ngọc trinh dáng ngon mà cái mặt t thề nhìn tắt nứng,1.0
Đù mé,1.0
Tú said : cái lol j vậy abe,1.0
tôi mong chúa hãy đưa cả gia đình ông đi chết hết,2.0
Thế cơ á,0.0
"Thằng chó, nghĩ mẹ mày đi",2.0
câm cái mồm vào,1.0
Thăng đit lao nên lam quan chăng thê.cho va cho,2.0
"Phải gọi phòng csgt là độ phá hủy tài sản của dân ,dân đóng tiền bãi mà nó để xe dân ngoài mưa nắng như vậy.",1.0
Lam sao ma co the tha loi duoc cho nhung  nguoi an noi vo hoc thuc nhu the nay. Bo tay.,1.0
VỢ JACK5TR BẾN TRE,0.0
Ông là lỗi nhục nhã của gia đình ông,1.0
Chửi thằng nguyễn sin đi chị thằng này ác lắm. Hình như mũi chị Hiếu hơi lệch á.,1.0
"Giống mấy thằng fan NTN. Chê thằng NTN làm video thiếu ý thức xong nó nhảy vào bảo "" có bằng ngta không mà nói"" clm =))",1.0
Thành phố an toàn lắm mà,0.0
"Cô chuyển giới từ xưa mà nhìn cô không nghĩ là người chuyển giới luôn, xuất sắc <3",0.0
Bài học cho sau này ....thận trọng ko bao giờ thừa .,0.0
Khó chịu vl,1.0
Chơi ngu thì có gì mà phải cay ko có thực lực ko gì phải buồn cả,1.0
thailand mua nhiêu dị?,0.0
Bùn lắm lun,0.0
jack rẻ rách bỏ vợ bỏ von uisss jack ăn cứt đá bô,2.0
Đánh ngu bm ra,1.0
2 cái lỗ mũi to zậy mà vẫn thấy ngột ngạt là sao nhỉ🙄🙄,1.0
Xin l.ồ.n mẹ mày à,2.0
"đúng là lũ trẻ trâu Nam kỳ, chả ra thể thống gì",2.0
Bắt chưa 3 thằng nhen mấy c.a,0.0
Ông đi về pháp mẹ đi,1.0
"Ủa a, bắt kỉu zì thế... :))",0.0
Người bán chúng nó cũng ko tha,0.0
Tấm đầu tìm mãi mới thấy anh chả =)),0.0
Cái loại mặt lồn thì mãi mãi là kí sỉ lâu thôi tk db,2.0
cực kì thuyết phục abe,0.0
Con mẹ kia bị qq gì ghê v ? Dẹo thấy gớm,2.0
Tiền bợ dái của thằng đăng bài là 2 xị. Nó đi ỉa xin vào bóc cứt ăn nữa để được trường sinh bất tử. Địt mẹ m thằng đăng bài!,2.0
"Óc của thằng ad dc cấu tạo từ cức các loại động vật....bởi ngta chửi ngu như cức...,",2.0
"Nguyễn An Huy vâng a đẹp trai như lệ rơi ạ, đẹp như ma chết trôi, mắt lé môi trề. -10đ ạ ko ai dám đẹp như a. T có nói t đẹp hay gì mà cần m sủa v ? Chê t xấu coi chứ sau này con m lại giống t á chớ",1.0
xem bình luận phía dưới chửi đầy ra là hiểu. xem cả cái cách solo thua người khác bị hành là thấy nhục rồi :)))) toxic + la hét = óc chó kkkkk,1.0
Nát hết rồi,1.0
"Mồ tổ cha mày. Đăng mà cũng lược bỏ đi chi tiết: Cty hổ trợ 1thùng number one, bình đựng nước đá. Nhưng anh này...tham thêm 1chút là đòi 10 thùng number one. Đừg ngu mà tỏ nguy hiểm nha ad",2.0
"kẻ nào giỏi phá , ăn chơi , mất dạy , lưu manh , đều là bằng cấp lảnh đạo Việt Nam!",2.0
"Gọi làm gì ? Nó láo thật , nhưng rõ là chửi đúng , thằng kia đúng là ngu mà !",2.0
Cờ giáo hội....tượng trưng cho hòa bình vs công lý. Ko biết sao,0.0
Cho chừa tôi mê trai,1.0
Vu Quynh Huong vãi lol,1.0
ngu,1.0
"Chị nói đúng quá. Trời mưa còn tắc đường nữa. Đi ô tô thì còn lâu mới thoát, chứ đi xe máy thì tí là lách đc rồi =))",0.0
Dcmm . Khốn nạn . Chó cắn áo rách,2.0
Đấm trộng tài một cái cho đã cái tay,1.0
K thoát.camera đầy đường.nghiệp vụ túm đầu hết,0.0
"Hoàng Văn nếu là nhà tài trợ thưởng thì ko mất thuế,nhưng sợ ko biết có tới tay mấy e đc ko nè",0.0
Gay to vl :))),1.0
Mực óc c đk ae,2.0
Chừa cái tội nhây,0.0
ủa là con gái là con trai không được chửi hả. T chỉ tưởng không được đánh con gái thôi chứ,0.0
Cầu trung văn - mễ trì,0.0
Top 1 mn êyy ở nhà xem giải mn êyy,0.0
aatrox nó gàaa :)),1.0
Thầy ơi có cô kiếm thầy nè :)),0.0
Ủa làm sao thấy bị gì đâu,0.0
"Chúng mày là con hoang, còn bọn tao là con nhà nước, mày hiểu chứ",2.0
Biến con mẹ mày đi thằng lol. Fuck,2.0
Con nay tamthan nangkhung batron,2.0
"Đ*t con mẹ. Đang ăn cơm nghe đến đoạn bôi c** mũi,c** mèo Đức Phan ạ :)))",2.0
Nói thật.. pháp luật phải thật mạnh tay cho những kẻ này. Theo thái lan trộm một chiếc xe phải ở tù chung thân...,1.0
Hiền dữ chưa,0.0
"Bọn này bắt đc cứ cho chătj cmn hai tay đi , ko cần sử lội làm j cả",1.0
Sống mấy chục năm đi làm conttent bẩn để người ta ẩu lên đìa cả họ =]] mấy đồng bạc lẻ có đáng không?,1.0
trầm cảm vì làm fan của đóm có bóng đèn ở đít à mà thôi không trêu ban ! ;)))),1.0
xin lỗi rồi Việt Nam có thắng đc ko,0.0
Woh Wh chia buồn cùng gia đình súc vật nhạc giật giật của rác 5 củ bỏ con,2.0
Chửi cái l linh cá lon,2.0
Co kg chi,0.0
Tao chịu status này đó AD tụi dlv nghe nhột ko tụi bây kaka,1.0
Toan đựng bọn ngu phá hại lên làm quan nên dân nuôn đời vất vả nếu ko nhôt bơt cái bọn ngu ấy lai,2.0
Xin Vĩnh Biệt :))),0.0
"Chúng tao không cần mày xin lỗi,. Mày nên làm trọng tài cho hội bóng của người khuyết tật khiếm thị( mù ) đó",1.0
Địt cụ trọng tài nhé,2.0
Pham Yen Nhi,0.0
nó chơi luật rừng thì mình chơi luật rừng! mạng đổi mạng! đéo phải nói nhiều! Bức xúc làm cc gì,1.0
3 thằng chó,2.0
Bán cả mấy năm mới sắm dc cái xe .đm bọn trộm cắp,2.0
"cay lỏ dái chưa, jack ngu",2.0
Anh bom đâu nhở không cà khịa nữa à :)),0.0
"cũng là tự nói mòm là liên hệ thôi chứ chưa chắc đã liên hệ đâu mà tự hào, mà còn phải là liên hệ ntn nữa",0.0
Cút về nước đi,1.0
"cái loại m chỉ được cái mỏm thôi, có gan gây sự zới thằng b t được mòa lại đéo có gan đưa địa chỉ thật à? Nt thì lươn lẹo? Nhục mặt mấy đứa zân xh trong nam vcl",2.0
"bớt nổ đi , xạo l có gì hay, đừng phá nửa",1.0
Yên Chii dcm đã nói câu này biết xinh quá trời quá đất r,0.0
"Muộn rồi không cần xin lỗi ok,thứ như ông chúng tôi không cần câu xin lỗi",0.0
"mtp mượn tác phẩm GD, sky sì ke",1.0
Cho em lên fan cứng cái anh êy😘😘,0.0
Tính ra liên minh có mấy khứa này vui phết nhỉ,0.0
Xin cc,1.0
thôi cháu. sủa cái đel gì sủa dai thế .chú del rảnh nhé .chú mắc ngủ vs mẹ cháu ròii. cút dc rồi cháu ạ :))),2.0
khổ thân cmt ko ai like cho lên top,0.0
"ngta thường nói người Việt nói đường làm nẻo, và đây cũng là minh chứng cho câu nói ấy",0.0
Giống LỆ RƠI ở việt nam kkk,0.0
"t thích em quyền ghét mực vì mực nó tôi cao quá, mà coi xong clip đó tội mực ghét thang quyền bẩn tính vcl",2.0
đòi lại công bằng bằng cách bỏ con và chu cấp cho 5tr,1.0
xin cái buồi nhà mày ý bắt như cặc,2.0
liên quan gì? Quan trọng tang vật là tài sản của ngta,0.0
Thg này giả đấy mn,0.0
Con ngu cha cũng lú rồi cả lũ vô gông,2.0
Thằng già kia đứng cười chứ :(,1.0
Tài sản của dân như thế này đây,0.0
"6k/1000 Follow Facebook, ai mua ib mình nha cân gdtg, cảm ơn mọi người ạ",0.0
"ĐỘI HÌNH TUYỆT VỜI. 1 NGUYỄN PHILIP, 2 H T TÀI, 3 DUY MẠNH, 4 VIỆT ANH, 5 TIẾN DŨNG, 6 VĂN THANH, 7 HÙNG DŨNG, 8 HOÀNG ĐỨC, 9 QUANG HẢI, 10 CÔNG PHƯỢNG, 11 NHÂM MẠNH DŨNG.",0.0
Phê quá Ae,0.0
"Xin cái con cặc,cút mẹ mày đi",1.0
Ong noi nay khung khung ngao da ma,1.0
Tối nay tầng 7 của gaming house có người ở rồi :))),0.0
Nay live kênh mới hả a3,0.0
Chị nói hay thế,0.0
Trần Long hahahaha,0.0
Khẩu nghiệp quá. Con cháu nghe xấu hổ chết.,1.0
"Con chó nó phản ứng là hiểu rồi, nên đề phòng",0.0
Dlv dlv dlv 1 ổ kinh tởm thối tha hèn hạ dm nó khoá cmt k thì zô chửi cm nó r,2.0
Nghĩ là vừa đó lol Trọng tài,1.0
cày thuê rank bk cc j mà kda như lz z ba,1.0
Lỗi ccc,1.0
Đánh 3 acc up kc mà acc nào rank này cũng gặp =))))) kẹt rank gì ghê dữ vậy,0.0
Ngu như 1 con dog,1.0
ngu thì thua,1.0
ranh con vắt mũi chưa sạch,2.0
Trước khi làm gì cũng nên lắp não vào rồi làm gì thì làm chứ. Để não thành hoá thạch à,1.0
má =))) tao là 4 thg còn lại t chửi thối mẹ m đầu,1.0
còn bỏ con nữa thế thì chịu rồi,1.0
"Cai lol me tui may nhìn đi , tui mày nhin cho ki anh ba chỉ làm dc một lần nv thôi , dc chưa , cđm tui mày",2.0
Chị em mà,0.0
Rên rên nghe kinh vl :)),0.0
Trần Thị Ngọc Anh nếu ngược lại thì sao con mặt lòn.nếu nó biết bị bệnh rồi đi hiến thì sao.😊,1.0
"Đcmmm thằng svh này, mặt mày nhìn hãm loll quá mày cút ngay khỏi đất nước tao",2.0
xin lỗi cái gì mày bắt như cứt,1.0
Thầy em là phải hơn. Nhưng ngu hơn ă🤧,1.0
Trời ơi! Thương em thì lên tiếng để bảo em ấy và pháp luật xử lý nghiêm minh làm bài học cho toàn xã hội.,0.0
Tới công chiện ó chớ xin lỗi,0.0
O lại đi vn có tiện nhiều lam ngồi đở ăn cả đời ko ht dau,0.0
"Nguyễn An Huy mắt m lé à nhóc, mở mắt to ra tìm cmt đi con, thằng đần độn ngu si",2.0
Đây mí là fb thật nhé ae,0.0
Xin lỗi cái địt con mẹ mày,2.0
Phạm Minh Tuấn cày vew nhiều quá mà. Nghe 1 lần là bt như nào r,0.0
Tú đã sẵn sàng,0.0
nó ăn lương của nhà nước chưa no nó còn ăn cướp nữa mới đầy túi,1.0
Chửi xong rồi khóc như chó năn nỉ công đồng,1.0
Bùi Nga Quỳnh Anh chán chị :(,0.0
Lũ chó chết. Đkm loạn mẹ nó rồi. Xh như lồn,2.0
"Thứ này t thề bắt được, phải bẻ tay hoặc chân nó, k bao giờ t có lòng từ bi với loại này",2.0
câm cái mồm thối của mày vàoooo,1.0
đít xanh đít đỏ ăn ns lấc cấc,2.0
má mày,1.0
"quan cs ở xứ thiên đường thuộc bài kinh luôn ,mở mồm là "" ơn đảng ,ơn chính phủ..."" còn thằng quan tư bổn giãy hoài ko chết cũng thuộc bài luôn nhưng bài của nó là "" tôi xin chịu trách nhiệm ,tôi xin từ chức... """,1.0
Duy Trinh nói vậy củng chưa đúng hãy xem lại cách cô gái này đứng nói chuyện với hai thanh niên nhiều lần sẽ nhận ra có cái gì rất lạ mà cô gái bình thường tiếp chuyện sẽ không có,0.0
nó ngu còn m cỡ nào,1.0
xin con cac,1.0
đó là sự tinh tế kèm theo một chút vãi loz.,1.0
"vi russ chỉ là con vi rút thôi mà, nó ko cư xử như con người được",2.0
Hãy biến đi đến Indonesia mà không thằng nỗi thì làm sao mà đói tham dự world cup 2026 được chứ tôi sợ là có không ăn nổi thái Lan,1.0
Đề nghị công an xử thẳng tay. Đồ ác độc quá mình muốn sống mà không cho người ta sống xử chạm cả 3,2.0
Đớp cho lắm vào,1.0
Tươi dị hả thầy yêu,0.0
"Ông chỉ đáng sách giày cho ông Chung,Ở pâc",1.0
Tưởng mèo simmy không ghê vãi,0.0
"Thằng ml nào đang tạo acc spam vậy. Cho ăn, cho học làm chuyện tào lao.",2.0
thử lai trym đánh rank thách đấu đi a,0.0
" lam con trai giống đàn bà vậy ,đống cut nào cung thay dấu răng ,hoi sao xã hội này di xuong vi nhung thanh phan nhu vay",1.0
page gỉa à,0.0
cay lắm mà del làm gi dc t nhục lắm.kkkkk,1.0
Đừng để ném gạch vào mặt m,1.0
làm tí bóng bàn cho khuây khỏa đi,0.0
Bọn súc sinh,2.0
Hãy nghe những gì ad nói và hãy ỉa vào những gì ad bost,1.0
đóm nó sáng ở đít chứ k sáng ở đầu b ạ,1.0
Đời này còn nhiều cái ngu.,1.0
Trên bờ: tao chửi đấy mày làm đéo gì được tao :v,1.0
Bọn này nên cho vào tù,1.0
Chú nghe rồi. Tin tức Việt-Nam chú cập nhật từng giờ. Thư giỏi.Có theo dõi và ưu tư về tình hình đất nước là đáng khen.,0.0
Nó tới đây để giết ng chứ có phải kinh doanh mẹ j. Mấy thằng bù nhìn nhận tiền ngập bản họng cỏng rắn cắn gà nhà. Cả lũ cũng ko có kết cục j tốt dc,2.0
Bạn nữ bị ai bóp cổ à?,0.0
Chị có chim không .... sao nhìn gớm gớm....,1.0
Cô Trần Thị Nga bị nhà cầm tiền Việt Nam bắt tù đày chỉ có một tội duy nhất đó là....!,1.0
Một trận đấu mà nhiều người Đông Nam Á xem trên truyền hình mà lại thuê ông trọng tài nghiệp dư vào bắt trận đang xem nhất Đông Nam Á giữa Việt Nam gặp Thái Lan.. Ông trọng tài người Quatas..mà U23 Quatas..thua Việt Nam ở giai u23 Châu Á.. Giờ là lúc ông ấy lên tiếng,0.0
Một  phút  bóc  đồng  bằng  cả  đời  bóc  cức  😂,1.0
Đụ me ngu còn ghi xàm . Nó lấp đất đầy cái đồng tháp mười chứ làm thinh cái c**.,2.0
Trời ơi kg ai xấu bằng con quỉ cái miệng rộng. Mở miệng ra dơ dái mất dạy. Nhà khổ thấy mẹ chắc đeo ba vàng giả chứ gì.,2.0
Tài Nguyễn còn non và xanh lứm 🤣,0.0
"chả ra thể thống gì, người vô học nói chuyện đúng thiểu năng",2.0
"k phải tôi cao mà nói thẳng là thằng gia trưởng, con gái nào vớ phải thằng này muôn kiếp ở dưới bếp không lên nổi nhà trên. Nó chỉ đi làm công nhân thôi, không bao giờ làm sếp được, không bao giờ nhận sai.",1.0
Quá khứ của ma vương,0.0
Nói mấy người nghèo cho chết đói. V trc đó gửi đồ về cho minh hiếu làm từ thiện dell gì,1.0
L** mày cho chó nó còn không Liếm nữa có đâu mà mày đưa lộn cho người ta ăn con thú vật đầu thai,2.0
buồn thật,0.0
Xl qq,1.0
Thương cô gái,0.0
Cái đám chết chạy đấy thì nó ghét cs đến xương tuỷ còn gửi tiền về? Gửi đc bn khi làm nail culi lo cuộc sống chưa xong dư dả quá ha :)) còn Việt kiều thành đạt kiếm tiền còn gửi về tổ quốc thì chắc chắn ko có time mà lên fb share 3 cái tin rồi chửi ch,2.0
ngầu quá anh ơi,0.0
Người tốt nhiệt tình quá dễ bị lừa !,0.0
Nguyen Nhan ba cha con cái mặt ác hết sức ác,2.0
 mày có cặp mắt chỉ để cho có đủ bộ phận thôi ah,1.0
 đánh rank vàng còn bị bón hành cho ngập mồm.. Hecerim đi rừng 2/17 xong bảo đi trái lean.. nếu là trình DCT thật sự thì cho dù có đi đâu vẫn hành đc bọn rank thấp.. thằng này cày từ BK1 xuống Vàng thì có á :)))),1.0
"Đang họp nhưng kín, éo cho phóng viên vào. ĐM.",1.0
" m buồn cười nhỉ, idol chúng m làm sai xong bắt ngta phải đi tìm idol chúng m :)))",0.0
Fake ae,0.0
Địt cụ mày trọng tại như lồn ý,2.0
Bắt được mấy thằng này đem đập đầu khỏi giải đi đâu đúng là quá khốn nạn,2.0
Gần 30t rồi mà vẫn hãm địt mẹ mày đẻ ra đau lồn,2.0
Minh hiếu nói chuyện duyên dáng quá,0.0
Miền trung tao là nhất miền tây miền nam như cc,2.0
Lúc nó đi ngược chiều nó tông cho rồi kêu chó vàng giúp. Quyền lợi thì muốn mà còn pháp luật thì k muốn tuân thủ,2.0
Cố vấn cấp cao cho đàn c hó,1.0
Đánh ngu thì chết chứ cay j,1.0
xin loi cc,1.0
Đm,1.0
Suc vat là có thật,1.0
"má nó vào đọc vnexpress toàn lũ bợ đít cho chúng nó ko,chúc mừng đồ,lạy mấy cô hồn.",2.0
"t tưởng bọn m đòi bình đẳng giới, đòi nữ quyền thì bọn t cx có quyền nói lại m. Thế mà đụng vô lại kêu ""thằng đàn bà""..haizz thì ra đàn bà TRONG MẮT MÀY là nơi tụ họp những cái xấu à, tiêu chuẩn kép ít thôi",0.0
Tham nhũng kỳ diệu :3,1.0
Đhs nói ngu vl :))),1.0
Sory cái con mẹ nhà mày,2.0
Nay thang này ac qa..ngta bán xôi cug lay..,0.0
Tùng Xhaka Arsenal đi rồi a tùng ạ,0.0
Xin lỗi vì thích em vào thời điểm anh k có gì trong tay,0.0
Dân chống nhưng quan chức không chống,0.0
Nhà bán hàng vòng quanh toàn thờ ơ,0.0
"K muốn game, k muốn phim, k nhạc và cũng không thể ngủ một mớ hỗn độn cảm giác khó chịu",0.0
khổ thân anh tôi 🤣,0.0
Đúng rồi.Chứ k phải do mấy thằng bụng bầu rước giặc về diệt chủng đồng bào đâu,2.0
"Nguyễn Lê Vĩnh Hưng dell biết so sánh lứa cầu thủ năm 2022 với lứa cầu thủ năm nay à đồ nguu. Lứa 2022 cũng từng thất bại bị chửi nhiều vch rồi, và lứa 2022 cũng nhiều ngôi sao gánh team nữa nha đồ nguuu",1.0
bị tâm thần vẫn có thể có học vị TS nhé. Cám ơn TS Vũ Tiến Lộc đã mang lại niềm tin cho cộng đồng bệnh nhân tâm thần.,0.0
xin lỗi cái gì ???,0.0
Xin lỗi mà song à,0.0
"chia buồn cùng gia đình kid xanh cỏ hết , sv nghèo hèn muôn đời nát",2.0
Thương cho vk tôi,0.0
"Khốn nạn thật, báo ứng sẽ đến sớm với lũ ham ăn nhác làm chuyên đi lừa đảo ăn cướp của người khác",2.0
 chữ nghĩa không tới đâu,0.0
anh em có phúc cùng hưởng có họa tự chịu hehe ,0.0
idol Tiger mau về Việt Nam với chúng cháu nha. thấy rất quý bác.,0.0
nó chơi luật rừng thì mình chơi luật rừng! mạng đổi mạng! đéo phải nói nhiều! Bức xúc làm cc gì,1.0
Vĩn biệt cụ:)),0.0
Bố thằng Trâu Dê Nổ,2.0
Bạn nữ mà rên thì :)),0.0
thế mày nghĩ nó quan tâm đến việc mày vội hay ko vội à. ngu v k l :v,1.0
"Đm đánh thì ngu, mồm thì tinh tướng, thua là khóc lóc đổ lỗi, trông m đần vcl ra",2.0
Anh Sẽ Đến 100 củ to quá,0.0
Sủa hay lắm ad,1.0
tình yêu hãy nói về nhism korea,0.0
caitlyn mà nó lên giảm hồi máu thì ko có chuyện hồi đến tận 1k8 máu như kia đâu,0.0
Chị 3 cho e 200 triệu đi làm chymmm đi huhuh,0.0
"Đm nứng lòn ghê dị hà, ngta đánh đôi 3 đi đánh đôi heo, dừa lòn 🤣",1.0
tôi với bạn làm kèo không mà bảo tôi clone,0.0
Qua tan nhan,1.0
Mẹo m bé,1.0
Giàu thật đấy .. nhưng đầu không có não..khinh,1.0
chị này lấy văn mẫu ở đâu vậy,0.0
okee a ưii,0.0
"cái đmm nhé ad, đừng có vơ đũa cả nắm, ăn cứt cả đống nhé con. 4.5 tr Đảng viên k phải ai cũng xấu mà để m nói cái giọng của loại chó đấy. cái page chó bẩn ngu si này. m ra xem ngoài xã hội đầy Đảng viên vẫn nai lưng đi làm để nuôi đầy cái giống đéo ph",2.0
m là đứa mõm chó ăn cức,2.0
bóng già chuyển giới. CÔ CÔ nghe mắc ỉa. súc vật lũ bongs chó tởm lợm,2.0
cái bọn cướp ngày thì muốn làm gì chẳng được,2.0
Người nhật mà còn có thể loại ko não này thì bảo sao VN lại ko ..chán dell muốn nói,1.0
Xe phải có thêm khoá đĩa hoặc xích dây dài nó lấy cũng còn lâu,0.0
Việt Nam sướng lắm ai ơi-chỉ cần trộm cướp no nê ấm lòng-Không làm mà cũng có ăn- 1 lần trộm cướp bằng 3 năm làm “ tự hào quá vn ơi “,0.0
"﻿Từng được giúp không lấy một đồng, giờ Jack quên hết ơn nghĩa sao? Tóm tắt livestream mới nhất: https://tinhotnew.com/viruss-livestream-moi-nhat",0.0
"là chó,cặn bã nhất của xã hội thì đúng hơn",2.0
Quá hay cho mấy anh Hàn Quốc,0.0
Lu căn bả,2.0
"Thằng chó, không biết xấu hổ",2.0
Mày vì usd ma ban linh hon,1.0
Acc fake ae,0.0
Thành Nguyễn mong PL can thiệp và xử lý triệt để để đòi lại công bằng cho cháu,0.0
không chú nào quỳ bố nó xuống nước cho ổng dẫm lên lưng bước qua...như vậy có thể mau lên chức hay sớm được chiếu cố hơn! quan nhà sản có khác...bị khuyết tật!,1.0
Cai mat nha tien tri Tran Dan.nhin giong cai phau cau ga cong nghiep wa mn oi,2.0
bắt sai còn xin lỗi dùm nó,1.0
xin địt mẹ m,2.0
Nguyễn Quốc An thứ học trò lồn,2.0
Sang hết đây :)),0.0
Nấu nổi canh chua như cái bả lồn vậy ai dám ăn. Tao nói hả cái mặt của mày nhìn như trái hủ qua,2.0
"ủa alo bắt kiểu gì vậy ông trọng tài , hám tiền đến mức đó?",0.0
Hong Vann Thì anh tôi mà 🤣🤣,0.0
đkm đứa nào bảo idol trần dần t mắc covid đấy :v,1.0
Ông chủ cà phê TRUNG NGUYÊN lúc này,0.0
"Lại sủi, đúng quy trình rồi đấy",0.0
Vô văn hoá vl nè =)))),1.0
Woh Wh đễ sức ăn giỗ bà già mầy Dắk con à,2.0
Suốt ngày đi làm ô xin như con chó bên mỹ mà bị đá dập mu 2 lần rồi nên đi đái cũng khó sợ nó nhức,1.0
Trọng tài kiểu gì thủ môn ra nửa sân bắt bóng.. Luật mới trong bóng đá mà ông trọng tài này đưa ra sao,0.0
"Chỗ sân đá bóng có người không, mà sao không ai can thiệp,3 cha con tan ác đó vậy trời, ỷ mình có tiền xem mạng người như là rát",1.0
Nguyễn Mạnh im nào con tinh trùng bé nhỏ của bố con sắp dc sống r sống nhớ làm người nha chứ làm dum dum thì động vậ đơn bào làm đc rồi tiến hóa làm chi uổng,1.0
Biến đi thằng âm binh,1.0
Mat lon linh ca loc nay choi xuong lam,2.0
"Mong nhà tiên tri  luôn luôn khỏe mạnh, tránh được dịch bệnh.",0.0
Thằng óc chó thường có fans óc chó theo sau :))),2.0
Ngu vc cố đánh làm đ j,1.0
Mặt chuột kẹp ngu như bò,2.0
Trần Sang ổ cc,1.0
Giờ mày xin lỗi thì cũng muộn rồi,0.0
"Bọn khốn nạn không có đạo đức nó còn vào tận nhà nó lừa đảo cướp bóc, ở ngoài đường có là gì",2.0
Cuộc sống ai lường trc điều gì :((,0.0
Ok Haha đừng nhé em,0.0
Chị 3 ơi trã tiền cho cô minh hiều kìa,0.0
Đume có mắt như mù à tiền là cái loz gì mà thik chơi thì dell công bằng ở đấy mà xàm loz hay gì ăn tiền cho đã rồi quay qua xin lỗi ủa vậy có não ko vậy hay não vứt cho c.h.ó gặm roiif,2.0
Giống thằng cha warwick đánh ngu live bên hàn ngày xưa,1.0
Gài bẫy,0.0
Tàn bạo quá,1.0
trung bình + của mấy cái thể loại hông thèm suy ngỉ nào đấy trước khi cmt =)) trên wall fb đăng đạo lý như thật để tạo lớp mặt nạ nào đấy =)) cái loại 2 mặt nhìn tởm vl thề =)),2.0
Bảo sao bị bắt dân nó đánh chết cũng đáng,1.0
HLV OC CHO!,2.0
Đủ cách lừa,0.0
Đjt mịa thằng Trâu dê,2.0
ờ ờ sủa cho cố vào mà đéo biết lũ nam kì chúng m đều từ bọn t mà ra đo cu,2.0
"Chiếm đoạt tiền dân thôi. Giờ toàn thề thốt chơi chữ. ""tặng quà"" chứ không phải là hối lộ. Thằng cựu bộ trưởng đổ thằng thứ trưởng, thằng thứ trưởng đổ thằng bộ trưởng. Một lũ lãnh đạo mà thua thằng giang hồ ra tòa hay những người chân chính bị bắt vì ""chống phá chế độ""",1.0
vì cả người cầm quyền của đất nước còn khốn nạn thì dân có là gì,2.0
So cái địt mẹ mày bắt vậy thì về bắt tôm bắt tép đi,2.0
sao cái vụ bỏ con chưa thấy lên tiếng,0.0
con cu m nha,1.0
tuyển thủ top thách đấu bảo lỗi Cỡ ông chắc chưa đc đụng nó nữa mà chê,0.0
trước đó nữa ô ơi?,0.0
Ở Việt Nam chỉ có độ tày và độ phùng thôi nhá,0.0
Đĩ mẹ nó lại hỏng mạng🙂,1.0
Cô ba vàng ngọc nghe mắt cười vc đồ thứ nước rửa cầu tiêu mà tưởng mình là sân siêu bột kết.Nói chuyện đéo biết nhục tí nào?Cô Ba Vàng Mã hahahaha,2.0
Thằng làm nghề giáo dục cuồng like .,1.0
hhhh t buồn cười thật nhìn t dóng mượn đt mẹ như m ko nhỉ hhh,0.0
Trẻ trâu đóng film hài hả 🙂,1.0
uôi a à :)),0.0
Đ.m thằng ad lại dùng IE rồi =))),1.0
Đứng đầu mẫu nghi thiên hạ,0.0
"sợ ghê thử nói coi nghe chút đi nào, xem ai đó lên hầu toà ko nhé ,",0.0
Do chú đánh ngu anti có làm j đâu cũng đổ thừa đc,1.0
rên như con chó,1.0
Mày đi ăn cứt đi chứ sủa chi hoài z,2.0
Tuyệt ạ,0.0
"Tân cùng của sự khốn nạn, giỏi ra mà cướp ngân hàng, mấy chục tiền lẻ mà cũng gọi là đi cướp, hèn hạ thế",2.0
"Ảnh đầu thì chụp tên, thằng quyền nó dân Miền Bắc, ảnh thứ 2 có chữ zậy nhưng lại đ có ảnh nền của nó =)) bố cắt cái ảnh khác ghép vào. bố thằng đần độn. Loại ĐCT rách của mày ngu lắm =)) xuống rank vàng 2/17 kêu làm game khó hơn bla bla rồi trái lane ""v",2.0
Nhìn mặt ông bà là biết rồi. Mong pháp luật xử nặng tay vào,1.0
https://www.facebook.com/iigiz3 fb này mới real này mấy ông =)),0.0
Bạn nữ giọng tuyệt vời đấy kk,0.0
"Ở nhà giúp mẹ giúp cha , cực kì thuyết phục mã cha chúng mày",2.0
Mày bắt kiểu gì đấy? Có bằng cấp gì không đấy?,0.0
Xin đéo:)),1.0
Bùn nhở,0.0
"Tụi mày tuổi lồn, nói thế cho nó vuông",2.0
"loại chó, vậy mày phải ra làm 1 lần mới biết, loại máy gặp đầu tạo đánh đo",2.0
Địt mẹ lũ chó bán nước,2.0
Ông đang phát mát đội tuyển việt nam rồi,0.0
MiMi Nguyen z cho an toàn nhe cưng,0.0
Mấy thằng hàn nó k sang nó vả cho nhỉ,0.0
Cảnh giác không có mê trai gặp là sắp lại buôn chuyện mất cảnh giác mát là bài học,0.0
"Thằng AD này, mày điên à",2.0
Hương Quỳnh,0.0
Đeo xong lại kéo xuống,0.0
Ủa tưởng đủ 10k like gì đó bỏ game rồi sao giờ vẫn ytb nha ?,0.0
Cày view video này đê mn cho lên top trending nào 🤪,0.0
 dog boy,1.0
Dm trọng tài Dm trọng tài Dm trọng tài,2.0
Cà khịa đi xíu thầy vô chửi cm🤦,1.0
"coi như xong các cầu thủ không nên vui mừng quá sớm không khéo lại xôi hỏng bỏng không (lũ chúng nó tiền của nạn nhân chất độc da cam,trẻ em tàn tật,đồng bào lũ lụt,tiền trợ cấp xh",1.0
"Clm đanha bạc , chát sẽ lol, chịu rồi .",1.0
Sai 1 li đi một acc,0.0
"Đm nứng lòn ghê dị hà, ngta đánh đôi 3 đi đánh đôi heo, dừa lòn 🤣",1.0
"thuốc mê thì gây mê , thầy thì gây nứng 😀",1.0
"Và,xe máy đả đi",0.0
Nhìn hãm lol quá,1.0
phuc phung tri giống cá giồ táp cứt chứ cá lóc đâu ra ^^,1.0
Chó cắn áo rách dm nó cái xã hội này người thật thà thường bị thiệt thòi còn ke chôm cấp thì nho nho ngoài pháp luật sao những thể loại đấy ko bệnh tật ốm đau chết me nó hết đi,2.0
Tưởng xin lỗi là được à,0.0
Tôi hiểu cảm giác lúc đó .,0.0
add e muốn mua cái này mua ở đâu ạ.,0.0
Chuyên môn đổ thừa,1.0
Hoàng Minh Sơn Đức Hiếu mic bên kia chắc là tk nào đấy vừa chơi vừa chịch hsao ấy,0.0
Biến mẹ mày đi,2.0
Sry cc,1.0
"Ca để làm bồ nhìn, pháp luật thì ko nghiêm minh",0.0
Taooo đi top thì cái game nó dễ quá nên t đi rừng cho nó vui hiểu chưa m muốn lên rank thì câm cái mồm vào người ta còn gánh cho t nghe t cũng dell có tâm trạng đánh và t cũng éo muốn thằng em t gánh m m hiểu chưa,0.0
Người ta vi phạm thì người chịu trách nhiệm về mức phạt đưa ra chứ phương tiện hư ai chịu trách nhiệm ko hiểu,0.0
di ngôn cuối cùng của thg đạo nhạc,0.0
Mình không ai theo đuổi nè hỡi các bạn thích cô gái có nhiều người theo đuổi :)),0.0
"Dkm phat ,noi nhu c",2.0
Ngoc Chu đme đang ăn sáng 🙂,1.0
Thang khung,2.0
"TÂM THẦN CÓ THẦN LINH HƯỚNG DẪN ,DÁM LÀM .CHẾT NHÁT THÌ LÀM CHÓ ĐI ,LÀM NÔ LỆ ĐI .ÔNG TRỜI ĐANG RÂY ,LỰA LỘC AI LÀ CON ÔNG TRỜI TÀI ĐỨC VĂN VÕ TỪ BI BÁC ÁI RA LẢNH ĐẠO QUỐC GIA .AI LÀM ĐƯỢC ? TÔI VÀ ANH CHỊ .HÃY HANH ĐỘNG .TOÀN NGƯỜI VN NHÌN CHON LỰA ĐỦ TIÊU CHUẨN RA LÀM TỔNG THỐNG THAY ĐỔI CHẾ ĐỘ CSVN.",1.0
so ba mày clm chó chết,2.0
Yeu nhau ko bao giờ được dụ nha anh . Nhưng mà phải Liếm lôn nha a 🤣🤣🤣🤣🤣🤣,1.0
"Phương Dung Nguyễn chị chơi vậy, ai đ* chị",1.0
Là sao mình K hiểu sao cô gái ấy bỏ chay,0.0
Clm mày,2.0
Cả sư đoàn anh ưii:v,0.0
chết cụ mày đi,2.0
Fake nha trang cá nhân ổng bị sập rồi,0.0
Minh Công nói thật bây gio tui ghét bọn hàn như ghét cức,1.0
Nói gì thì nói ci kia k bít nta mà S đứng sát lmjv . Ai biu dựng xe k rút chìa khoá .,0.0
":)) Con bố Phước nói đc mà đ làm được à, ngta khinh cho đấy",1.0
Lỗi lầm cc,1.0
người ta nguu chắc m ngáo nhỉ ? Fan ruồi sáng đỡ bô cho Rách 5 triệu,1.0
Vcl aatrox dùng chiêu trật hết xong đánh thường chết adc,0.0
Nhà dột từ nóc,1.0
Ko khiên xin lỗi,0.0
Chắc Tiệp nghĩ Tiệp là hạng Thượng đẳng :)),1.0
so so lốn cài,1.0
Đm dlv bơi hết vào đây,1.0
Anh Trung Giả Kim 😂,0.0
T cày 1 đêm ct lên td cmnl đánh mãi 1 chỗ mà vẫn ancut được thêm cái m0m~ để cno ỉa vào đầu k thấy nhục,1.0
me may du,2.0
Nguyễn Việt Hưng https://www.facebook.com/iigiz3 Mời ae,0.0
Sin lỗi ccccc,1.0
Tiên tri gi gọi là tri thần kinh,1.0
Lao gia KHUNG tien tri cai con C.,2.0
"Lộc đéo cmt là bác đc yên r. Lộc cmt cái bác \""lên\"" nóc nhà bắt con gà... Bãi đéo nào cũng có dấu răng của L :))",1.0
Vinh Phan :)))))))))))) chán,0.0
Địch mẹ,1.0
có cl mà bồi thường,1.0
kệ cha chúng mày mọi việc đã có ĐẺNG và đám BÒ ĐỎ ÓC BÒ nó lo.,2.0
cái địt con mẹ m,2.0
chui ra khỏi hang rồi à,0.0
 địt con mẹ mày,2.0
nhìn thằng nguyễn mạnh nó cmt là hiểu fan dách nó như nào rồi =)) toàn lũ trẩu,1.0
Ho tran xuong,0.0
Con linh cá lóc xấu người lại xấu nết chưa ai có cái mồm xấu như con đó,2.0
Việt Nam phải như Thái Lan cướp xe máy bằng tội cướp ngân hàng có như vậy Việt Nam mới ổn,0.0
Bọn này mà bắt đc đâ mù bép chúng nó đi,1.0
"ngày xưa chưa làm lại map, ảnh pick con tướng op xong win mấy kèo tởm, xong ảnh bảo ảnh one champ cao thủ, nhưng ko có tư duy. cứ đè 1 lane đi thẳng mặc kệ tất cả",0.0
Thằng chó mày cút khỏi đất nước tao đi thằng chó đẻ,2.0
Những vụ thế này c an không vào cuộc điều tra,0.0
đúng trình tự là lên mạng viết stt chửi đổng,0.0
Sao thằng ku này chơi hay gào thét rồi nghiến răng nghiến lợi vậy nhỉ,0.0
Xào lăn cũng ngon anh ạ :)),0.0
Cực kì cái con mã mẹ tụi mày chứ thuyết phục 🤬,2.0
Tầm nhìn ko có,0.0
Vô cái đb,1.0
Tổ Sư Bố Con Thần Kinh :))),2.0
"Hiến máu phải chờ xét nghiệm có kqua rồi mới đưa máu vào sử dụng. Đất nước văn minh, giống loài thượng đẳng đấy các bạn ạ 😢😢",1.0
con cháu tay rửa chén đi chê bai người dũa móng tay !,1.0
Địt con mẹ. Mày ko bằng 1 con chó . mày quá thiên vị với tuyển vn chúng tôi. Tôi cầu nguyện mày chết sớm,2.0
Bro Cter Main ờ hớ hờ đi eim vì 5ty rất thích=),0.0
Mốt hẹn vậy cho sang nè Tram Le Diệp Linh,0.0
như thằng bệnh,2.0
cái trình đct 275đ =)) tự hào qá,0.0
Theo luật thì có nhưng thực tế cũng có mà có cái nịt,0.0
nhưng kg lỗi j vẫn vẽ ra lỗi kg bắt lạt được lại quay ra xl thế dân sai có cho dân xl kg nhỉ,0.0
"Hiểu pê đê nhục, miệng sửa như chó, đầu ngu như bò, bạn thân bóng vàng mã dơ kkkk",2.0
Nhảm nhí. Mày kiếm đâu ra cái tờ giấy này rồi vu khốg thế,1.0
Ủa mày vừa thổi còi vừa chơi post face à?!,1.0
Đume m con đũy già trọng tài như cc ngta,2.0
nói mày ngu là thiếu tôn trọng thằng ngu mực,2.0
Bao ChiMiinh AnhNy Thảo ng ba ria:,0.0
thằng ngu,2.0
Trong Nam trộm cắp nhan nhạn sợ thật,1.0
So so con mẹ mi nờ thằng chó,2.0
rồi nào lên hầu toà để biết đường hóng nè,0.0
Cướp bốc VN chổ nào cũng có,0.0
Như 1 con bò động đực clm =))),1.0
"anti ví dụ ngu, bị bắt bài câm họng",1.0
QuocAnh Tr được,0.0
"Thịnn Truon sao t liên tưởng tới m nhỉ ""fl đi đừng tiếc """,0.0
Tỉ phú nào đấy tẩy chay đồ vô học,2.0
Con này hết thuốt chửa chữa rồi xin lỗi . Thua cạn lợi,2.0
Chắc mấy thằng lìn này vô hỏi xôi ngon kg thì kg biết thấy e cũng ngon .cô bán xôi mờ lem chảy nước miếng và cái kết đắng lòng,0.0
Nick giả đấy mmg,0.0
Đã quá muộn rồi,0.0
Vc,1.0
câm mõm vào,1.0
vcl bôi cứt mũi,1.0
"Thằng vô danh tiểu tốt này chấp nó làm gì, cho vài tệ nói cái đéo gì nó cũng nói, có khi bảo nó chửi bố nó nó cũng chửi. Kệ nó đi! Bao giờ là quan chức hẵng hay !",2.0
Dàn cảnh cướp xe máy manh động quá,0.0
Đưa a Độ về bắt ít gà Tày làm khô gà bán cho các ông đấy,0.0
"công kích cá nhân khác đóng góp ý kiến, m xem mới đầu t chả có chửi hay xúc phạm m cả mà m xúc phạm t trước nhé đó là công kích cá nhân đấy",0.0
Vãi cứt,1.0
Tội nghiệp em gái Rút kinh nghiệm lần sau chống trộm + xích chiếc xe lại nhé,0.0
mỗi lần CÁAAAAAAA là má tui cười lộn ruột =]],0.0
Trộm cắp hoành hành,1.0
sủa câu ngứa dái thật sự =))),1.0
sale cc à thầy 😆😆,1.0
Ko biết tâm sự cùng ai :)),0.0
tao coi con quỷ mặt rỗ trần đoàn mà tao tức lồng ngực tao ak,2.0
Mê trai nhe con,1.0
Pham Nguyen Viet Dung thằng này hề điên,1.0
Đưa cho lũ ngu cầm đầu là hư đường hư bột hết,2.0
Bắt đc đánh chết lại phải đi tò,1.0
"k ai hỏi nhưng thích trả lời, đúng mực con",0.0
T. Huỳnh đây,0.0
cả công ty với thằng giách ng.u vai..,2.0
Cướp của ng nghèo. Cặn bã xã hội,2.0
Lũ chó đẻ,2.0
Cả đất nước việt nam điều biết chỉ có một người một mình trousseaus không biết,0.0
Ý thức không bằng cả Huấn râu gì. Chán,1.0
Hòn Ngọc VIỄN Đông óc chó ạ :3,2.0
tiên tri xàm,1.0
Mẹ mấy thằng trộm xe nên chém chết mẹ chúng nó,2.0
Ngu vaicalon,1.0
"jack ngu dell chịu đc, bị g5r, thiên an, kicm, Mr Cường, viruss hại, bị hại 1,2 lần là phải biết chứ, dell hiểu sao mà chơi với thằng nào bị thằng đó hại, thương jack",2.0
"bắt được đập chết mẹ hết, như cái lũ trộm chó đo, mới răng đe đc tụi này",2.0
Địt con mẹ mày thằng đầu buồi rẻ rách,2.0
Hải Yến bố cái con thái lọ,2.0
Xin lỗi cl,1.0
Dan ong hay dan ma co rau vay troi,0.0
Chí Bảo nhung chứ chung cc à,1.0
"Đmm chúng nó cứ giết người kiều này, có ngày người nhà người ta đánh bomm chết cha lũ bác sỹ như mày.!!!",2.0
Ông già lại bắt tôi quảng cáo ae ạ. Sói said. :v,0.0
Tao lại buồn cười Tao chấp một thằng ngơ thì tao ngơ theo à chấp 1 thằng ngu thì lại ngu theo còn chấp mày nói chuyện Dưới đít tao thì tao lại = mày rồi,2.0
nick ảo thì sao bạn ? Nói cho đúng thì thôi chứ nick nào nó đéo là vấn đề ở đây bạn à,0.0
Luật pháp ko nghĩ,0.0
Sẵn đây e nói lun. Hôm bữa e có nhặt được cộng lông ở nhà nghỉ ac nào đánh rơi thì tìm e e cho xin lại 😁,0.0
"Tội chị quá, tốt bụng bị nó lừa",0.0
Đặng Truờng chia buồn cùng gia đình kid cận huyết trồn lường,2.0
Thằng ad lại sủa.,1.0
Cô my cho ăn chai sting vô đầu nha thầy,1.0
Địt mẹ thg hát nhá !! Lấy ngay cái đít anh độ nói chuyện haizzzz :(((,2.0
Thơ hay quá bác ơi triệu like,0.0
đóm rác cay à,1.0
Đệt 2 năm r đã bốc mộ r,0.0
VUI QUA ONG TRAN DAN THAT DE THUONG !,0.0
🚬 EM CÓ BÁN 1 SỐ DÒNG THUỐC LÁ THƠM ☕,0.0
Lỗi cmm mày ăn hối lộ xin lỗi à mày bắt còn thua 1 thằng con nik,2.0
Trần dần là cộngg sản nằm vùng bên cali😂,0.0
Cởi bố ra cho rồi ngứa mắt á🤦‍♀️,1.0
mẹ kiếp xã hội bây giờ éo biết đâu mà lần,1.0
sợ bị khui sủa mẹ ra đi còn văn vở,1.0
https://www.facebook.com/profile.php?id=100074232046267 Rip nó anh em,2.0
bọn m ra ngoài thì làm được gì? Khác đéo gì cạn bã của xã hội không?,2.0
"tao đố mày cả đời chạy xe ko vi phạm, bừng bô có ngày úp bô vào mặt.",1.0
Bắt dc cứ đập gẫy tay chân tay đi tù về xong lại vẫn đi nv ak,1.0
cút khỏi việt nam,1.0
Hay lắm a ơi,0.0
Xe đi rồi xôi ở lại,0.0
nó khóc rồi đầy tổ ruồi r,1.0
Hoàng Yến đâu trêu thế =)))) b chưa xem qcao lẩu phan à,0.0
Bắt VN cho công bằng vào thì k muốn bay nick,1.0
Có . Mà có cái lon . Đm nó nhé . Đm cả dòng họ ad xạo lozn,2.0
Dã man trắng trợn,1.0
nhân sinh có vấn đề,1.0
ngậm đi em văn còn kém lắm công kích riêng thì ib anh :)) ngứa đít lắm e,1.0
Đang nói chuyện này cái ổng bẻ lái qua chuyện khác mãi :v,0.0
Mày coi lại não mày load hết được cmt tao chưa rồi hỏi trình độ của tao sau,0.0
đường cùng :))). m nhìn mực cho giống đường cùng không hả :)))) bản thân nó muốn vậy m lại bảo đường cùng. loại nịnh dái. :)))))),1.0
Minh Công nói thật bây gio tui ghét bọn hàn như ghét cức,1.0
Khải Nguyễn khác giá tiền đó anh :((,0.0
cái đoạn đầu là sao z mn,0.0
BaoChau HoangMinh Thái coi t tìm dc gì này,0.0
Quả báo sẽ ko chừa 1 ai...đợi đi sẽ đến sớm với mày thôi,1.0
"Chúng tôi văn minh chúng tôi ko chửi bạn nữa nhưng mong bạn xem lại trận đấu để xem bạn có sai hay là không. Quả thủ môn ra ngoài cho dù không phạm lỗi thì cũng bắt bóng ngoài vòng cấm địa hay quả chạm tay , cầu thủ chúng tôi đã bất lực quỳ trước mặt … Xem thêm",0.0
Không chừa mọi thủ đoạn nào của bọn cướp,0.0
Đánh hay như sion nhập mà không được đi thi đấu xong đi tìm mấy anh châu âu đi đầu tư bị nợ 5 củ tỏi số anh này khổ quá,0.0
Tiếc hùi hụi vì miếng đất nước kìa,0.0
Bóng gió sao nó hõn thấy ghê đã là người không được may mắn sao không biết tu bớt để an nhàn tâm hồn cứ sân si bởi vậy làm ảnh hưởng đến cộng đồng  người đồng tính đa phần họ hiền lành dễ thương mà sao đám quỹ chửi mất dạy quá conquy già kim ngọc  ngọc hiếu sao không biết nhục mà chương mặt ra,2.0
Không sao đâu ạ cứ làm đi.làm những gì chúng mày muốn. Luật nhân quả không chừa ai đâu,1.0
Thằng nào mạnh chẳng muốn ăn thằng khác. VN lúc có quân đội mạnh tí nữa thì nuốt đc thằng Cam kìa :)),1.0
Một lũ quan liêu tiên sư bố chúng nó,2.0
gọi người lớn tuổi hơn mình là con gà là văn minh dữ chưa? Tkg vô học vô ơn làm tới đi,1.0
Ông già lấy tiền sữa của tôi đi mua giải rồi anh em ạ - Sói said.,0.0
Đu ma lên,2.0
Kịch bản này thì rất đáng sợ.,0.0
Đcm thằng súc vật,2.0
Hàng lazada,0.0
Bồi con cạc nó á,1.0
Chị nói tức cười ghê Chị đẹp lắm,0.0
bố thằng hâm,1.0
Dy Dy em thấy nhiều ng khen nè =)))) a đừng quan tâm em review mà nên đi xem thử đi,0.0
Thảo Tròn nhớ đồng bọn qá cơ 🤧 cố gắng thôi nào 💓,0.0
mở mồm là độc tài,1.0
mày thì hay rùi mở miệng ra thấy thúi quắc,1.0
Bất lương quá! Nghèo khổ đi bán xôi Vĩa hè có chiếc xe làm phương tiện đi đứng cũng bị cướp cạn cưởm mất,1.0
Xin lỗi cái đ*t m* m*y bắt lỗi thằng thủ môn như l*n,2.0
"Đm cướp j mà ác Vy,",1.0
😿,0.0
chấp nó làm đ anh mình ơi,1.0
Người tướng hợp nhất,0.0
"Moẹ mấy con đ đồng cảm với người ta thì thôi Cmt hãm vcl,chắc đồng loại với3 con đó",2.0
phuc phung tri giống cá giồ táp cứt chứ cá lóc đâu ra ^^,1.0
LÃNH ĐẠO VFF QUÁ BẠC NHƯỢC !,0.0
Mắc đ*t quá,1.0
Cái lồn,1.0
Bắt đéo đc,1.0
Nhìn mặt 3 cha con hách dịch ghê !,2.0
Me lu cho nha nuoc dau zo coi du me an hoi lo la gioi ko bat het thu nay j,2.0
thằng ad này não bị delay 3 năm à :)),1.0
"Công ty tư cách, thẩm quyền gì đòi người ta phải đến làm việc trực tiếp?? Nghệ sĩ thì phèn, cty thì ngu! Đâm đơn kiện VR đê, để cơ quan chức năng mời lên giải quyết",2.0
Lỗi conkac,1.0
có trình thì nc em nhé,0.0
Xin xin con cẹc. Thằng lồn,2.0
Người ta khổ rồi còn ko tha,0.0
ô não chubin à ngta đăng bài pr cho kata ô qua kêu bú fame ? Tôi hỏi thật ô học hết c3 chưa v???,1.0
Bọn cướp xe đâu phải con người đâu mà,1.0
"Tk này ngu vcl xem steam nó đổ thừa cay dái , tạo drama để nổi chứ biết là tk cc nào mà nó nổi vì ngu cũng hay",2.0
Oke Hasagi chết mọe đi 💀,1.0
Đem đưa lên cơ sơ xo thẩm quyền THP bốc phân mà ăn :),1.0
Cậy có tiền muốn đánh ai thì đánh luật phạp ở đâu,0.0
dốt như con súc vật nhận kèo bạch kim vàng rách oai,2.0
Hùng Khâu ừ xuống bạc chơi với t này,0.0
Phan Nhuệ Anh ;)) gì vậy má,0.0
CHỈ MONG TRỜI XANH TRÊN CAO SOI THẤU XUI KHIẾN LÃNH ĐẠO TẤT CẢ CÁC NƯỚC TRỪ BỌN TRUNG QUỐC ĐUỔI HẾT BỌN QUAN VÀ CON CHÁU CỦA TẤT CẢ BỌN ĐẢNG VIÊN CS KO TRỪ MỘT AI _ KỂ CẢ HỌ ĐÃ RA KHỎI ĐẢNG RA KHỎI CÁC NƯỚC KO CHO CƯ TRÚ KO CHO NHẬP CẢNH ( KO CHÚNG,1.0
Cút mẹ mày đi!!!,2.0
Tú cho anh Ba con blue,0.0
ổng nói lập kênh mới chứ không nói xóa kênh cũ,0.0
tính ra đánh nhà là win rồi ngựa ngựa Q Q,1.0
"suy cho cùng theo m ĐÀN BÀ vẫn là đáy xh nhỉ, nói chuyện suy nghĩ bằng đầu dưới hay sao thở câu nào khắm câu đó thế? loại đầu rỗng như m idol nó cx đúng, đến cả những đức tính cơ bản nhất tạo nên con người idol m còn đéo có thì sủa cái j? nhót",2.0
Lũ này bắt đc thì khấc nhẹ 2 cọng gân chân rồi thả nó về,1.0
mấy cđ dislike là mấy cđ khùn lồn,2.0
Cuộc sống mà 😩,0.0
 m học tiếng anh lắm ko bằng mà why đmm,2.0
địt mẹ trọng tài,2.0
kkk ông nhõi kia chắc 2k5 2k6 sáng vẫn xin mẹ tiền mua xôi cứ vào đây để trình bày,1.0
Xa hoi tồi tệ,1.0
thầy đẹp trai quá mấy đứa,0.0
Trần Thị Ngọc Anh nếu ngược lại thì sao con mặt lòn.nếu nó biết bị bệnh rồi đi hiến thì sao.😊,1.0
Đậu má một xã hội tranh thủ cướp lẫn nhau,1.0
"Khốn nạn, cả nhà nó sẽ bị báo ứng.",2.0
kiện được không kakaka,0.0
 xin lỗi cc bố vote cho pay mẹ facebook,1.0
Sorry con cẹc,1.0
luc bao 2 len kc bn tien nhi,0.0
Cực kì thuyết được của ló,0.0
Bon này không phải con người- nhân quả rồi sẽ đến với bọn mày thôi,2.0
éo thèm nhé =)),1.0
thằng này nó chơi với tiến bịp hay sao mà nó lại k xanh chín thế ông nhỉ :)),1.0
"còn rác thì chỉ là thằng ăn cháo đá bát lừa thầy phản bạn ,bỏ vợ bỏ con đúng ko nhỉ",2.0
Bé Ba vailone:))),1.0
Loại ni bắt được nhốt tới chết luôn.Ghét nhất thể loại ni,1.0
"Nguyễn Phước uh, thế thì tia cực tím nó có tăng lên thì cũng là lỗi của Mỹ, của Tàu cả nhé, khỏi lôi ra mà chửi Nhà nước nhé, chứ cả VN này có ngừng SX công nghiệp cho các thím ngồi đói rã họng ra cũng dew bớt nóng, bớt cực tím đc đâu :v",1.0
Sorry qq trọng tài bắt như qq ngta v á,1.0
Khôi Nguyên bảo nó cay nó lại cắn mình bạn ơi cắn sáng giờ,0.0
mình sai tè le ra thì bảo miệng đời:)) toxic chúa méo ai bằng,1.0
Hơn 48 tiếng trôi qua lặng lõe :))),0.0
Khoe puồi,1.0
Bọn siêng ăn nhác làm,1.0
Mẹ mày trọng tài,2.0
"đây có phải cái thằng đi cày thuê thua 2/17 xong ngồi chửi khách tụt điểm của khách không ? =)) đánh rank vàng, mình đct gặp ngày rừng bên kia thách đấu à =)) tư duy chiến thuật mà cũng feed được 17 mạng thì giỏi đấy chứ, người bình thường feed thế đ' … Xem thêm",1.0
"Lối dạy con của ông bố không thể chấp nhận,pháp luật nên can thiệp và xử lý luôn cả người bố thì mai ra mới răn đe được các cháu nhỏ hiện tại.vì trong môi trường học hiện nay,có rất nhìu các bặc phụ huynh ko cần biết đúng sai,miễn thấy con mình bị trầy bị xướt là đổ hết lỗi cho bạn học chung lớp,thậm chí muốn oánh luôn cả phụ huynh của em kia.",0.0
Trọng tài bắt vậy cho nghỉ việc vĩnh viễn đi FIFA,0.0
Minh Khang Hà nhận việc,0.0
bất đồng chính kiến là tụi thân trung cộng ghép tội VN phản động.... khốn nạn bọn chó+svn,2.0
Hoàng Ngọc Hòa sũa cc,1.0
Láo,1.0
có bạn ưi :)),0.0
"chia buồn cùng gia đình kid cận huyết sua chill lofi thêm sinh động t,ang lễ bà già kid",2.0
xin lỗi cc t nè thg lồn,2.0
Gdinh nó có công vs cmang. Còn gdinh ad trốn chui lủi như chó. Thấy nó giàu và béo hơn mình thì ghen tỵ😂😂😂,1.0
"Biết là FB fake nhưng vẫn phải chửi Trousier là một kẻ ăn hại bậc nhất thế giới. 6 trận chính thức VN ko kiếm nổi điểm nào, có trânh còn 0 cú sút goal. Biến đi Trousier",1.0
Nguyễn Triệu Thu Thảo mệt lòn 🙂,1.0
Ai kêu ngựa,0.0
"Bọn mày thanh niên trai tráng lm ăn đàng hoàng ko chịu, lại thích ăn cắp ăm trộm,mong bọn mày chết sớm đi để xã hội sạch sẽ hơn",2.0
về 572 gia định mà đòi đất ....kkkkkk..già mà ngu vl,1.0
ý thức nd đã kém rồi nói gì đến mấy anh bụng phệ,1.0
Tội mê trai,1.0
"tiếng anh còn sai ngữ pháp, tọc mạch thì hay, ăn nói thì chả ra hệ thống gì mà vẫn muốn đối kháng tưởng mình là nạn nhân!",0.0
Nhanh dữ dị bâyyyyyy,0.0
Fuck your asss,2.0
Cút cụ mày đi,2.0
má nó đánh lộn đồng minh r,0.0
Khung này ổn áp không thầy,0.0
mọi ng ko đc ăn hiếp anh zách nữa mãi là ruồi phát sáng nhé,1.0
Vn tôi đó,0.0
trả lời lạc đề nhá bác....0 điểm về chổ,0.0
Tức nhiêng là tiêng chi dũ chụ chần dần bình an tức nhiêng là miễn nhiễm dới di chùng...,0.0
Trái lane toxic =)))) bú win lên dct,1.0
Nếu mà mồm với chân ko hoạt động thì đây là tuyển thủ vn vươn tầm quốc tế rồi,0.0
Ahihi đồ ngốk 😂😂😂,0.0
Bạch kim tự hào ác z =))),0.0
Chửi xong rồi khóc như chó năn nỉ công đồng,1.0
https://www.facebook.com/profile.php?id=100074232046267 fb nó,0.0
Ngu hay sao kệ mẹ ngta đi mấy đứa sân si nói ngta hãy nhìn tới mình con bay hay quá trình bay bằng ngta ko tuy tau đéo liên quan tới ông này nhưng ghét thể loại ko hơn ai mà hay thích sân si,1.0
Xin concac đmm,2.0
"Dẹp hết lũ sư quốc doanh đi , vừa là ổ phá hoại đạo pháp vừa là cơ sở của bọn nằm vùng và phá nát văn hoá VN",2.0
Nguyễn Văn Huân sống chậm làm đéo j,1.0
khóc chưa bạn,0.0
fai nói 1 điều mày khóc thuê à ad . sẽ sớm thôi mày sẽ bị dờ gáy,1.0
Cave mãi là Cave thôi,1.0
Anh chính thức thành kẻ thù không đội trời chung của đám dâm lợn viên. Hihi,1.0
Thùng rỗng kêu to là đây chứ đâu =]],1.0
Đ m bọn phản động này,2.0
Hai con súc vật này trước kia đội nhau Lên đầu bây giờ quay lại cắn nhau hả,2.0
Tụi học trò vô văn hóa,2.0
"Đụ mẹ tao giết cả dòng họ , tao phá đất nước của mày rồi tao xin lỗi được không ?",2.0
Sorry con đỉ mẹ mày,2.0
Piến,1.0
Do thiếu lozz ngọc trinh nên hôm qua tiệp hơi nông nỗi,1.0
Lời xin lỗi muộn màng,0.0
Dat Ngo Già rồi mà sao ăn nói ngu học thếQ,1.0
nghe cái mỏ xl thấy ghét mày đừng nói là chưa bao giờ mày mắc lỗi nha rồi câm cái mồm lại và cút cho tao thằng ngu,2.0
NGU NGỐC.,1.0
Đúng đóm con nguu như idol đầu bu.ồi giẻ rách của nó vậy :))) xưa nó ở GVR đ có mấy ae giúp đỡ thì nó cũng chỉ là thằng xách nước bổ cam lau dọn ghế cọ nhà vệ sinh trong đấy thôi nhé.,2.0
mày cũng là con tinh trùng mà tinh trùng khuyết tật,2.0
Ở bắc mà như này dân họ đuổi bằng đc luôn,0.0
Nguyễn Trọng Thái xạo lol vừa thôi,1.0
Lời xin lỗi muộ màng,0.0
Dũng Đào :)) clm gì z,0.0
"bị hack fb đó, cmt này thấy vô tri lắm b ơi",0.0
Nguyễn Trọng Thái xạo lol vừa thôi,1.0
Ad não ngắn vl... Đó chỉ là fb giả lợi dụng trường hợp con bé mỹ linh kia để câu like page thôi. Ngu lắm ad ạ!!,2.0
Duoc tien minh hieu con đy me,1.0
công nhận bạn nịnh dái hay ghê :))),1.0
"Dm cái giọng con lol, phải em út trong nhà tao tát gãy răng",2.0
Bú fame ít thôi bé ơi!!,0.0
"đi bên cạnh , đứng phía sau để ăn chửi chung chứ làm mẹ j :))",1.0
Mẹ mi con chó aen cức,2.0
Thảo Đào Văn giàu hết r đi làm công để làm gì.tay nhanh hơn não.lướt fb nhớ gắn não vô nha,1.0
Hóng mãi cái gala của bác Trần. Rất ok!,0.0
má fong rộng z ma la ngột ngạt me nó,1.0
những con sán dây tuyên giáo,2.0
Phàm :)) vlon thanh niên,1.0
Tha cho đớp ít c.ứt thôi đã là may rồi. Nó còn đớ.p không còn tý cứ.t nào luôn.,2.0
Mún tìm cũng khó kkk,0.0
Solo ko anh bạch,0.0
Ông không bao giờ công bằng,0.0
"đúng rồi kiện đi, tôi tin anh Zách sẽ cút",1.0
Đúng là xả hội ngày càng phát triển,0.0
"Sao tụi bây toàn chửi nhau mà ko thấy làm gì hết,cao lông nó chưa hay nói cho vui",1.0
liu liu bị nói cho cứng họng,0.0
vl phú bà đi lạc đâu đây,0.0
Chi ba oi em quy chi qua chi cho em hoc cach giau voi em nghro qua day chi oi,0.0
Thằng già mày cút cụ mày đi,2.0
Dù em chỉ có một cái bánh mì,0.0
Bọn kia đi đập chết mẹ dân rồi nhé,2.0
bạn là nhất đom đóm mãi đỉnh . ĐƯỢC CHƯA,0.0
"Sao ông không từ chức đi.cố bám để lấy tiền Việt Nam à, một lối đá quá tệ, cầu thủ không nhiệt huyết ko nghĩ ông muốn tạo ra một đội bóng thế nào,đá bóng gì như đi bộ chuyền kém, thủ kém , công kém, không biết chơi bóng kiểu gì cầu thủ chuyền bóng đã k… Xem thêm",0.0
Sau vụ phốt này t mới thấy tụi Fan Jack đốt với IQ thấp thật sự Kiểu ngu ngu kiểu gì ấy. T thấy ngại dùm. Mà cũng đúng. Thằng ai đồ nó dốt địt thế kia thì fan nó cũng thiểu năng ko khác gì.,2.0
Sao ko đc z thầy,0.0
Khi nào Việt Nam k còn 2 từ ma tuý thì mới hết đc tình trạng này. Giờ trọt nghiện rồi phải đi ăn trộm ăn cướp mới đủ tiền hút hít. Chứ giờ đi phụ hồ k đủ hút hít,0.0
Sory cunt,1.0
Đéo tin.chả nhẽ nó để lộ liễu như thế này á hả,1.0
"Á đù bệnh tâm thần mà cho làm trung tá mới hay,hèn gì bọn đảng cs toàn là một lủ tâm thần nhưng hám của.",2.0
địt mẹ mày xin lỗi rồi thay đổi được gì không?,2.0
"con hàng này ngon quá, t sục 5 phút bắn cmm rồi",1.0
đm may thay gê qá,1.0
Cái mặt ngu trình cũng ngang với cái mặt tưởng v là hay,2.0
"Phạm Thanh Tùng dm t cười , rảnh éo chịu",1.0
Oke bột giặt aba sạch tinh tươm,0.0
"chắc đéo đến mức ntn, nhưng chuyện ngoáy đồ là có thật.",1.0
Sao mấy thằng lolll này ác dữ vậy trời,2.0
Giết ad đập nhà có cl thua được,1.0
Tuân Nguyễn no lai cay vl ra,1.0
Face đcm:),1.0
"Anh trai nóng tánh nhất quả đất, sau khi tỉ số 3-0",0.0
Con đàn bà lèo lon,2.0
Này thì trend này🤦‍♀️🤦‍♀️,0.0
"page này thành phản động ak,dkm toàn post nhảm k",2.0
Nguyễn Nghĩa mi lúc mô ko nứng,1.0
Ăn mặc như cái đ.buoi,2.0
lm lồn gì có thời mà hết :)) skill dell trúng bảo team địch tool clm :)),1.0
Ngu còn bảo thủ,1.0
"phát ngôn cẩn thận chú ạ , thế nào là độc tài ? Cẩn thận không người ta lại nhầm thành bọn khát nước !",0.0
Tưởng đi diễn hài hải ngoại nữa chứ.:)),0.0
Tin nhắn của thủ tướng đổi ra chắc đc cả tỉ bạc chứ k ít. Lũ lụt đến chân ng dân thấy tin nhắn thủ tướng chắc mừng rơi nc mắt :)))),0.0
Ko làm mà đồi có ăn thì có ngày ăn cơm tù,0.0
"Sau công ty Giấy ấp 8, Bình Sơn phát hiện một nam giới treoco trong lô cao su. Hiện cơ quan chức năng đã có mặt tại hiện trường…",0.0
Sorry cái lồn,1.0
xử lý đi ngài trọng tài,0.0
"Suốt ngày ngoài ruộng, chẳg ai qtâm đâu",0.0
Vaidai,1.0
"da đen trẻ trâu hôi lông, chim cút ",2.0
"thì cứ đợi vb tiếp đi, ko tl thì đừng nói ngta sợ nên im",0.0
Cái địt mẹ thằng rẻ rách :)),2.0
"Bạn này nhìn có tố chất, nếu bị câm chắc thành tuyển thủ chuyên nghiệp thành công lắm",0.0
Nguyễn Thanh Cẩm lỗ xoài rộng nhỉ,0.0
Đúng luật là phải đền.gi khi bắt xe dg chạy chu dau phải xe hư.rồi còn giảm một tháng nữa chứ.người ta có một chiếc xe rồi sao đi lam.,0.0
"tất ziên,tôi ,tất ziên,,,,",0.0
Rút kinh nghiệm là lại đc sài nghìn tỷ .,0.0
Sao lại có cả liên quân là thế nào 😳,0.0
CA ra quân kiểm soát rượu bia mạnh mẽ…mà sao ko thấy ra quân trấn áp tội phạm…hay cái chi dễ thì ta làm..,0.0
Tuyển Việt Nam càng thua thì càng tiến bộ,0.0
Đại Ca kata nó gánh còng lưng,0.0
Cái miệng vòi bò nhức nhúc,1.0
Bọn mày cướp của người ta rồi chúng mày sẽ bị quả báo thôi,2.0
Ba chào cô chú,0.0
"Đó là đồng bọn của nó đang giàn cảnh, giả bộ hỏi thăm đặng cho đồng bọn lấy xe",0.0
Xin lỗi mà bắt như gì vậy á bắt ko bằng mấy trọng tài mới vô nữa!!!!,0.0
"Tưởng bố thế nào, chỉ mõm",1.0
Trị Thiên tao kêu hả ? Mắc gì m tl cmt,0.0
"Hiến máu phải chờ xét nghiệm có kqua rồi mới đưa máu vào sử dụng. Đất nước văn minh, giống loài thượng đẳng đấy các bạn ạ 😢😢",1.0
Ủa thầy có nói lộn hk e thấy thầy mới là người hk làm đc gì mà ???,0.0
xin cc =)),1.0
Tội mê trai hả ad,0.0
Con nầy tới số chửi đến lũ Bắc kỳ,2.0
Mẹ mày nó bắt bóng ngoài vòng cấm mà o thẻ đỏ,1.0
việc học rất quan trọng. Về già mà còn suy nghĩ thế này thì hỏng rồi bà chị ơi. Tỉnh táo lên chứ đu idol kiểu này thì chớt,0.0
Tấu hài cực mạnh từ Abe :>,0.0
Mày lên cút khỏi viêt nam,1.0
Diện Trần có con rồi mà như thằng trẩu :)),2.0
Thấy con chó ngửi ngửi là nghi nghi rồi,0.0
Kinhh,0.0
đánh chết cụ mày giờ nhét cụ mày còi vào lỗ đít đi,2.0
Clm ta đang coi sẽ à?,0.0
Con chó nó biết nó hửi 2 ông đó quài,0.0
Gặp thêm con chó cũng nhiều chuyện theo,2.0
Acc clon mà mấy bố tin vào cmt như thật hài vl :)),0.0
Một thằng thiểu não như may mà cũng làm trọng tài hả! Không biết nhục,1.0
Mong pháp luật xử lý nghiêm minh k thì loạn hết,0.0
Game cu lon nay=))),2.0
Tùy gu nghe nhạc của mỗi người thôi. Với lại có lẽ b đã quen với phong cách âm nhạc hồi trước của jack nên bh jack kết hợp với người khác và theo phong cách âm nhạc khác nên có vẻ hơi lạ với người mới nghe,0.0
Hay quá tùng ơi !!!!!,0.0
Xin video vs ông ơi,0.0
vừa cay vừa dốt đăng lên ăn chửi no nê :)),1.0
Ngu mày chết con mẹ mày đi lồn lồn,2.0
"Bắt xong rồi mà xin lỗi gì, mất sĩ khí hết cò đâu",0.0
Cực kỳ chân chọng :)),0.0
Cho mình xin số TK mình gửi tiền trước nhé,0.0
Ăn tết đúng cách,0.0
Xờ lờ quá,1.0
Hải Yến Đ care cmt làm gì??? :))) Ô ai hỏi m à? :)))),1.0
Sau Sing là tới Hàn Quốc . Bằng chứng là thím ngân đã cài cắm 9 điệp viên vào đoá . 😂😂😂,0.0
ảoooo,0.0
Đéo đở dc)),1.0
Ngu thì nín,1.0
"Công an lên làm thủ tướng nên se ra luật có lợi cho bọn công an. Luật sư cái chó gì ở VN. Tòa án nó muốn thì nó mời. Ghét thì nó đuổi chạy như chó. Ngoan ngoãn nghe lời thì Luật sư có cháo húp, không nghe lời nó đánh trào máu như vụ 2 luật sư bị đánh. Ai đánh đây?",1.0
Em oi ..con Linh Dai Loan no´co´nhô? lông dai´cua em chua ma em lai lên Xi`Gon`kiêm´no´con nua?..lam`nhu em co bao nhiêu vang`lây ra deo hêt´hay sao vây ???..dzom`giông vang gia?..nhin den thui`lui`ha`..nêu´la vang thiêt thi no se sang´loe`luôn ah em oi cho anh noi nghe ne..em quên cai con Linh Dai Loan di ..no´noi bon CSVN an cut´cua no nêu´ma no ngung goi tiên USD ve thôi..chu no không co noi em an cut´cua no..em co biet Miên Tây bây gio bi nuoc man va khô han khong ne ???..bon Trung Quôc no ngan dong`chây? cua sông Me Kông rôi...dân mien Tay se chet doi´het..em chui? thang Trung Quoc dum anh di em...em dzam chui? khong ne ??..anh so bn Trung công no´den nha em no nhô? sach lông dai´cua em do nha,2.0
"Điệu hổ ly Sơn,",0.0
Thu Tuyền Phan hợp nhóm lại các cậu ơi :)))),0.0
Nguyễn Thanh Quang đc có í tưởng,0.0
dừng là đúng a ơi 😆😆 dừng luôn đi cũng được,0.0
"Thành Lê cái lồn mẹ mày nha con chó koi chừng tao bắt con mẹ mày ra cho chó giao cấu , bắt mẹ mày làm tình liếm cặc mút cặc chó đến khi nào nó bắn tinh , chị e nhà mày thì xếp hàng chờ con chó của tao chơi con mẹ mày xong thì đến lượt ăn cức chó của ta",2.0
trường hợp cai éo ji con này.dm nc éo có logic cc ji bị cả cộng đồng nó chửi cho sml cho cm may lun nghiệp,2.0
Đừng làm sai rồi lại xin lỗi ông trọng tài không có tài và không có lương tâm thì nên từ bỏ đi ông đứng trên sân cỏ mà không thấy ngại ngùng tí nào à,1.0
Ôi dm phát biểu vây coi dân nhu đồ ngu chắc,2.0
Fuck you Al Adba Saoud Ali,2.0
ra đitme bắt được con ruồi phát sáng r nè ae,2.0
Sory cái qq,1.0
"1,1 tr like 6tr view",0.0
Chúng mài không thoát khỏi công an đao,1.0
"Ông Tuân ổng cười khà khà , ổng cười quài luôn á. Ta nói chời ơi cô vừa dễ thương còn thật thà nữa",0.0
Mấy thằg óc chó,2.0
"Thằng chó đẻ Viruss, hãy khả lại bình yên cho anh Jack của tao đi.",2.0
Nguyệt Ánh bạn ơi:)) tới công chuyện,0.0
cháu còn nhỏ đừng xạo loz theo bố cháu nhé tùng,1.0
Sống chậm lại được k.tết rồi,0.0
:( v,0.0
Buồn anh tôi :(,0.0
nhìn cx xinh nhà cx có vẻ điều kiện mà mất nhận thức vậy?,1.0
Chán cho đời cái gì cũng làm được ko bk thương người j cả muốn có ăn thì đi làm muốn có tiền phải lao động sống mà ko bk lao động tự kiếm ăn cứ ăn trộm cắp hoài có ngày họ vả cho ko còn cái răng rồi chừng đó la với khóc,2.0
Đume lấy tiền đô đi đường quyền nó cô 💵💵💵,1.0
"Anh kata đánh hay quá, KDA rank thách đấu thế kia thì.... Gì chứ gánh 3 thằng vàng bẩn thì dư sức, nhưng xui cái tự nhiên có thêm 1 thằng đct bẩn nữa vào thì có vẻ hơi quá sức anh kata",1.0
Xin vd pro,0.0
"Đất nước Qatar mọi rợ đã sinh ra những thằng như mày. Và mày đã mang cái mọi rợ của đất nước mày đi khắp nơi, đến cả trận bóng đá Viet Nam vs Thailand",2.0
Chúng mày chụp mũ vãi lồn chúng mày còn chưa hiểu ý thằng Cường là sao đã auto chửi nó là thằng bán nước ?,1.0
"Tao thấy mày giống sát chết đang ngồi quán, con quỷ ơi",2.0
"Yogurt ơi cứu lok, có 5ty thôi mà",0.0
Lỗi cc,1.0
phãn nộ là chó,1.0
địt mẹ lông thì nhiều,2.0
"Mẹ nó,, mấy con thú..",2.0
Thanh Thảo quần què nầy 😪,0.0
Ông phá bao nhiêu đội tuyển câu lạc bộ cũ của ông cùng 1 kịch bản như thế này rồi tới Đội tuyển Việt Nam ông vẫn tiếp tục phá như vậy mà không khá lên được . Con người giống như ông ở Việt Nam chúng tôi gọi là ngu nâu dốt b… Xem thêm,0.0
địt con bà m nữa. suốt ngày lằng nhằng. nghỉ thì nghỉ cụ m đi. mấy con chó này. suốt ngày đăng tin hãm lồn,2.0
Tuyền Phạm,0.0
- là lỗi của chị Nhung nữa :<,0.0
"đóm con, à không, đám ruồi con mà như lũ ong á bro, đụng nhẹ là nhạy cảm tới chích bro theo bầy đàn liền",1.0
Chó việt cộng lo ăn cứt chó tàu nên đâu quan tâm phù vs chả xa :)),2.0
🙂🙂gửi mấy con bò,2.0
xin con cặc đjtme bỏ nghề dùm t =)),1.0
Cảnh này có lẽ A rầy quá hầy 😂😂,0.0
mê cách ảnh hơn thua vs anti,0.0
cau mong cho e gai do tìm được chiec xe,0.0
Xin lozz cc chứ xl,1.0
mầy thì,0.0
cám ơn ad vì sự thay đổi nhỏ này :'(,0.0
dm bữa ni đường 3m cũng có CA đứng @@,1.0
Trend Hàn quốc học mót Việt Nam 🤣🤣🤣,0.0
nó ngu mà nó muốn làm bố ngta . Đăng cát stt là ngta phải đến gặp nó k bằng : )) cãi nhau vs ruồi đít led toàn k não mệt kinh,1.0
con kia bị thần kinh nứng à,2.0
A di da phat,0.0
miền nam gà ác,2.0
quá vip kkk đúng tuổi lồn,0.0
thích nhây cơ :)),0.0
"Làm ăn buôn bán kể cả đàn bà đàn ông, mà ngồi trên xe đeo khẩu trang là phải tỉnh, hoặc ngồi trên xe cho con xuống mua rồi gọi mình ra hỏi phải tỉnh,,",0.0
đã tăng 2 đến 7 thì dân lợi cái lồn mẹ chúng nó à,1.0
nick ổng sập r,0.0
Cái con tinh trùng khuyết tật này xaolol mua ko xài được đâu,2.0
So cl dit conbamay :))),2.0
"Chương trình riết nhảm, bế tắc. Mời bọn tục tỉu, vô văn hóa lên tv.",2.0
Mấy đưá mõm phật thấy chưa. Đến khi bắt đc đập chết lại bảo ác. Của người ta cày mấy năm.,1.0
 =)) ra CA nào không có bằng chứng không có camera quay lại thì lên bằng mắt nha con lên chứng minh đây là xe đạp của mình à lên CA coi nó tát cho tỉnh ra đấy,0.0
"a rất cảm ơn mấy đứa bợ đít như chú, a e a cảm ơn em nhiều.",1.0
"phải thế mới me được mấy thằng lồn vi phạm luật giao thông chứ , bắt hết con mẹ tụi nó đi mấy anh ơi .",2.0
Kỉ Niệm vcl du thứ nhất t thích những mẻ mạnh thứ 2 t ghét loại súc vật như chúng m z á đánh ncc zô thể hiện sủa :)) xong kêu bọn t fan :)))? Haiij não nhau à cu game giải trí mà gặp chúng m xoá mẹ game đi,2.0
Mực đần,2.0
Nhục mặt chửi nhau roi giờ chơi nhau chửi mướn đề con vk trả tien kaaaaaa,1.0
Nick fake thật là nhanh :)) HoangAnh Tú,0.0
8h sáng cũng phải lên luôn nhaaa,0.0
Tài sản của nhân dân hạch hẹ không kiếm được cái bánh mì thì thu về biến của dân thành sắt vụn bao không có CSGT đứng đường thì nhân dân ta mới phát triển được,0.0
Có nên tử hình những con người thiếu ý thức cộng đồng nv ko nhỉ. Chả khác nào tuấn khỉ vs những kẻ sát nhân máu lạnh :((,2.0
"Nguyễn Lê Vĩnh Hưng ""gần 100 triệu dân Việt Nam đều nhận thấy điều đó"" ??? không xem báo đài à mà kêu gần 100 triệu dân VN đều thấy điều đó?. Làm ơn hãy ngồi đọc báo, xem tin tức bình luận, đọc nhiều hơn để có học hơn nhé!",0.0
nói ra làm gì lại bị mấy em bị thiểu năng trí tuệ táp v anh,1.0
nhà đóm toàn rác :))),1.0
Luôn ủng hộ K-ATM,0.0
"Thất vọng với kết quả trước đội Indonesia khiến đội không tiến bộ. Tôi hoàn toàn chịu trách nhiệm cho kết quả này, nhưng trong trận đấu cuối cùng, chúng ta cần phải chiến đấu vì ba điểm để vinh dự. Hi vọng cả nhà động viên chúng tôi. Hãy động viên chúng tôi",0.0
Chưa 24h là bị lụm lại ngây,0.0
Làm xong r xinloi,0.0
Nhà dột từ nóc,1.0
Vẫn còn buồn hả bạn???,0.0
Bọn khốn,2.0
"10 ngàn nè, 2 chục nè đi đường quyền hông",0.0
em có rùi a ạ :))),0.0
Xem lũ chó cộng sản ko có dân chủ ở nước nó làm gì ở đất nước tự do kìa.😏😏,2.0
ông đánh ngu người ta chửi ông đánh ngu thì ông nói ngta nói xấu vãi l thật,2.0
"Chó là bạn, đéo phải tôi 😂😂",1.0
bồi thường 5 củ đc k,0.0
Trọng tài như cái lòn bóng chạm tay bên cầu thủ thái lan rồi còn không thổi,2.0
b ns mình thấy hài vãi=),0.0
Coi tu chu den khach.met dai qua.noi chui ma deo thay chui toan la quang cao xam lo ko,2.0
Địt con mẹ bọn khốn nạn,2.0
"Lớn vậy đi fan cu tùng sói, vãi thật, thương yêu nó đc rồi , già đâu fan đứa cháu vãi lờ",1.0
"Mong pháp luật, sử đúng tội. Ko chúng nó cậy có tiền, có quyền coi mạng người như cỏ rác.",1.0
Nếu bi cháy nổ thì công an phải chịu trách nhiệm bồi thường vô điều kiện,0.0
đéo phải tiền bọn nó nên nó mới kinh doanh ngu như chó thế. Tiền của nó thì nó đã khác,1.0
chia buồn cùng gia đình kid cận huyết nghèo hèn sua chill lofi cho đưa bà già kid về nơi an nghỉ,2.0
xin cái cc,1.0
Lần cuối ông dc dùng facebook đấy,0.0
sao mà dùng toàn luật dầu mỏ vậy bóng đá chứ phải sọt rác đâu mà lại dơ đến cái mức này vậy trọng tài :)))))))),1.0
Thk Hassakon Thái Lan chỉ là một con chó bị giết thịt. Việt Nam sẽ thắng Thái Lan,2.0
Những loại người ăn bẩn rất sống lâu nhưng nhục như chó,2.0
Chơi vs nó cho nó đc cái gì mà kêu chơi hết mình :)),0.0
Thối nát quá r!!!!!!!!!!!!,1.0
"Ơ cái địt con mẹ con Vj Chon lon nào vào sủa cái câu ngu ngục vcl =))) mục đích ca sĩ ra bài là để cho khán giả nghe ,thưởng thức. Và các khán giả có quyền nhân xét về sản phẩm đó ? Lại là mấy con fans hâm mộ trẩu tre này",2.0
Vl :)),1.0
"Địt mẹ suốt ngày mị dân ,nâng bi tự sướng",2.0
xám xí,1.0
ae bình tĩnh là tôi hỏi,0.0
Mẹ cái thằng chó đẻ này mày bắt bóng cũng ngu như một con chó,2.0
Oiiiii nàng công chúa,0.0
Xin thằng cha già mày,2.0
ra luật cứ ăn trộm xe bắn bỏ xem thử trộm nữa ko,0.0
trẻ trâu biết cái đép gì,1.0
Nguyễn Minh Phương em ngủ luônnn,0.0
Pha ke có đầu tư,0.0
Kien Tran có 10 tỷ gì căng =)))))))),0.0
ngu thì câm,1.0
Nên để công Vinh thay ông còn tốt hơn,0.0
"thật sự ạ , với cái KDa cày thuê này hoàn toàn không thuyết phục tôi, nên tôi đề nghị khởi điểm mức giá bk3 lên kc4 là 10 đồng không lẻ 1 xu vì đéo ai tranh dành đâu",1.0
mồm kêu là chơi với bạn hết mình nhưng lại bet 800k vào tồ ? bạn bè với loại m thì cũng vãi l bi a,2.0
Con điên xóm đao,2.0
"phản động là những đứa dám nói ""xấu"", nói xéo, và nói lên sự thật, đi ngược với đường lối của đoảng và bọn dư lợn viên lương 3 tháng 1 củ ( á nhầm 3 củ 1 tháng)",1.0
Nozza Nguyễn cho mấy câu tiếng anh đi mi,0.0
Lại bảo ghép :v,0.0
troussier cút khỏi việt nam,1.0
Thằng chó Ngọc đang bưng nồi cơm đã vở và ngồi khóc trong bịnh viện ung bướu vì hít thở không khí ô nhiễm!,2.0
Lũ khốn nạn,2.0
Xin lỗi là xong à con tinh trùng khuyết tật này,2.0
Chi ba khac moi k co cailoncat khong,1.0
2 người nói chuyện với co gái chắc là đồng bọn đánh lạc hướng,0.0
Thanh Mạnh Nguyễn Quang Huy Nguyễn Minh Quân Nguyễn Huy so cái djt tk bà già m :)),2.0
Chó ăn Cức,1.0
Face r cho tui xin fb trọng tài,0.0
Một lũ súc sanh lưng dài vai rộng ????,2.0
Bắt như lol,1.0
Bài hát này đang có quảng cáo,0.0
bệnh dịch corona cuvid 19 lai tạo.con giặc  corona cuvid 20 lai tạo. 2 loại này Thuột dạng báo đời,2.0
Rồi mất gì phải nc nhiều. Mà ra khỏi quầy của mình vậy,0.0
love cô <3,0.0
"Thằng ngu ,đầu đất",2.0
Thằng điên văn vở câu like rẻ tiền----CÚT,2.0
Phúc Báo dịch thì sát đít mà đi du lịch như đéo có chuyện gì rồi mang về Việt Nam đéo hiểu mấy đĩ nhà giàu này,2.0
 Why cái l*n mẹ mày,2.0
mày sv đó,2.0
Nguyễn Nghĩa mi lúc mô ko nứng,1.0
Nhìn mặt cụ chắc vào đảng của rằm tháng 7 ^^,0.0
Xin cái lìn dân tao,1.0
chia buồn cùng gia đình kid cận huyết sua chill lofi,1.0
Thôi hoà bình công lý gì? Làm loạn :3,0.0
Gái mẹ m,2.0
Xin lỗi qq nha,1.0
xin cái mả bố m về nè,1.0
Ông biến luôn đi. Loại bảo thủ. Tôi ko giỏi nhưng cũng ko ngu dốt như ông đâu.,2.0
Máu lồn của gái Thái nó đố đầy mồm thằng trọng tài này rồi.,2.0
Quan trọng vẫn là đồng lòng và ý thức,0.0
thằng này nó chơi với tiến bịp hay sao mà nó lại k xanh chín thế ông nhỉ :)),1.0
A vẫn chăm chỉ nayd a vẫn cố găng cho đến khi lỗ đít của a bị mọc đinh 🤧🤧 kiểu vừa đấm vừa xoa .. Rap fofun vc 🤣🤣🤣,1.0
Hoài Đặng tối em cosplay sion cho ae xem,0.0
Tuan Tran Tui thấy nó lặp lại câu chửi hơi nhiều,0.0
Nguyễn Kim Chi lây cho khỉ rồi sao. 🤣,0.0
Chuẩn bị bay acc trọng tài,0.0
Còn mẹ nó . bắt được đáp chết mẹ nó đi,2.0
Giờ tao thấy hối hận khi vừa nc với 1 con bò,1.0
Xin cai con mẹ mày.,2.0
Cho hỏi đây la 1 quần hay 2 quần ạ???,0.0
Đấu khẩu - Chim lợn 👍,1.0
đm mày thang chó bán độ,2.0
Tiến Lê bố m thích đấy đạo đức cl,2.0
Cứ ngỡ là Black widow :)),0.0
Xl cái loz mụn rr ku,1.0
Đây là câu nói mà rất nhiều ae muốn gửi gắm tới anh Tiệp :))),0.0
Cái thần này.gió chieu nao .che chiei đo.khau ngiep.chet ko đau thai,2.0
Xin phép copy của bạn,0.0
Ăn cấp có ngày quả báo,1.0
Con mẹ mày trốn học thầy tao qua đây khịa cái gì đây 😁😁😁,2.0
Mai Lúm có thật k 🙄,0.0
Mé xem lại đi manh rõ ràng đcm,1.0
Do mẹ nữa nhaaaa các cô chú,0.0
"Công cha như núi thái sơn, nghĩa mẹ như nước trong nguồn chảy ra, rảnh về phụ mẹ giúp cha, cực kì thuyết phục mả cha chúng mày =)))))",2.0
"Bọn lừa ưa nặng, quen đưa đít cho nhà nc thông rồi ;))",2.0
Ngay lúc này lun. Sợ quá 😭😭😭,0.0
Hảo hán,0.0
Toàn bãi rác công cộng,2.0
hlv huấn luyện như đầu bòi đá chả sút dc phát loz nào ra hồn,2.0
Link thật,0.0
Mày ko thay đổi thì ko những bị khóa mõm và khóa luôn cả tay mày luôn,1.0
Để đây và không nói gì :)),0.0
nói cl gì z mẹ. Nói mà để ng ta từ chối hiểu hay gì á,1.0
Cực kì thuyết phục :*),0.0
Cũng có thế nói là mất hết =)),0.0
Thôi xong ăn lol rồi,1.0
Mấy con chó không làm mà doi có ăn vô tu mà ăn,2.0
Tao địt vk mầy rồi tao sorry mầy chịu không,2.0
mất dạy,1.0
:))) che mặt rồi nhé,0.0
5 tỉ tiền bàn phím,0.0
Mẹ tổ mi giờ xin lỗi đc ích chó gì,2.0
nó chửi ô đúng quad tôi bênh k nổi,0.0
Mày ăn tiền người ta chứ có free đéo đâu mà chơi với bời v Mực lz,2.0
Thu Nguyễn giả vờ hỏi chuyện nè,0.0
Tập này cj Lâm Khánh Chi đẹp mà nhìn thấy hiền dễ thương ghê,0.0
Một thanh niên rảnh lol cho hay. Dkm nhà mày nó có tiền nó có của nó muốn làm sao nó làm nó ko bỏ ra 500tr nó quyên góp nó kêu gọi quyên góp thì lấy lol đâu ra ng quyên góp thiết nghĩ mày kêu gọi quyên góp thì chắc đk đồng lol nào mà phán loại mày nổi tiếng như nó chắc j đã cho dân đk đồng lol nào . Nên đã ko có cho thì đừng đáp cứt hội đồng rảnh lol,2.0
Đánh như cái đb Dcu m,2.0
Ai có nhóm bóng đá của thailan k. Sang chúc mừng nước bạn mua trọng tài thành công,0.0
Chạy đâu cho thoát nếu CA tích cực điều tra.,0.0
Cực kỳ thuyết phục anh êi,0.0
bán thì kh lo .. cứ nhiều chuyện,0.0
Dell cần m xl,1.0
😞,0.0
Mai koo dc lam fan cung :<,0.0
Má trọng tài như bull shit,2.0
lên xem live đánh thế nào=)) 3 game 2 game bú rank bkim hài vkl,0.0
"ô nhiễm ở cái thành phố Hôi Chết Mẹ thì nó bảo là sương mù xuất hiện đẹp như Đà Lạt thứ hai, còn ở Hà Nội chắc đẹp như Sapa, ờ thì Đà Lạt với Sapa nhé",1.0
Người j đâu mà chưởi người Việt NAM MÌNH trưởi người ta quá trời ĐÚNG LÀ BÃ CHƯA THẤY QUAN TÀI CHƯA ĐỔ LỆ,1.0
Khốn nan. Súc vật.,2.0
"hầu tòa kiểu gì b, b hiểu quỳ trình để đem ai đó ra hầu tòa ko, ko cần nói đích danh, nhưng ai cũng hiểu là đang nói rách 5 củ thể mới tài, còn như idol, b ngoài status ra thì có cái vốn liếng gì ngoài trẻ trâu đâu, ca sĩ có tên tuổi mà … Xem thêm",1.0
Bởi dừa lờ t lắm cho chừa cái tật chơi dọng cha dọng mẹ rồi bị chặt :)))))),1.0
Thảo NG thua tại dốt av qa :v,0.0
Mê trai đầu thai vẫn còn mê,0.0
đừng tự biến mình thành nạn nhân nữa trời ạ,0.0
Nguyễn Chất quả ti vi hỏng làm như đúng rồi,0.0
Tham nhũng hèn gì chúng nó giàu thế,1.0
Ngô Sĩ Phú ở nhà đi bạn eh,0.0
Thằng trọng tài xúc nô,2.0
Noctune huyết trượng đầu à :))?,0.0
"t thấy lần nào nó chả lên tiếng :))) toàn nói lấp lửng làm ng bị hại, lấy luật sư ra hù thiên hạ, lấy niềm tin của tụi fan. Rẻ Rách",1.0
Thằng chó ăn hại bất tài,2.0
nói như mửa vào dái t âhhahah,1.0
kda thì toàn âm lính thì ko có game nào fam gần bằng time =)),0.0
Ngu thì thua khóc lóc cái l,1.0
Sao chúng mày ko nhịn tham ô cửa quyền đi .,2.0
Khá tú,0.0
Cave mãi là Cave thôi,1.0
có thời luôn ha,0.0
Não chó,1.0
chả tk nào già đầu mà nc kiểu nguu như m Tao nói thật Bớt sỹ,2.0
"H mới xem clip của 2 ông var nhau, 2 bố chơi game đều toxic như nhau nhma phải công nhận thẳng thắn là sau cái này đ ưa nổi th quyền kalis thật, kiểu đm cùn thì nhất mà cùng nghề với nhau bẩn tính thật @@",2.0
đkm đứa nào bảo idol trần dần t mắc covid đấy :v,1.0
Vcl ạ,1.0
"ông nói thấm vãi l , đống cứt biết bay chả dám phản bác kkk",1.0
Trọng tài chắc được mua rồi.Thái Lan nhìu tiền mà.,0.0
Bọn giàu mà mang thua người nghèo nửa đm chán quá,1.0
Bọn chống cộng đã già còn sợ chết,2.0
Tham nhũng hèn gì chúng nó giàu thế,1.0
Đăng Ninh ke me m,2.0
Xong trận này trọng tài nên đổi nghề đi,0.0
Linda là nhất minh hiếu là nhì hihi,0.0
"Hình như đằng sau là chữ hotel, bỏ qua bước hôn má luôn ấy chứ 😂",0.0
chưa gì cmt đã nói người khác học c2 đâu phải anh nhóc ác như em đâu mà c2 nói chuyện là biết đéo ra gì còn toả ra lịch sự,1.0
Lữ bố cao bằng chất quá🙄,0.0
Thầy ba dơ lắm cô ơi,1.0
Cúp cái địt con mm ah…,2.0
"đấy, cái địt mẹ cái bọn thành phố cứ đòi bình đẳng chuyện cộng điểm đi, sao chúng mày không về đây sống thử đi hộ tao cái\",2.0
"Mấy con đĩ chửi chị này có tìm hiểu không vậy? Bả chửi người ta bả sai nhưng trước đó bà 3 vàng mã thiếu nợ bả, kêu bả chửi người ta, ko chửi thì ko trả tiền. Bày đặt kêu khẩu nghiệp, mấy con đĩ hay kêu khẩu nghiệp là mấy con sống chó nhất ấy :)))",2.0
Đúng là xem mâý clip nây không tha cho nó đůöc nhìn cái mõm nó góm quá,1.0
Địt cái con cụ m bắt như cái lồn,2.0
Kkk,0.0
Xin an cút,1.0
Jasmine Bui tứ quý nào cũng chặt đc đôi heo hết,0.0
Oanh Võ việc học rất quan trọng bé ạ. Học để biết tư duy đúng sai kkkk,0.0
Đéo làm even nho nhỏ giải nghiệp đi abe :)),1.0
Rồi pháp luật. Công an. Chính quyền lm nhưng việc gì mà để tụi nó lộng hành như vậy,0.0
Mom cho ko moc dc nga Voi,1.0
tị tào lao,1.0
Acc fake mấy ba ơi,0.0
mẹ cho ăn cơm chứ có cho ăn cức đâu mà bênh ido nguuu v con con gái ngta nói v cho khôn đó con,2.0
Lũ an không làm biếng đi chiếm đoạt tài sản của người khác là trời tru đất diệt,2.0
Tại sao K-ICM được coi là ca sĩ !!!!,0.0
"Nói tóm lại là thời gian này A chung đang bị ngáo đá nên toàn nói lung tung, hầu như phát biểu không có chuẩn mực ))) Thương cho Dân thủ đô có người đứng đầu vô liêm sỉ ......... Tốt nhất cho A í vào trại cai tiền thôi kkkkkkkk",1.0
Hay lắm 35 ng rồi cbi hỏng rồi đang cănng mà vẫn chưa cho các cháu thpt nghỉ,0.0
Làm cho tới lun Jack ơi,0.0
Ng Tuấn Châu uầy gắt vđ,1.0
Mực lên bài đi kèo vs Vayne đi anh,0.0
xin lỗi mẹ mày,2.0
ai dám khinh thường anh tài t ,0.0
Trang mình có đồ xinh ạ,0.0
chứ ko phải sợ bị khui ra những bí mật động trời mà ắt đang cố giấu ư =)),0.0
Hồ Vy thề y chang =)))),0.0
Xin vĩnh biệt trọng tài fb của trọng tài ko còn đc lâu đâu,0.0
Dep wa,0.0
Nghèo còn gặp cặn bã,2.0
"Công an lên làm thủ tướng nên se ra luật có lợi cho bọn công an. Luật sư cái chó gì ở VN. Tòa án nó muốn thì nó mời. Ghét thì nó đuổi chạy như chó. Ngoan ngoãn nghe lời thì Luật sư có cháo húp, không nghe lời nó đánh trào máu như vụ 2 luật sư bị đánh. Ai đánh đây?",1.0
Tôi thấy cô này xôi ngon!,0.0
Kon mẹ nó riết tụi công an này nó điên rồi,2.0
chết cụ nội m đi,2.0
Xong rồi hết đường,0.0
"Thoát sao được lưới trời ,thời 4.0 rồi mà vẫn trộm cướp ,ngày xưa 5 năm 10 năm người ta vẫn điều tra ra được bây giờ chỉ phút mốt là toi",0.0
Chó chết,1.0
Óc chó,1.0
Xin xin cái th cha m à,2.0
"Lộ đoạn ghi âm Rách xin beat VR kìa ở đó mà làm việc công với chả tâm uy tín với danh dự , tự ái nhột rồi đăng bài làm việc để lùa gà với fan",0.0
bọn nó hại người là vậy nhưng nếu có lỡ làm gì tụi nó đau cái là công an lại bắt mình bỏ tù.,0.0
chiu,0.0
Bọn khốn nạn sẽ có ngày gặp ma,2.0
Người ta có chồng có con thơ dại.,0.0
Chưa cạo râu kìa con bóng Lông xiên,2.0
Cho em hỏi cô chuyển giới chưa ạ,0.0
Hiếu Bến Tre lũ người haha là cặn bã,2.0
ôi fake,1.0
Nói đéo ngoa thì cái xh này nát vcl rồi ế 😕😕😕,1.0
Vâng chỉ có ở VN.... 1 đất nước tự do ngôn luận là thứ xa sĩ.... vãi VN...,1.0
"Lít xăng, cây kẹo, gạo, nước uống ... mày đang đống thế cả đấy thằng trẩu nhi ! Nói chuyện mở mồm đéo, đm, ngứa háng - văn hóa lắm cơ.",2.0
Lỗi con cặc bộ mặt hãm lồnnnnnn,2.0
Thuỳ Trang Kokkai Pham :)))),0.0
Chán thật,0.0
Sao luật sư Nguyễn Anh Thơm xóa hết bài về bé rồi ạ? Khóa commnet hay luật sự ko bào chữa nữa,0.0
ĐM thằng thớt page này đúng là thánh tổ lái kiểu đéo gì nó cũng quay đc.Phi tên lửa bằng mõm ít thui k đang Lái Trên Đường bom nổ chết mẹ mày đấy.,2.0
"m chửi cho cố zô kêu việt nam thua rồi giờ xin lỗi có lòng tự trọng quá ha , ăn tiền cho cố lúc gần hết trận xin lỗi , làm đc thì làm ko thì nghỉ",1.0
Vô chửi nó,1.0
thẻ đỏ đi trọng tài,0.0
top mạnh nhất là cái gig,0.0
"Nguyễn Hồng Phúc má, nghỉ làm trọng tài đi, trọng tài như cứt :)))",2.0
"Thử trộm xe của ngân hàng hay tiệm vàng coi, trưa nó trộm chiều bị lụm liền, cần dân đen á. Mua chiếc mới đi e",0.0
Cảnh giác Chim moi,0.0
Bởi vậy Xh ngày càng vô cảm,0.0
"Mo mom ra biet ngu.nghi sao dung tu nhin,",1.0
ai biết cày thuê là gì đâu ní,0.0
Con gia nay sao ra duong duong xe no tong chet me duoi gam xe,2.0
Nhìn mặt con chó này biết ngu rồi,2.0
Tôi Thích Chú P. Anh giúp đỡ cho nhiều người ngèo. Còn DMCS. Đéo làm được con cặc gì hết toàn là làm mầu thôi,2.0
Tiền mà k xem trọng sau này không có cháu mà húp,0.0
Loại này phải cách ly vĩnh viễn,1.0
thầy của tụi bay nè,0.0
"Anh Nhi mày cũng thuộc thể loại vi khuẩn, vi rút đó hả. Mày ch.ết mịa mày nè",2.0
Kể cả mở nắp bồn cầu cũng nên đái nhẹ nhàng và thanh lịch thôi. Đm rớt vài giọt ra mép bồn cầu t nhìn mà tức nhức nách,1.0
công kích z 3,0.0
"công nghệ làm sạch môi trường của nhật cản trở tham nhũng của công chức búa liềm, đúng là chuyện hài nhà sản",1.0
ghê dữ d. Có giỏi m đi táp hết mấy ng trong cmt để bênh con bạn m đi . T ủng hộ đó,1.0
"J97 bị ổn lào mà nhận vơ hả, ăn cắp công sức ngkhac ko biết ngại thì chịu r :)))",2.0
Trẻ trâu đó =))),0.0
 sáng tỏ chưa ?,0.0
Bỏ tật n chuyện với ng lạ,0.0
Thần kinh tọa,0.0
"J97 nhà bọn m hiền đéo j , có vụ gì thì chả tap lại , t coi nó hiền đéo đâu , đăng bên trang cá nhân , stt đó ngay sau khi video của viruss xem video âm nhạc của jack , đéo phải bóng gió mà nói thẳng là kiếm tiền ít nên kiếm fame , có nhận thức về đọc hiểu thì về đọc lại đi nhé , bóng gió đéo gì . Nên nhớ vụ k hồi âm là đến bây giờ mới liên hệ chứ k phải lúc đó . Gặp trực tiếp ngta , ng lớn đéo j lên viết stt . Nhắc lại là t đéo phải fan 2 ng . T cũng đang mong bọn não ngắn như chúng m vào cắn viruss để t hóng tiếp",1.0
"Chỉ bán xôi . Chỉ noi chuyện về xôi , mua hoặc không . Nói gì mà lắm thế , bàn về kinh tế chính trị hả . Thấy trai là tươm tướp à",0.0
3 thằng tồi Chúng mày làm xấu mặt đàn ông bọn tao ra,0.0
"đền cái cc nhá, vào nước ng ta phá hoại, dân đéo đồng ý nhá, chỉ có tay sai cho tàu đồng ý cho vào thôi. Cút hết về nước",1.0
hhhh ai vả hâhhh t cười ẻ làm trò hề à,0.0
Tốt nhất là giết bỏ đi vài thành phần óc chó đó là vừa,1.0
Cho chừa cái tội me trai nha em thấy trai cái sắp sắp vô nha kkkk,0.0
Ad page này có quan tâm gì đâu. Chỉ quan tâm nói đểu nói xoáy thôi mà. Đm ad,1.0
T đang nhìn clgv 🙂,1.0
top dog nhé,1.0
Xin cái con mẹ mày,1.0
Philippe Troussier bách nhục,1.0
cứ lo soi mói ngta xem lại con ny mày đang bị ngta nút lưỡi kìa thằng ngu..ngta đăng bài bán acc có biết đọc chữ éo đâu mà cmt ...cái thứ học ko tới nơi tới chốn,2.0
". Tìm hiểu dùm mình nhen bạn, ko phải cứ tây ăn cứt thì ta cũng ăn cứt nhen !",1.0
Hanh Le happy story,0.0
Sắp tự kỉ vì quá mệt mỏi thì gặp ngay quả ảnh đéo đỡ nổi 🙂,1.0
Nhà nàng ở cạnh nhà tui,0.0
"Hanh Viet ở nhà giúp mẹ giúp cha , ở đây soi soi mã cha chúng mày :))",2.0
Chơi gêm mà rên ác thiệt chứ,0.0
Loại này phải cách ly vĩnh viễn,1.0
Nó thích mình nó đã yêu cmm luôn chứ bắt m đợi làm lồn gì. Đợi chỉ là lí do để nó tìm xem có kèo nào ngon hơn không thôi,1.0
phải thầy k ta,0.0
idol của tui,0.0
Người dân Việt Nam ko dư tiền đâu mấy ông VFF,0.0
ê cu. Đang chửi nhau lôi bắc kì vậy hả thằng con nít. Tiếng việt còn đéo sõi bày đặt nói tiếng anh :)) nhóc con,1.0
Thằng ngu,2.0
Nice,0.0
2 ngày r mà toà đâu chưa thấy,0.0
thằng cu này nó cay lắm òi bro :))) loạn ngôn chuyển dần qua phân biệt ae nam bắc rồi. trong khi t ở Sài Gòn. gốc sg :))),0.0
mong rách vượt qua bão tố mà ko thêm rách nhé,1.0
thấy bị cắn chưa,1.0
"Theo ý thằng ad là: cứ hùng hồn qua trung quốc mà bảo: mày xả đập cho tao, ko tao sẽ ném boom mày. Ad mộng du",2.0
"Giá xăng rẻ hơn vài ngàn đồng, thu nhập cá nhân thì thấp hơn vài ngàn đô, thiên đường XHCN",0.0
Rank bk mà cày thuê có vẻ khổ z -.- cần trình Lb kéo k -.-,0.0
"Đàn ông ai chả thích vk sạch sẽ gọn gàng thơm tho, rồi hồng hào, đàn bà còn muốn nữa là đàn ông, bà nào hôi viêm ngứa ngáy rồi chỗ đó rộng thì mua viên đặt chỗ shop Trang Lê này vừa sạch sẽ mà khít thơm, ck hôn hít bên dưới đỡ ngại ngùng ,mà chỉ có sướng rên cả hai thôi",0.0
"Ý thức người Văn Minh có khác , cao chót vót đéo với nổi .",1.0
"Đã giữ lâu, phạt lại cao, thu tiền bãi, đem xe đi sửa nữa thì bằng tiền mua mới",0.0
Cái bọn này chỉ muốn ngồi mát mà ăn bát vàng này mà bắt được nên cho vào tù mọt gông luôn!,1.0
 Đạo thiên lý thì nghe bài memories của Maroon 5 bé nhé,0.0
đần quá em à,1.0
Đánh thì gà đtc đồ ha =)),1.0
"AE THẤY HAY THÌ CHO XIN 1 ĐĂNG KÝ KÊNH Ạ,,,CẢM ƠN",0.0
Sory cái địt mẹ nhà m bắt bẩn như cc loại m sứng đáng bú cú bố m,2.0
Xin lỗi mà được à???,0.0
cút ngay về nước ông đi,1.0
Hai Vu trong truyền thuyết đây hả :))),0.0
Ri cái đị mẹ mày fake,2.0
Bắt ngu như chó,1.0
"Lúc trước không biết page nào có share cmt các thứ, ông thầy nói chuyện ngu vl. Đang tranh luận thì xóa cmt, xong bảo nó phát ngôn bừa bãi, tag người này người khác vào làm chứng để lập biên bản. Trong khi mọi người hỏi nó nói gì thì kêu nó nói bậy nên xóa cmt, chưa kịp chụp ảnh. :v",1.0
"Vậy mà mày nói tiếng VN, đẻ ra tại VN đấy ad chó ah",2.0
"Đm trang này phản động mọi người ạ. THP là doanh nghiệp nhà nước làm gì có chuyện sai trái bao giờ, bọn nó đào bùn lấy cặn đấy.",2.0
bố mẹ sẽ tự hào lắm khi con sẽ đi hâm mộ một đứa bỏ con =)),1.0
giống abe,0.0
Em khuyên thầy:,0.0
Nghĩa Nguyễn dễ toang lắm,0.0
về 572 gia định mà đòi đất ....kkkkkk..già mà ngu vl,1.0
"Jack và công ty J97 đang rất thiện chí trong việc liên hệ, làm rõ thông tin sai lệch vừa qua từ phía ViruSs. Mong rằng ViruSs cũng như đại diện bên anh sẽ có phản hồi sớm cho Jack. Đồng thời, ngừng việc đưa thêm thông tin dẫn dắt cộng đồng mạng bằng cá… Xem thêm",0.0
thế À ! Thế biết tại sao ng ta hay gọi thg công an chú bộ đội ko . . M nghỉ ai cũng như m ns à . M chỉ toàn ns mặt nổi sao ko lôi mặt chìm ra mà ns . Biết bao nhiêu vụ sao ko kể ra . Hay là đút lót r cho qua chuyện . Bọn t cũng làm công ăn lương cả thôi . Dân Sai thì phạt nặng . Còn tụi m sai thì chỉ bị kiểm điểm r khiển trách cùng lắm thì bị điều đi công tác . Đến luật thì chưa chắc công an hiểu rõ bằng dân ở đó mà ns như kiểu m hiểu rõ luật lắm không bằng .,0.0
Ngu cứ thích thể hiệu toxic ngu học chơi game bớt ảo tưởng mặt lồn zero,2.0
Gái còn non quá e ơi những đưa hỏi đường ko mo khẩu trang đeo tra lời là vừa nhiều y lam,0.0
cu thì bé,1.0
So cái mã mẹ mày,2.0
nọ vừa thấy vd nó sủa farm tốt out farm ngứa đít vl :)))))),1.0
già cái đầu rồi đừng để t chửi cho thì nhục mặt,1.0
khốn nạn quá,1.0
Biết thế thì im cmm mồm đi. Lại còn đòi dân chủ hóa. Đm thg tàu nó mà bóp thì chỉ có chết. Biết điều nó còn tha cho. Bật nó hỏi xem có thg dân chủ nào ở cạnh mà cầu cứu k. Toàn mấy thg xàm,2.0
Tao tưởng coi thằng thiểu năng vs con dẹo,2.0
T tưởng t đang coi sếch,0.0
Huy Vũ đánh sion đúng cách,0.0
Con đỉ mẹ m,2.0
"thằng ad k muốn bme nó ra tù đấy mà, rõ khổ",1.0
Lũ qatar là bọn rác rưởi chúng mày hối lộ để đc đăg cai WC .lđbd chúng mày đều như nhau một lũ súc vật,2.0
Dường như có vẻ anh bạn trọng tài này biết được trước tương lai ae Việt Nam sẽ làm gì cái acc tài khoản này nhỉ?,0.0
"Tôi cũng vây ,,,nói ko với tân hiệp phát",0.0
"Khốn nạn , mẹ thanh niên sức dài vai rộng đi trộm cướp , thứ chó",2.0
Hi vọng ông từ chức ngay sau trận đấu!!! Quá tệ,1.0
Sao tàn nhẫn quá vậy,1.0
Chết rồi ha mấy đứa,0.0
Fake mà mọi người,0.0
Mấy thánh mõm onl lại bắt đầu rồi,1.0
đúng phải bồi thường 5củ 1 tháng,0.0
Lý Cẩm Cương ngu thì rời dậy đéo có cả tư duy lên đồ,1.0
Loại ăn hại,1.0
 Mày có não không,1.0
Trong tai qua thien vị nghỉ mẹ di !!!!,1.0
Xin địa chỉ bán áo:)),0.0
bỏ con mà vẫn fan nó tồi tệ thật,2.0
Đi coppy ảnh của page khác không ghi nguồn. :))) kém chuyên nghiệp,1.0
Vậy cũng đc nữa,0.0
4 thằng chứ ko phãi ba...bắt đc đánh què tay,1.0
"vn giờ ra luật chộm cắp thì tử hình, bố tk nào dám chộm nữa, thề.",1.0
Thứ bóng dơ,1.0
Nghỉ mẹ đi,1.0
"Mấy thằng này ko làm mà muốn có ăn, nó ko tôn tại được lâu đâu, thể nào nó cũng gặp qua báo thôi",2.0
Tại sao ông không dùng những người có kinh nghiệm hơn tại sao ông lại tin dùng những cầu thủ trẻ tại sao,0.0
Su bin ( Phiá sau 1 cô gái ),0.0
Ui dào tòan cái lũ tham ô tham nhũng. Hốc hết cứt của dân thôi,2.0
Gà ngooo Gg ez,1.0
Tr dmm=)),0.0
Nói ko khách sáo. Trong tài trận này thật sự thiếu công bằng. Quá cẩu thả nên treo còi những vị như vậy,0.0
Phía công ty đã có thiện chí và liên hệ với bên kia . Bên kia ơi mau mau hồi âm lại xem thế nào đừng có im re như thế . Sao lắm lúc cũng thấy mồm khua múa nhanh lắm mà . Mấy ngày rồi mà ko thấy sủi tăm là sao là sao ta .Hiện hồn lên đi ( à nhầm xuất hiện) đi,0.0
Só cailoll mẹee m ra ngoài vòng cấm phạm lỗi còn ôm banh lại phạt thẻ vàng,2.0
"cái l má hỏi học hết c3 chưa trong khi vẫn đang học lớp 12 (2k6) =))) tao lạy m ạ th mực con ơi. Cái chữ pr nó kh đúng trong hoàn cảnh này nhé th nguu, có ai bị chửi vì bị th kia gánh rồi đăng bài pr kh? Hay là thừa nước đục thả câu?? Đ b… Xem thêm",1.0
Vừa tham gia.,0.0
Đụ mẹ bắt đã vô r giờ xin lỗi .xin vĩnh biệt mày á,2.0
"Nguyễn Lê Vĩnh Hưng "" tuyển cầu thủ là HLV chọn"" ??? nói câu biết ngay fan thời vụ rồi",0.0
"Cút mẹ về chăn trâu đi ,hlv ngu như chó",2.0
Sao nãy ko xin lỗi tao vĩnh biệt mày bây giờ,1.0
Khẩu nghiệp tụ vành môi v má,0.0
Khốn nạn xã hôi VN!,2.0
Để ý chiếc xe nha con kakaka. Kieu Anh Ly Tào Hữu Nghĩa,0.0
😍,0.0
Linh cẩu,0.0
ko tí nữa có người đến phá nhà🤣,0.0
mắt oắt tai rơi,1.0
Dm con bóng muộn màng nhìn gốm vkl,2.0
sale cc à thầy 😆😆,1.0
"Ông Trossie dẫn dắt hay quá, tương lai Việt Nam sẽ thành Nhật Bản thứ 2",0.0
Alo đc bạn,0.0
M bị bắt là đáng r thằng ad hãm lz.,2.0
Tốt nhất khuya rồi thì nên ngủ sớm !,0.0
Cũng chuyên nhiều lắm... và rất nhiệt tình,0.0
Mọe cái loại trai đéo phải nữ cũng không. Xàm lol quen,2.0
Địt ông cụ mày,2.0
Biết ăn cơm chứ biết ăn cức đâu mà nhai cái gì vậy ? mày chửi con gái là máy đéo = con súc vật hiểu chưa cái t2 mày sân si thì tao nghĩ chỉ có đàn bà thôi con ạ,2.0
Đm abe giống bóng vcccc,1.0
3 thằng hèn.,2.0
cc acc fake,1.0
cái tay cái tay,0.0
Sen cũng biết cướp sen dí mà ko kịp bảo vệ cô chủ v chết r sen ơi,0.0
Nguyễn Hồng cẩn thận nhé cháu,0.0
còn gì nữa đâu mà khóc với sầu,0.0
Cứ tưởng anh đánh nguu chứ,1.0
Đây mới đúng là ván bài lật ngửa..... Ha ha ha ha....,0.0
uk đroi,0.0
Lí do này nọ mắc mệt 🤷‍♀️🥴,0.0
Diệu Linh anh có nên làm quả đầu mới chơi trung thu không tar,0.0
Lol là nghĩa cười to cười lớn tao đang xem cười to cười lớn hả,0.0
Thùy Trang :)) thứ điên nó v á mày,2.0
Chắc anh quên chưa kéo lên thôi,0.0
Lũ máu lạnh bạo lực,2.0
link đâu con mẹ m,2.0
Live đi sợ cái đuồi bầu gì,1.0
"Có một người đàn ông nọ đứng ở giữa quảng trường và hét to: ""Lãnh đạo đất nước là những thằng ngu"".",2.0
Phoanh Lee đọc đi cho đỡ buồn :)),0.0
thương vr bị đạo nhạc mà sp đạo lại như cl,1.0
Thôi đi ông nội Fake vừa thôi,0.0
coi chừng có con :))),0.0
Bg ở VN nhiều thanh niên sống nhục nhỉ ? Sống như vậy uông kiếp người làm sv chi ha mồm doi người ta quang do ăn thua cho ăn,2.0
hơn giống loài tỏ ra thượng đẳng trong khi chả biết củ lìn gì.,2.0
Em bán xôi kiếm từng đồng lẻ mà nó cũng cướp kg tha,0.0
Lữ Văn Thánh đó là ý do tôi bảo ông trẩu,1.0
Reffere dick,2.0
VTV1 tẩy chai con đỉ Trần Mu,2.0
Giờ này thì gọi grab ship hàng thui chứ ra đường chi nữa :((((,0.0
Fake Tự nhiên vô hứng đạn cho ông kia,0.0
trẻ trâu à,1.0
Hãy cút đi thằng già HLV óc chó,2.0
Yêu chị quá. ♥️♥️♥️♥️♥️,0.0
Nhỏ này ranh con trong nhóm Dư Luận Viên của nhà nước ấy mà.cứ ai đưa tin Ji thì nó bay vào nói bất chấp đúng hay sai.ăn lương phải vậy bất chấp dân đói khổ.nó đâu đứng về phía công lí.nhóm tụi nó cả vào trăm đứa ăn lương vài triệu là để vậy.làm nhẹ dư luận khi ai đó đụng đến người chi lương nó...,1.0
Bọn khốn nạn hy vọng bọn chúng không sống được lâu,2.0
Má,1.0
Ad à thanh phố hcm cái củ cải. Kêu sài gòn đi nghe cai tên éo ưa,1.0
Anh ăn gì em cúng,0.0
"Người ta vi phạm giao thông thì giữ phương tiện đóng phạt , giữ tài sản của người ta rồi phải có trách nhiệm chứ , chắc lại chơi luật rừng huề phải không",0.0
Tội cho cô gái bán xôi:,0.0
VR có hẳn 1 buổi stream đối chất luôn rồi đó tính ra jack chưa đưa ra bằng chứng nào luôn á,0.0
Con này cũng xàm lồn lên chửi qua chửi lại chủ yếu nó ăn tiền nhà mạng . Con khùng thúi,2.0
. Mở Miệng Ra Phật Phật.... Mà Đỉ Lol Này Nọ... Ô Ế Cửa Phật,2.0
Ngu thì thua chứ cay gì,1.0
Con chó cũng là đồng phạm,0.0
Dô con chó trọng tai Trạm tay không tính ben,2.0
"Thằng hề , mặt thớt CÚT !!!",1.0
Chế độ nầy sắp tàn rồi nên hù thiên hạ !,1.0
Nguuu chơi game quạo,1.0
"biết bao xương máu của con dân Việt Nam đã đổ xuống nhuộm đỏ mảnh đất này mới có được ngày hôm nay, vì lòng tham không đáy mà bọn chó cộng sản tiếp tay cho trung cộng tàn phá đất nước, rồi sau này con cháu sẽ đào mã chôn xác bọn mày cùng tổ tiên nhà bọn mày lên rủa, bọn mày có chết cũng không được yên đâu,",2.0
Cô Minh Hiếu dethw quá à 🥰,0.0
Em đéo ra cao bằng gặp anh đc đcm,1.0
Đằng nào chả mất njk xin lỗi lmj cho mệt,1.0
"Thương thầy , thầy sela",0.0
"Dm, nó giàu nó mặc như lol người ta bảo đẹp:))",1.0
bỏ đi mà làm người tụi bây ăn cướp của ngươi nghèo giàu sao hông cướp,0.0
ditme bỏ nghề đi,1.0
Đúng r..,0.0
Ngọc Quyên cẩn thận nè e,0.0
Cái đù má ság ra mò cl j mà vào đc cái page loằn này hay vl thế nhỉ . Toàn mấy đkm tháh rãh cmn hág . Xin lỗi e hơi thiếu lịch sự tí. E xin xin phép dí buồi vào mặt Ad nhé. Page hay vl :)))))))),2.0
nhân dân VN tức là cờ đỏ. Còn đám cờ vàng là lũ súc vật lưu vong. Hiểu hông?,2.0
Thằng chó này :3,1.0
Nghe như đấm vào tai,1.0
Ủa sao nói nó khóc lóc xin lỗi rồi mà,0.0
"Đọc cmt mà t buồn cười vcl , fan thằng này toàn mấy thằng trẻ trâu . Đéo hiểu kiểu gì , đánh thì ngu mà nói rõ lắm",1.0
ĐÍNH CHÍNH ANH EM ĐÂY LÀ TÀI KHOẢN GIẢ MẢO,0.0
bọn tuyển thủ top tier hàn vẫn choke hoài chứ mẹ j ba thg rách này có cẹc j mà ko choke,2.0
3 cha con nó nhìn mặt là bt cô hồn dạ quỷ r,2.0
Loại này mau chết hết đi sống ăn bám trộm cướp xã hội không một ai ưa,2.0
Xem Tom và jerry đừnng xem mèo tom nữa :)),0.0
Tội nghiệp cháu quá hy vọng có phép màu để người mẹ đỡ đau lòng hơn,0.0
"Xin đừng tin ai ở cái xã hội này-lừa đảo , cướp giật ,trộm cắp khắp nơi.",0.0
Chính sách ngu dân ngày càng hiệu quả,1.0
đến chúa cũng ko thể cứu vãn nỗi con người đang quẩn trí 1 cách ảo tưởng này,1.0
Cố lên tôi tin chúng ta sẽ làm được,0.0
Mày cút khỏ đất nước tao đi. Loại vô dụng,1.0
hahaha ngu tỏ ra vẻ uyên thâm xog giờ oẳng lại tỏ ra vẻ cao ngạo à,1.0
Cho bỏ tật hóng hớt,0.0
Phải xử lý hình sự mới sáng mắt ra đc !,0.0
căng thẳng thế bro,0.0
mk chỉ thích xem a độ đá vs a bô béo,0.0
Kiến Hoàng chơi sion đúng cách nè mài,0.0
lũ khốn nạn.,2.0
"Trí Trần Xuân ""Anh thương em nhất mà"" nhé bro",0.0
Long Duy Đào cái tội ớ,0.0
"đâu vậy chỉ t nữa, chụp lại màn hình đi",0.0
Đinh Thanh Tùng anh lên tiếng bảo vệ anh jack đi anh,0.0
đọc tn mà tức mn trào máu!!! để xem xong vụ này nó còn bản tính hung hăng vậy hay hk?,1.0
đéo thích thì thôi cút mẹ đi =)),1.0
lũ khốn nạn. rút sạch sương máu dân,2.0
Nguyễn Thanh Tín thằng đàn bà mồm dính cut à =)),2.0
Tính ra mấy thằng ăn cướp rất là thông minh...,0.0
"Chó ko phải người , trộm cắp cướp giật , phải tăng hình phạt thật nặng lên ,ko xã hội loạn rồi , trộm cắp cướp giết , tham ô , tham nhũng ,xã hội văn hóa xuống trầm trọng ,",2.0
Anh 3 ngu vải ra hahaha,1.0
Yêu cô ghê hà ❤️,0.0
Bọn bẩn thỉu nhơ nhớp của xã hội xem ức chế thật tội cho cô gái .,2.0
Táo mà k có cô đẩu thì trả có gì xem,0.0
:v thế ông rapper chưa xem bao màn sấy vào mắt bản làng rồi,0.0
Điểm gay ấn tượng và nổi bật đó ạ,0.0
"Cái loại mê trai, dại trai, đáng lắm, cho chừa,",1.0
Cái loại mày thiếu lão mà cũng đòi làm trọng tài bắt ngu như con cũng làm đéo biết nhục à,2.0
Cổng thì xấu vcc ra,1.0
ăn bẩn ko chừa thứ gì kể cả bê tông.,1.0
đến cái bio của page còn viết sai chính tả TA thì làm ăn đc gì nữa,0.0
Đào Quang Huy Master Lê Ng Lê Như Ý Sara Catoner cũng là tên này nhưng trên tốc chiến Global Ban,0.0
Lỗi Cc bé oii Em súc phạm Việt Nam mà xin lỗi Ah ko chịu đâu,1.0
"Ý thức phải như thế mới đúng người biết bảo vệ cộng đồng, đâu như mấy cái loại trốn khai báo, khai báo sai rồi còn livestream khoe hay trốn cách li đâu, ý thức chuột cắn. Hãm",1.0
thg mực đánh thì óc chó nhất quyết đéo nhận mình ngu,2.0
"2 ngày rồi, đã làm đc j chx, sao ko tố luôn đi, hay rén rồi",0.0
Dm trọng tài,2.0
Sao tao phải trả tiền mạng để đọc mấy cái tin tức lol này vậy.quang hải là thằng nào mà quan tâm vcc vậy.nó đi ỉa giờ nào chắc cũng đăng báo,1.0
"thách đấu gì, toàn thuê bên kia diễn",0.0
Thằng cha oc cho này tính là kẻ chủ mưu va đi tù nặng nhất,2.0
"Bố m bảo rồi , h nhục như chó chưa , đàn ông đàn ang để cmn lại đi cho chất , sợ lồn =))",1.0
CHÓ ĂN CỨC,1.0
 kêu nó call video coi nó bao nhiêu tuổi thử,0.0
Hanh Viet tôi thấy 1 bông hoa giữa 1 vùng cứt,1.0
mấy tk hs rảnh cac bắt bẻ hhhh t lại quá quen Nó cố tình lựa mấy pha này cho m xem đấy chứ m nghĩ chả tk tâm thần nào quây khúc phế cho m xem?,2.0
"Nail là 1 nghề như nhiều nghành nghề lương thiện khác nhưng dưới bàn tay đen đúa của Tuyên giáo nó thành 1 cái nghề thấp kém, hạ đẳng. Nghề nào cũng để kiếm sống, nuôi sống gia đình, phục vụ xã hội cộng đồng không phân biệt giàu sang hay thấp hèn. Bản chất của CNCS là bình đẳng bác ái nhưng những hiện nay họ đang thực hiện hoàn toàn trái ngược.",1.0
Cháu cũng làm con cặc j.,1.0
hhhhh thế thì show ra em à nói nhìu làm gì Hành động đi,0.0
xin lỗi con cặc,1.0
"Ngụy...là khi chúng mày đói rét, không nơi nương tựa. Chúng mày núp dưới đáy quần của bà Cát Hanh Long, hả miệng chó ra nhận từng chén cơm của bà ta. Khi chúng mày nắm được quyền lực thì đem người ta ra bắn. Chúng mày thua loài súc sinh!",2.0
Cho nó ngáp cho nó chừa Cho mày tin cs nhe con,1.0
Như kết quả và thành tích thể này mày ở Việt Nam làm gì,0.0
nhanh,0.0
Nhét cái cu vào Mồm nó đi,1.0
vào vietnamfootball mà xem,0.0
"You should retire, bitch",2.0
Lủ ko có nhân tính.sớm gặp báo ứng thôi.dời có vai có trả chỉ là chưa dến lúc thôi,2.0
Mong pl trừng trị những kẻ xem thường mạng sống để răng đe các thế hệ trẻ sau,0.0
thấy bạn nói chuyện n .. quá thì nên câm lại . Bạn ko cmt ko ai nói tay bạn tật đâu,1.0
Mong sau này con cháu bạn gặp được người cha tốt như J.,0.0
QuânAnh dogy chứ,1.0
Trọng tài này bị cận rồi Bay acc đi .xin vĩnh biệt cụ,1.0
"Ta ước gì có một lão Hitler tái sinh trên đất nước này, làm sạch hết lũ cặn bã dơ bẩn",2.0
Chấp gì thằng thiểu năng đó Trần Ngọc Giàu ơi,2.0
Toàn thanh niên ham ăn chơi lười lao động...,1.0
đội trưởng mĩ hihihi,0.0
Nguyễn Văn Nam that khong ạ,0.0
nhà ai có người làm trong sân bay thì nhục phụ cái,1.0
Chó ăn cứt,1.0
ngu thi chet khoc cl,1.0
ĐÁNH RANK BẠCK KIM ĐC BẠCH KIM GÁNH SƯỚNG,0.0
". Tìm hiểu dùm mình nhen bạn, ko phải cứ tây ăn cứt thì ta cũng ăn cứt nhen !",1.0
Nhìn a độ hồi xưa chất phải biết :)),0.0
What the fuck,1.0
 tội z anhtrai,0.0
Anh anh cái củ cc đấm vào mỏm cmm giờ,2.0
"Chế độ tốt sinh ra con người tốt . Hết xả súng da đen , trẻ em , CS mỹ lại làm 3 cái trò này ..",1.0
cai thu me trai gio travh ai,1.0
Lồn,1.0
xinh vaicalon y kien gi,1.0
10k /1k Follow ai mua ib,0.0
bản chất thật của bọn Cơm Sườn ngày càng được công khai lộ liễu không còn dấu diếm như thời gian trước.,1.0
Nghỉ đi là vừa,0.0
Like và cm tụi nó ăn được hay sao mà ham hố vậy trời. Lũ điên,2.0
Xin vĩnh biệt cũ chờ bay acc Đi,1.0
thag này chơi game nhiều ngáo lun qa,1.0
Bất lực 😞,0.0
Ma toi con mẹ nó,2.0
Anh em yếu sly ib,0.0
Những lúc như thế này lại mong cho một xe ô tô như hai thằng trộm chó,1.0
Lủ vc Đcs cũng là một bịnh thần kinh ác hiểm cho dân tộc vn !,2.0
K check map xoq ngựa ngựa r s thua,1.0
Minh Đặngg chúng nó bắt chước cô mình 🤣,0.0
Sorry con cặc,1.0
Bố lạy mày,0.0
Lmaon't Ya ảnh quạo,0.0
Đây mới là cách giải quyết hợp lý và xác thực nhất lúc này chứ không phải lên Livetream nói linh tinh như ai kia,0.0
"ghê đấy, ủng hộ thêm shop mình nữa xem nào https://shope.ee/A9te9A8Dx0",0.0
tại sao lại xin lỗi chúng tôi?,0.0
"thg này nó chúa toxic, ngta lâu lâu mới chửi còn nó mở mồm ra là văng tục",1.0
Cầu xin phật trời cho con một phép màu để con được sống với mẹ Còn riêng với chủng loại của bọn khốn nạn kia thì pháp luật đâu Công Lý đâu hãy vào cuộc đi để cho sự hống hách tàn độc kia được biết luật như thế nào,2.0
"Bố lạy mày đừng ""hiếp dâm"" thị giác của bố nữa ad à 😂😂😂",2.0
Abe muôn năm 😂,0.0
Idol tui có khác. Phải v chứ ai như cái con phò tiệp tiệp j đó. Đm nó như 1 con đàn bà.,2.0
"3 cha con nó tán gia bại sản, trả nghiệp như vậy mới dừa",2.0
Mày tưởng xin lỗi là xong à ?,0.0
Woh Wh acc clone trẩu,1.0
trông cô nch như mấy đứa c1 chứ nglon chả ai nch thế,1.0
Linh Ngô tội tôn sùng quá hoá ra ngu đần mà k biết bản thân nó ngu đần kiểu j lấy ý của bản thân nó đi sửa lỗi cho ý của bài viết trên đéo hỉu học kiểu j lên đc lớp hay thế chứ,1.0
thâm độc =)),0.0
Moa sát bên v mà nó cũng lấy,0.0
Hứa Sơn ghép cho bạn thành ộp pa luôn nhá 😄,0.0
cái này mới đúng nè mọi người,0.0
anh có nhận cày lên thách đấu k ạ,0.0
fai nói 1 điều mày khóc thuê à ad . sẽ sớm thôi mày sẽ bị dờ gáy,1.0
Bọn Tàu chó má,2.0
Mà vẫn lên rank mặc rầu kda =)) rank anh ta cày được kiểu :,0.0
Não mày ngu vậy là cùng Bạn tao thì tao bênh sai chổ nào tao đã nói là nó cmt đúng hay sai chưa tao chỉ chửi thằng chửi nó mày hiểu chưa china con ngu l thích logic à óc thì ngắn mà hay cãi lý phản biện lại toàn mấy câu ngu tao ạ mày đó thằng china con,2.0
rác chưa,1.0
Đem ra bắn ngay cái thể loại ấy,1.0
vật ơi. Thg cha con mẹ đang hấp hối thoi thoi của mày đâu r xúc vật ơi. Đéo lo chôn cha mẹ m đi mà đi cắn bậy cho thg tiểu nhân Viruss nhiều thế con chó,2.0
Rồi hốt lũ chó đó chưa,2.0
loạn cực,1.0
"Dume. Đầu óc đ gì cứ như gói trà túi lọc ấy, tinh tuý thì thoát hết ra ngoài, cặn bã thì ở lại",2.0
Nổ như chó,1.0
"Lê Hữu Vinh tôi đang nói ý thức ng tham gia giao thông , đúng luật hiểu luật k dúi tiền vào tay ng ta thì ng ta đè bạn ra cướp dc à ! Phía csgt t chưa nhắc đến có ng tốt có ng xấu ! Muốn văn minh tiến bộ thì chính mình phải tiến bộ trước !",0.0
m tìm được chữ nào t nịnh hay t bênh nó hộ t với ạ. Và đừng mở mồm ra là chê ng khác thế này thế nọ ok m nhìn m xem ra gì chưa r hãy phán xét,0.0
Quá sai,0.0
Ad ăn phân con j mà ngu thế......????,2.0
Ko làm đòi có ăn chỉ có ăn cứt đb mấy thk l đó gặp t vài bộp cho khỏi ăn cơm,2.0
"Không chịu làm tình cho chủ nhà, nên bị chơi khăm, nếu làm tình cho chủ nhà thì thích gì cũng có. Sau phát này thì một là đi chỗ khác bán, hai là làm tình thật tốt rồi anh tìm xe về cho, không thấy thì anh mua cho con xế khác",0.0
Đm chúng mày,2.0
Hallen Nguyen nóng c ơi,0.0
Cô thanh niên xp độ mixi🤩,0.0
"khổ là người vi phạm không được xử có xử cũng chỉ qua loa, người không vi phạm cũng bị quy phạm mà moi tiền mới nói",0.0
Đĩ mẹ nó lại hỏng mạng🙂,1.0
Thằng đầu bò,2.0
nó bt thằng ăn trộm mà nó ko bt nói thôi,1.0
Minh Toàn,0.0
Má ăn mặc đeo giống ai,1.0
"Chao minh hieu, hom nay thay minh hieu dep gai qua ha",0.0
Nhây thì thua còn đăng :))),0.0
Vcl ạ,1.0
bác dần chớm có tình yêu nước r đấy,0.0
Vcl mấy thằng streamer cũng gọi là fan này nọ à. Đúng ra là viewer thôi. Hài vcl,1.0
Bắt dc bọn này cứ chặt tay khỏi phải xét sử làm j,1.0
Về thổi kèn đám ma đi nhóc,1.0
Hơn 16k like chưa nghỉ strem à =)),0.0
Trần Sang ổ cc,1.0
"quay được phim rồi thì lấy xe bắt chó ra bắt đi , chờ gì nữa",0.0
"thật là thằng Jack đấy bỏ con. Sao mãi mấy đứa fan "" đóm "" vẫn hâm mộ thk này nhể. Hỏi thk đó ng-u nhưng chúng mày là thứ ng_u xuẩn nhất. Vụ VirusS nói cũng chẳng sai. Chúng m_ày cứ làm quá vấn đề, b_ú mà chẳng cần lí do. Còn não không v trời.… Xem thêm",2.0
khổ cái tôi cao thích thể hiện cơ :(((,0.0
Bò đỏ nó yêu thương bố tàu còn không hết mà ghét gì chớ,2.0
mả cha mấy thằng ăn bánh mì,2.0
giải quyết bằng 5 triệu mới hợp lí nhé,0.0
Đem lại tiếng cười... ???? Toàn post bài hãm lồn mới đáng cười :))))))))),1.0
fuck you mother con mẹ mày,2.0
Suc vat là có thật,1.0
"thôi thôi ông im mẹ nó mồm đi, đm chúng mày có thay mẹ hết đồ của người ta",2.0
Nếu tính như các nc tiên tiến thì lấy đâu ra tiền để con dịnh cư ở mỹ,0.0
Vợ Jack5tr Bến Tre,0.0
đến chỗ hợp lý chưa. Ngta live nch phiến. Mấy con đóm stupid vào sủa thì chẳng nói,2.0
Ko lẽ chưa đủ tuổi thì có thể làm ra những hành động vô nhân tính nhừ z sao?? có người cha không dạy con cái đúng cách thì mong PL phải xử lý cho đúng và công bằng. Thật bức xúc vì đó là một mạng người,0.0
"TÔI THẤY PHÁP LUẬT VIỆT NAM CHÚNG TA CHƯA ĐỦ MẠNH VÀ NGHIÊM MINH . NẾU BẮT ĐƯỢC NHỮNG KẺ ĂN CẮP XE HOẶC TRỘM CHO ,NÊN CHẶT HAI TAY CỦA CHÚNG ĐI .CÒN AI THAM Ô TRÊN 1 TỶ NÊN XỬ ÁN TỬ .NẾU NHÀ LÀM ĐƯỢC NHƯ VẬY DÂN MỚI YÊN VUI .",2.0
"cơ bản là cái trận đó thằng TF đánh cũng ngu feed 1/15 hay 1/17 gì đó mà nó còn chửi lại team nữa. Ông Mực tính cũng trẩu, thấy thế xong game kết bạn với thằng TF xong mời vào tổ đội để chửi bằng mồm cho đã. Và thế là có cái drama vừa xong =)))",1.0
Mối thơm,0.0
Chị có chim không .... sao nhìn gớm gớm....,1.0
Dell hiểu kiểu j,1.0
Trông mặt mũi vậy mà lòng dạ ác độc quá!,1.0
Đã lâu rồi không nói gì nên hôm nay mình đăng bài này nói về vụ Jack - J97 và Đặng Tiến Hoàng - Viruss) Bạn nói . Trình Trần Phương Tuấn. Không biết 1 nốt nhạc? Vậy tại sao Jack ra bạn MV nào cũng ghi PRODUCER dị? J không biết nốt nhạc… Xem thêm,0.0
khóc đến mức đít gắng bóng đèn ô tô lun,1.0
"Ông thích chào không trọng tài , ơ chào chào cái dm",1.0
Nguyễn Đức bố ông,0.0
Tập Cặn Bã:,2.0
Chậm cái l nhanh chậm kệ mẹ ngta đi cmt lắm ăn l àaaaaaaa 🤞🏿,2.0
=]]z bait rõ công nhận 2 khứa này zui thiệt =]]z,0.0
đọc page này rất thư giãn :))),0.0
Bạn chả có tí máu lồn nào gọi là văn hóa cả 😂😂,1.0
 sao ??? cứng họng nên hahaa à con ngu này,0.0
Đặng Công Vinh loại mày có cặc tiền mà mua loại xin,2.0
"Khanh Truong có tuổi r. Cháu tưởng suy nghĩ cô đã trưởng thành. Chứ đi idol rách thì hiểu cô "" đáng tuổi mẹ"" ntn rồi",1.0
Ditme đéo hiểu sao,1.0
2 game thua cay é é é cay lỏk kkkk,1.0
Kêu tồ kéo cho bú win.,0.0
"chơi một mình, đổ lỗi cho trọng tài",0.0
Ae thất lạc của abe ak,0.0
Ảnh bên trái là khi a độ đi phẫu thuật thẩm mĩ,0.0
jack ít khi lên tiếng nhưng lần này lên tiếng vì Jaxk muốn chứng tỏ mình ko bị câm,0.0
Ban loi 1 nam moi mua duoc 1chiec xe d ma xa hoi thui nat toi cho nguoi dan luong thien,1.0
Cứ lấc cấc gặp ngoài bố đánh vào mặt đấy con chó ạ,2.0
Kon mẹ nhà nước lũ hút máu dân,2.0
Nè ông già nếu còn liêm sỉ hảy từ Chức đi,1.0
"Phong cách ""chịch dở"" 🙈🙈🙈",1.0
Mồ tổ cha mày chứ ko tưởng nhớ. Mày ko biết xem tin tức ak,2.0
Là thực tập sinh dạy cấp 1 nhỉ,0.0
Lm xong r h xin lỗy là xonghả,0.0
Mõm chúa =)))),1.0
quá uy tín còn gì,0.0
Mồm loz adm ns ngu bm.,2.0
"Đụ má tao ghét cây ghét đắng mấy thằng dư luận viên vcc , tụi bây ăn cái lồn què gì mà đi bợ đít vcc vậy , bợ đít tụi nó vậy ông bà già tụi bây chắc tự hào lắm",2.0
Phục cái lồn mẹ chúng mày ý,2.0
Địt mẹ thg Fake,2.0
Lỗi con cặc,1.0
Tao đéo biết,1.0
Chụp ảnh cưới ở Mộc Châu siêu xịnnnn,0.0
Bả lên ti-qui đẹp dễ sợ!!! Duyên dáng hà 👍👍👍👍👍,0.0
Pé Nguyễn : mày bị não phẳng à. Tao chửi bọn nhai đi nhai lại. Chứ fan cứng đi chửi boss bao giờ ? Hay thì share. Thuyết phục con cặc nè,2.0
Nửa tháng rồi cu em ơi im như thóc thế :))),0.0
Má nó ác... ăn mấy đồng bạc đó phúc đức dữ lắm,1.0
rác 5 củ và fan rác là một bãi cức chó,2.0
Mẹ mày hưởi quần xì của con ômô  ý lộn ômôi chứ kkk😁😁😁😁😁😁 cười ỉa,2.0
Giày fake giày real cũng là giày đều mang vào chân đều đạp đất hên xui đạp cứt có gì đâu mà cứ phải phân biệt này nọ đã vậy k biết có tiền mua nổi đôi dép k ở đó mà tỏ ra thượng đẳng phân biệt fake & real,1.0
"Thổi nồng độ cồn, thu xe là"" để bảo vệ tài sản của dân và giống nòi""mà",0.0
Tao chịu status này đó AD tụi dlv nghe nhột ko tụi bây kaka,1.0
"Ad óc cứt vkl. Ngu còn tỏ ra nguy hiểm, ra gặm xương đi ad.",2.0
Xin video vs bạn ^^,0.0
Bọn thất Đức này,2.0
"Ôi dòi ad não phẳng muốn phản động nhưng k ai bênh mà, chỉ dùng vài bức ảnh, sử dụng PTS chèn chữ vào thôi, thật là lạc hậu quá, ad là tg nhà quê.",2.0
 why cái lồn 2 thẻ đỏ 1 quả pen M còn why cái suy lồn à Địt con chó chết này,2.0
sì tai củ l gì thế này??,1.0
Ri thì như thor luôn,0.0
Thằng già kia đứng cười chứ :(,1.0
Khổ thân,0.0
Cực kì Mộ Dung Phục,0.0
Gdinh nó có công vs cmang. Còn gdinh ad trốn chui lủi như chó. Thấy nó giàu và béo hơn mình thì ghen tỵ😂😂😂,1.0
Fan cứng điểm danh,0.0
Thanh niên mạnh khỏe ko đi làm. Ăn cướp ăn trộm thế này.,1.0
Suc vât..ghet nhât cai thu hai ng.,2.0
xưa nay voz vẫn chất với những cua rơ như thế rồi bạn ui :3,0.0
Anh tai hay danh hài?,0.0
I love you các cậu 😂😂,0.0
Chịu cái đit con mẹ mày ah? Cút mẹ mày về nước giùm đi Trâu sề…,2.0
"Nguyễn Thu Ngọc cá ai còn hâm mộ cuồng jack thì nhận thức cũng chỉ ngang mấy bé khăn quàng đỏ suy nghĩ nông nổi thôi, giờ u60 mà hâm mộ jack t cũng khinh",0.0
"Khốn nạn, chúng dàn cảnh 2 đứa hỏi đường, để đứa kia có thời cơ trộm xe vì cô gái mất cảnh giác,",1.0
một màu nam kì chúng m,2.0
Thanh niên phân biệt vùng miền bàn phím vãi lồng. Giỏi thì ra hà nội kêu bắc kỳ giữa đường hoặc sài gòn kêu nam kỳ xem. Coi thử có đi răng hàm mặt chỉnh hình không. Đkm lũ phân biệt vùng miền. Đkm lũ phản động.,2.0
So cái lon,1.0
Lương 7-8tr chẳng đủ ăn cơm đâu con ạ. Ăn tôm hùm sâu răng đây,0.0
"lũ Miền bắc máu lạnh, thế cũng làm được",2.0
câm mẹ mồm đi,1.0
"Lộc đéo cmt là bác đc yên r. Lộc cmt cái bác \""lên\"" nóc nhà bắt con gà... Bãi đéo nào cũng có dấu răng của L :))",1.0
nhắn thêm chữ địt chị mày nữa chất vlon a êiiiii,2.0
Tui muốn đi đúng làn lắm,0.0
"Nguyễn Tuấn Hiệp , nhưng thực sự nhạc nhẽo đéo nghe nổi hết 1phút =))))",1.0
Có phải nó mẹ đâu,1.0
Bã mướng con bóng già nào chửi chị á Minh Hiếu,2.0
Nguyen Cuong quá đã,0.0
Nguyễn Thị Thịnh xem ở đây chuẩn nè bạn,0.0
dm bữa ni đường 3m cũng có CA đứng @@,1.0
"Đụ má, em ức chế quá.",1.0
Page của mày h xàm loz quá....riết toàn ngta zô chửi cha mắng mẹ mày ko vậy ad,2.0
Clm :))),1.0
Dung lam tt nua,0.0
Con chó đang cay lắm phải k Thg cha con mẹ đang hấp hối thoi thoi của mày đâu r xúc vật ơi. Đéo lo chôn cha mẹ m đi mà đi cắn bậy cho thg tiểu nhân Viruss nhiều thế con chó,2.0
Bắc được bắn tiệt nó đi,1.0
má ảnh boost rank bạch kim mà ảnh tưởng ảnh hay hay gì ấy,0.0
phát ngôn như cái L,1.0
"Lena Stella kiếp trc sống lỗi, kiếp này ..",0.0
Xem mà cười đau bụng😆,0.0
"Dầu gì đi nữa t cũng là cháu của bá hộ ngọc lan, cháu bà ngũ thị đời mà chở vàng qua mỹ bỏ lại 2 cái villa ở sài gòn, cháu bà ba hoa Viện Kiểm sát tòa án nhân dân huyện hóc môn, mà cháu của cậu Tỉnh làm công an huyện hóc môn,mà e của Mỹ Lộc có nhà đất mặt tiền!' Nghe mắc ỉa ghê á! Huỵch nợ cô Minh Hiếu mà cái miệng quang quang, t cho cái chày đâm tiêu vô đầu m à!",1.0
"Hiệp Đinh cái thứ tay nhanh hơn não mà cũng có tư cách nói à,, chưa biết ai hạ cấp đâu, m nghĩ ai cũng như mày á, biết bệnh mà vẫn á",2.0
"Phạm Thanh Tùng dm t cười , rảnh éo chịu",1.0
Trư Bát Giới ngọc trinh dáng ngon mà cái mặt t thề nhìn tắt nứng,1.0
"Nhung ơi là Nhung, sao mày báo đời dữ vậy Nhung...):",1.0
À thế bạn ý hát bài j jui có ai giới thiệu cho mình đc ko. Lâu jui mình chẳng nghe bài hát mới nào cả,0.0
Chúng ta đang sống trong môi trường cướp giật trộm cắp khắp nơi.,1.0
Xăng đg đc nhà nước trợ giá rẻ thế còn j nữa,0.0
Minh Ân Chu Đmm,2.0
Bắt đc đánh cho lại bảo thương,0.0
My fucking mom,2.0
"Xã hội ngày càng phát triển thì đạo đức con người lại ngày càng suy đồi. Thật sự bây giờ không ít các thành phần nghĩ mình là cha là mẹ thiên hạ, sống mà hống hách không coi ai ra gì, giết người rồi nói nhẹ như là giết 1 con kiến vậy. Thôi mong pháp lu… Xem thêm",1.0
Cái tội mẹ trai,1.0
Mày là 1 con bọ gậy trong trong xô nước tù mãi không chui ra được đúng là trâu với dê,1.0
Quyền bảo thua 20m vẫn vui vẻ bình thường mực solo thua có 100k lải nhải suốt thôi,1.0
Ác thế không biết,1.0
Chiêu này vẫn còn hữu dụng,0.0
xe chở súc vật mong người dân hãy tránh xa (đề phòng súc vật phóng uế lung tung làm mất vệ sinh).,2.0
Con gái của thầy đó,0.0
Nguyễn Kiều Nam trẩu nó vậy á bạn.,1.0
"Nói nghe nè ah trọng gì đó ơi bổ ah bị lé hay là bị đuôi vậy ah ah kg thấy cầu thủ thái quất cái củ vào mặt cầu thủ việt nam chúng tôi sau ,nói nghe nè việt nam chúng tôi chơi rất công bằng và văn minh nhưng ai chơi dơ chơi chó sẽ nhận đc cái mà pải đag nhận nhé lúc thái quất cái củ trỏ vào mặt việt nam sau kg sự thế tới việt nam đá vô mặt lại sự thế mày bị đuôi đi làm trọng tài làm gì vậy ,chơi đẹp mai chơi tiếp nhé còn chơi dơ chơi cho giống mấy ah ák việt nam chúng tôi kg cần ok ,chơi chó",1.0
Phạt nặng là thế nào . Bắn bỏ mẹ nó đi . Xem chừng nó có âm mưu đó !,1.0
Lê Hải Long bởi vì chó là vật nuôi và lợn gà bò dê dc nuôi để ăn ok ? Ngu còn tỏ ra nguy hiểm :))),1.0
"Ở cái nơi sinh sôi nảy nở ra lũ cướp giật nhiều như mản thế thì nên cảnh giác đề phòng với những loại như..ngồi khư khư ở xe ,hỏi mua,hỏi đường,hỏi lăng nhăng, với lũ như này",1.0
em ủng hộ bác. Mấy ông lên cào phím kêu ng ta mãi lộ thì 10 ông có 9 ông sai lè lè ra. Đưa tiền ng ta k nhận thì gào lên là làm khó k tạo đk mà ng ta nhận để tạo đk cho vẫn có xe đi lại thì kêu ng ta nhận hối lộ,0.0
Cln lồn này xàm lồn,2.0
Lũ này cần bắn bỏ,2.0
Cố gắng lên ông còn hai trận gặp indo kìa,0.0
Xin vĩnh biệt cụ,0.0
Anh đó chửi con đỷ này nghe đã tai,2.0
Địt mẹ thiên đường ad nhỉ,2.0
So cmm cút đi nghe,1.0
còn nhân dân sẽ nhớ muôn đời Lũ súc sinh con Nghiệt súc như mày,2.0
Xin cái thẻ đỏ ạ,0.0
Nguyễn Trọng Hiệp có cần cho mượn con bmw 760li ko :)),0.0
"Xe tắng thiết giáp đáp lồn má mấy thằng ở trên,cmt ngu vl",2.0
Công an nên truy quét mấy loại này . Chứ cứ ra chặn đầu xe dân lành kiếm ăn làm ji . Riết tôi thấy csgt còn đông hơn người điều khiển xe máy,0.0
Ý thức không bằng cả Huấn râu gì. Chán,1.0
nếu đúng đạo nhạc thật mà bị kiện thì có thể bồi thường và đi tù đấy,0.0
Con đỉ minh hiếu là con đỉ khùng dơ con súc vật sánh cũng không bằng  nó nghe   con rác rửi  con khùng bẩm sinh con quái vật,2.0
Đập chết cmn luôn,2.0
tội mê trai,1.0
Tài Lê Tấc nhiêng là mưu sự do nhân mà thành sự do thiên,0.0
ad càng ngày thấy càng ngu thì fải,1.0
Vụ gì thì kệ mẹ đi cứ lôi ra mà bới móc ???,1.0
Có nha. Sao có thể ko. Vì nó sống rất có đạo Đức,0.0
Cái lồn con mẹ m m ngu như một con chó ý chu si ê cc ạ m đéo bằng người thầy đáng kính của Park Hang Seo của Việt Nam dm cái loại mặt lồn như m thì làm đc cái dbcc gì cái loại m mà gặp tao là cút luôn chứ đừng quay lại,2.0
Ngon thì kiếm người giàu mà cướp,1.0
Zinloi cái cc,1.0
Cực kì thuyết phục ! :)),0.0
Khó chịu vl,1.0
Có màu rằn ri Ko b,0.0
thằng idol m còn viết tus giọng cay cú chứ còn chả nói chuyện tử tế được như ngta =]] còn đúng sai tnao làm căng lên sẽ rõ,1.0
Trang lồn trâu này chả khác đéo gì việt tân. Fan thì địt có ai. Toàn gây thù chuốc oán cho nhau. Còn những thằng cmt ở trên vs những cái suy nghĩ lệch lạc cũng chẳng khác lồn gì lũ bán nước.,2.0
Quá lộng hành,0.0
Nó cho mầy nhiều tiền nói luôn đi! Lm trọng tài kiểu thế hả,0.0
Cùng môt nhóm !,0.0
 thôi nào đừng dí em nó đg ngủ coi chừng đt rung quá bật lên thấy lại khóc kinh lắm,0.0
Nhiều chiện quá cũng đáng,0.0
Cái mieng con linh loc  ik nhu cái lon trau,1.0
"thằng ngu sơn này nó cầm con hecarim đi rừng ngu 2/17 đúng k anh ? Đúng thằng óc vật có khác, bảo sao mãi lóp ngóp ở bk4, ngu thế lại còn duo lb2 nữa, ngu vậy có kata thách đấu nó gánh cho còn thua chứ thằng lb2 rách thì làm đc gì, thằng sơn đâu vào đây anh bảo",2.0
ủa t đang nói cái m ví dụ kìa :)) nhảy đi đâu v,0.0
Đánh trụ me đi đã k bao h check map còn ngựa ngựa trêu nó này thì ggez,1.0
Xã hội cong vòng,1.0
Lấy của người giàu thì còn chấp nhận dc chứ người ta ngeo mà cũng k tha tụi này sớm muộn gì cũng nằm đườg hoặc vô tu,0.0
thôi tất cả chỉ là diễn,0.0
làm hỏng trận đấu xong xin lỗi,0.0
Luc óc chó này ăn lắm cứt quá,2.0
Sorry fuckk,1.0
Liên đoàn bóng đá việt nam nên suy nghĩ lại. Sa thải ngay ông này troussie out,0.0
Tuần sau 16 team là hơi căng đó nha :( phải hard hơn nữa,0.0
"lối đá rời rạc vô hồn, hlv quá kém, tôi nghĩ ngài nên biến đi thì hơn",1.0
"Đéo muốn chửi đâu cơ mà mặt thằng này nhìn vô là đã đéo có cảm tình, mặt quắc tai dơi mỏ nhọn, nhân tướng học xét qua một lượt thì trông điểm nào cũng hèn mạt. Đã thế thì phải cố đức năng thắng số, đằng này lại ngu lâu dốt bền, đần độn tự ái, vác dái l… Xem thêm",2.0
Dương Tiến Đạt đến con người vs con người bạn con phân biệt vùng miền. Ấy thế mà đi thương con chó.,2.0
Xe vẫn trong thời gian giam giữ và chưa hết hạn thì phải bồi thường theo quy định nhé! Còn xe quá hạn thì chủ xe chịu khó ngậm ngùi thôi,0.0
Chuyến này về thù đờn ông lém nè,0.0
Dạ,0.0
Arap referre is dick,2.0
nói ko bt ngượng,0.0
"Cảm ơn nhà sư.những nơi # thì_,thà lang thang thế này còn hơn vào trung tâm BT cho các loại quỷ đội lốt người có cơ hội ấu dâm😭",2.0
Bộ hết người hay sao vậy trời...,0.0
Bắt được mấy thằng chó này băm làm chả giò,2.0
Tác giả đang nói thằng niễng và thằng cố vấn của nó.,1.0
"Hung Nguyen không, chỉ có cờ vàng cứt choá thôi 😌",1.0
"Nguyễn Gia Bảo . Hãy nhìn Nhật Bản, Hàn Quốc vừa rồi có kiểm soát bóng nổi không ? Bóng vừa chạm chân đã mất và Indonesia cũng phá sự kiểm soát của Việt Nam như vậy đó. Bóng đá của ông Park một chạm phối hợp ngắn sóng trào lên dần từng cơn không phải k… Xem thêm",0.0
Má nó đau tim vl các ông ạ,1.0
Vãi cả cái còi ôm vòng theo cái ngực đô con 😂😂,1.0
Thua thì cut khỏi vn đi thằng toi,2.0
Ad à. Cái này ad bạy rồi. Đa phần đăng ký nó cho free mà bản thân e ko đóng tiền mạng 9 cái rồi đây,0.0
Giờ xin lỗi cũng đã muộn r Em phải đi sang việt nam để xử bắn,1.0
@Nguyễn Quý:AFF có luật cầu thủ dc bắt chụp banh trong vòng cấm và thủ môn được bắt bên ngoài vạch. Bịp,0.0
"Ngu vl. Thua xong còn chửi blame đồng đội feed tận 17 mạng vẫn kêu gánh, oánh trái lane cũng éo ai ngu như này",1.0
zeros đánh pha này cũng được ,0.0
đánh thì ngu khóc thì lắm ? ĐỦ TRÌNH KO ??,1.0
Qua chan Trom cap tran la n,1.0
Phượng Nguyễn đừng có zị nghen.,0.0
Làm cho Sáng con mắt luôn J97 Entertainment,0.0
Quá dả man một gđ côn đồ mong pl xử nghiêm hành vi bạo lực này để lấy lại công đạo cho em,2.0
vcl trông như cac. Quả fb thì trai alime lỏ đúng mấy th ranh cấp 3. Trông đã như cac còn fan mực dốt,2.0
Trọng tài quốc tế mà tầm nhìn thấp kém.,1.0
Lộc đến từ cao lãnh😂,0.0
Đàn bà dễ có mấy tay_dinh thự của nữ đội trưởng đội chống buôn lậu,1.0
đóm tật,1.0
"xe vi phạm thì cũng là ts của người dân bạn ơi. Giữ xe chỉ là hình phạt thôi, chưa kể giữ có thu phí thì mọi hư hao, mất mát ... đều phải bồi thường theo luật dân sự. Có điều trong trường hợp này thì hầu như việc bồi thường rất ít, hầu như không có.",0.0
"Trắng biến thành đen , có biến thành ko , ko biến thành có họ còn làm được chứ trắng biến thành xanh là chuyện nhỏ",1.0
"ngu vậy , đọc và hiểu đi",1.0
"nghèo khổ có giúp  gì được  người  ta k mà đào mồ cuốc mả hộ vậy? ác nghiệp ,khẩu nghiệp mày",2.0
Rên ác=)),0.0
"Ai đúng ai sai, kết cuộc sẽ rõ. Mọi người nhìn sự việc theo quan điểm riêng của mình, không hẳn là khách quan! Hãy đợi xem sao?",0.0
e hông hiệu e hông hiệu .,0.0
Chỉ sợ thứ óc chó ngu hết phần chó như này,2.0
"Dầu gì đi nữa t cũng là cháu của bá hộ ngọc lan, cháu bà ngũ thị đời mà chở vàng qua mỹ bỏ lại 2 cái villa ở sài gòn, cháu bà ba hoa Viện Kiểm sát tòa án nhân dân huyện hóc môn, mà cháu của cậu Tỉnh làm công an huyện hóc môn,mà e của Mỹ Lộc có nhà đất mặt tiền!' Nghe mắc ỉa ghê á! Huỵch nợ cô Minh Hiếu mà cái miệng quang quang, t cho cái chày đâm tiêu vô đầu m à!",1.0
nam kì rẻ rách,2.0
Mày nghỉ luôn cũng được. Phát ngôn tào lao fan nó unfollow hết bây giờ,1.0
Lại Hợp Sâm clm đến v thì /ff,1.0
chính idol m đang viết cmt cay cú ngay trong bài viết của Viruss kia kìa. Vào mà xem cách viết văn củ chuối của idol m xem có hành xử hợp lí k,0.0
"Ghê, chảnh choẹ",1.0
Lại Hợp Sâm clm đến v thì /ff,1.0
Nge hay mà,0.0
Ăn gì con cúng cho ạ,0.0
Chinh la no :)),0.0
"Rách không bao , giờ đạo nhạc",1.0
Dat Nguyen đôi lúc cũng có bài k hay chứ chẳng lẽ hay hết 🙄,0.0
chơi game mà cứ bị đ1t vào tai,1.0
Tội mê trai,1.0
Một điếu thuốc lào nâng cao sĩ diện,0.0
MCVMedia  may dung co so sanh lisa tui  do di cho,2.0
"Sao mày ngu thế mày giỏi mày đi kêu gọi mn xem người ta có góp cho mày k. Mày thấy làm mệt quá à. Người ta có tiền thì góp tiền, có sức góp sức. Còn mày cảm thấy bất công quá thì nghỉ con mẹ mày đi làm từ thiện đi. Làm từ thiện mà lại so sánh thiệt hơn so so cái cc. Mày tưởng mày bê được mấy cái thùng mì tôm là mày to à",2.0
vừa đẹp vừa lớn mà ngu fan jack bỏ con cmm,2.0
Sbtc levi,0.0
cẩn thận bị gạ đ** haizz,1.0
đúng r.. Rách hiền quá ạ. thương rách ăn cháo nuốt bát,1.0
"Ko lẻ bất cứ nước nào nhận lao động nước ngoài thì nước đó trình độ kém?? Ngu vl. Ngành luyện kim: mổi cty mở ra đều đưa nhân viên ra nước ngoài thực tập( chủ yếu ở Trung Quốc), vì chuyên môn yếu với lại thiếu chuyên cần, bất cẩn. Các nhà thầu TQ hầu n",1.0
"cái live rách của m t treo để chửi chứ còn đâu nó delay time, m vừa vào 4p che map chắc t xem dc của mày =))) đánh cái rank bk trình đéo có, team nó gánh cho từ đầu đến cuối chắc tự hào",1.0
"Tu cái miệng lại đi,cái miệng mở ra thúi như cái ống cống vậy",1.0
Nguyễn Quang Minh d.c.m đây,1.0
thằng này nó bị đần à hay thiểu năng vậy ae,2.0
**ủa alo** chs gì điếm z ông **duma**,1.0
người làm việc cho nhà nước dúi tiền vào tay là nhận hả. Đất nước phải có CSGT là đúng nhưng ng ta hối lộ mà nhận là sai nhe. Giờ hok lẽ dúi tiền vào tay kêu phản động chống phá phản quốc cũng làm theo hay sao,0.0
Mày có mắt ko thằng mù kia,1.0
Vô cùng thuyết phục,0.0
giỏi sang hẳn nhà mà nch. 1 lũ ngu sáng đít,2.0
Ditme mặt thầy cũng thần thái vãi l*n :)),2.0
:)))) bố cái thằng ranh 2k rồi nói tao cũng 2k giống nhỏ. ở ngoài khéo kêu tao bằng cha luôn chứ chú gì. lệch lệch tao vả cho cắm đầu vào cứt,2.0
tao đã nói tao fan nó chưa m lại hài vl mở miệng ra là đã nguu Tao binh con nhỏ cmt tao đã bênh nó chưa :)) m gắn cái não vào rồi cmt,1.0
Bat may than nay kg lo lo bat xe kg,0.0
Kiim Synk's đú trend nè🤣,0.0
ô k ở cmt mấy đoạn đầu thì sao mà biết ai hỏi hay k hả ô?,0.0
"30 tuổi mà suy nghĩ nó đần như thế thì về dúc nách mẹ đi chứ, cả lò nhà m nữa",2.0
Phá kẻ đó ae,0.0
xin lỗi tụi bay chết kệ bà tụi bây tụi tao kiểm tra có cái cục cức gì đâu ( tao biết đó là thứ gì ),2.0
Diện Trần óc choá thật.,2.0
th đần,2.0
nó rên làm t đứng ngồi không yên luôn mà :(((,0.0
đất nước ngày một thối nát,1.0
CHỉ cần rửa tay và ở yên trong nhà :),0.0
Đời má thật,0.0
thằng mực nó như nào thì bao người biết và nói rồi :))) m nịnh dái bênh được thì đủ hiểu cái hạng người như m cũng vậy thôi =))),1.0
người dân vũ hán sẽ nhớ mãi tên bác,0.0
Có mắt như mù đcm,1.0
Tao mà gặp mày tao kêu ae tao đập vào cái mặt ngu của mầy đó thằng trọng tài,2.0
"Tunal Tuấn nó là ruồi chỉ biết phát sáng ở đít thoi, chứ trong đầu có gì đâu mà ông khuyên nó thế làm gì =)))",1.0
"Dm, nó giàu nó mặc như lol người ta bảo đẹp:))",1.0
Mọi sự chủ quan đều có sự trả giá hết,0.0
xin vid với bạn ơi,0.0
sao tạo hóa lại tạo ra 1 thằng như m nhỉ. Cá nhân m làm mất hết mặt cộng đồng đập đớ r =)),2.0
Anh Minh đú ít thôi chậm cặc,1.0
"Bọn nó là lũ cướp, mà có thằng nào cướp xong lại đền không",1.0
Mày đủ tuổi ko thằng lol này sủa ngu thế,2.0
Thế đéo nào???????!?!!?????,1.0
Dân bầu sai lãnh đạo thì chẳng lẽ là lãnh đạo sai ?,1.0
mấy này bắt dc phải chặt tay nó ra,1.0
"Cố lên nào, thà bỏ con chứ không bao giờ bỏ qua chiện này.",0.0
làm việc theo luật pháp chứ đéo phải đăng bài lên đâu ngon thì văn bản chứng từ gửi cho hai bên sau đó lên cơ quan giải quyết dm lũ ruồi chỉ biết phát sáng ở đít thôi học nhiều lên cái duma viết cta còn sai,2.0
ủa còn cái trách nhiệm làm cha đâu òi :))),0.0
"DM...thèng assmin này...hỏi ngu méo chịu được...mày làm như muốn tập trận chung với QDNDVN dễ lắm vậy...mày hỏi 4 thằng đó ( Mĩ,Úc,Nhật,Phi ) coi tụi nó biết nói tiếng việt không mà tập chung...",2.0
"bọn vô loài đó ai mà dám làm j,xe mà vô đó tụi nó coi như rác đô j ngon nó luộc sạch,bọn cướp cạn",2.0
Cũng tàm tạm,0.0
"Fuck, đụ mẹ m hối lộ àk lol trọng tài",2.0
"Theo lẽ thường, đương nhiên phải bồi thường. Nhưng ở ta, CSGT làm việc theo “lẽ” của họ.",0.0
m game đầu chơi jax game sau chơi kayn đúng k cu?,0.0
cánh cụt kìa. :)))),0.0
giờ mới 2020 mà ông này đã kêu là 2022 tôi đã về vn rồi - tôi về 572 lê quang định. 5p45s .  lão này về bằng cỗ máy thời gian của doremon ak,0.0
loại này có bắt đi tù về xong nó lại ngựa quen đường cũ ấy mà,1.0
"trình mình ko kinh bạn ơi , thấy bạn bợ đít nó vô lí quá :)))",1.0
ủa tưởng dỗi không chơi không live mà ?? ô thế là mõm à,1.0
Tôi không hiểu sao,0.0
Loằng ngoằng thì được cái *éo gì mà ông thích loằng ngoằng thế. :/ lạ vl,1.0
chiến “sỹ” mới chịu,0.0
tao binh nó đúng hay sai sống thì nhìn nhận đi ai sai thì chửi người đó đừng có kiểu đánh đồng theo nó thích ai việc của nó tự nhiên đéo làm gì chửi ngta xong rồi cmt như vậy,0.0
Nghe như đấm vào tai,1.0
"Lộc đánh đến thế là hay lắm rồi, chấp tận 1 cái tay",0.0
"mấy thằng zốt con thì v thôi ông, chúng nó đông vs nguy hiểm vcl ra :)) zốt cha xử lí lỗi, óc , hú hét như 1 thằng điên nói ra lại kêu làm content, đ có câu biện minh nào khác, thiểu năng vcl",2.0
"Bạn ko xứng đáng là 1 trận tài, mắt và não của bạn ở sau đít",1.0
Bạn nhớ lì xì !!!,0.0
xin lỗi cái gì vậy 2 tỷ của thái ăn chưa đủ à,1.0
tiếng hét thất thanh trong đêm :))),0.0
đàng ông con trai zì mà nhục thế!. Bởi vậy không ngạc nhiên các cô lấy chồng nước ngoài,1.0
Đm thằng ngu,2.0
có cái concac,1.0
Đi kiếm con linh nó đỏ sẫm do đánh chết mẹ nó đi rất um ho,2.0
"Đm nói ko phải xúc phạm chứ mấy ông càng càng phát ngôn đéo ra cái j, não mấy ông chỉ có tiền thôi ah, mấy ông ""giúp"" dân nhìu wá nhỉ, nói như đúng rồi",1.0
"Thằng giòi bọ thận nguyễn.
Mày xạo để lừa đảo mọi người
Mày nên vào cầu tiêu công cộng chỗ mày đang làm tạp vụ , mày ăn hết cứt ở trong hầm cầu đi
Đúng là cái loại giòi bọ sống chật đất",2.0
hhhh lại cái văn trẻ trâu Hôm bữa gặp tk y chang t tìm ra fb mẹ nó mét cho bị chưởi sml ra,1.0
Dm trọng tài Dm trọng tài Dm trọng tài Dm trọng tài,2.0
Địt con mẹ mày bắt thế à,2.0
Mẹ bố mấy thằng chó,2.0
Còn ở VietNam thì là cánh bứm,0.0
Mù thì đừng làm trọng tài,1.0
Học võ chính là học đạo. Học võ giúp rèn luyện con người hướng tới những điều tốt đẹp hơn chứ không đào tạo ra những con vật đội lốt người như thế này!,2.0
Minh Chí hahaha sao biết hay ta ơi,0.0
Ở 1 nơi khác,0.0
Hà Phạm=)),0.0
Ai xem dc thì xem sao cứ phải toxic nhỉ,0.0
Con Linh nó vẫn chứng nào tật nấy . Vì bản chất của nó là vậy. 😏,1.0
Rac nhu nhau toan may thang con cac 1 champ,2.0
rách win thế nồn nào được,1.0
Một tên huấn luyện viên. Ngu ngốc. Ông không có một cái ý tưởng gì đặc sắc khi dẫn dắt đội tuyển quốc gia Việt Nam. Ông lên nghỉ để người có năng lực hơn vào kế nhiệm. Từ khi ông ngồi ở chiếc ghế huấn luyện viên đội tuyển quốc gia Việt Nam. Liên tiếp t… Xem thêm,1.0
Nghe không thuyết phúc lắm nhưng có vẻ là hợp lý 😌,0.0
"Ngoài ra bắn bỏ mẹ những thằng đeo biết lon j cũng đăng lung tung , khoá mõm lại",2.0
Dậy mà múo :)),0.0
Chết con đỉ mẹ thầy rồi Long Cua ơi,2.0
"rồi đóng phạt đóng tiền bãi để làm gì, người ta sai thì trả giá bằng hình thức phạt, còn mấy ông giữ thì phải bảo vệ tài sản của người ta chứ",0.0
Xin lỗi con cặc xin là xong à đồ tồi đồ tồi này nên dẹp làm trọng tài đi về chăn vịt cho tao nhờ,2.0
Bắt cái đầu mấy con cờ hó tung tin tào lao đập cho phát,2.0
"Cút về nước, còn đòi trận cuối cùng ăn cứt à",1.0
Má,1.0
Câm và cút,1.0
Tiền có thể kiếm cả đời. Nhưng mạng mỗi người chỉ có 1. Hãy tự vì mình trước tiên đã!,0.0
Trọng tài cái lồn mẹ mày bất công đéo chịu được,2.0
Nguyễn Quang Minh Trê con vào sủa à. Thấy ngoài chắc t đá cuống họng cho khôn ra,1.0
Ông chính là one a dog,1.0
Chưa cút à,1.0
ồ thế là phải đăng stt chửi nhau vs rep cmt đúng khum ạ,0.0
Nguyen Manh Vinh Cút con c,1.0
ig ông là gì vậy,0.0
Phục vụ giải trí : cả sư đoàn. Chứ đại đội nhỏ quá a ưi,0.0
"Dịp mẹ tui bây đi lũ phản động hại dân,hại nước.Trò củ cứ đêm ra diễn hoài,hết trò rồi hả.Để cho dân được sống yên với,người trong một nước mà cứ muốn làm hại nhau.",2.0
Do Dat gill xô đi đâu thế,0.0
"nó chửi đồng đội như con , tuy rằng feed lòi cuc mà bạn còn bợ đít nó đc thì mình nghĩ bạn vc nó tính hợp nhau đó :))",1.0
trọng tài chó chết,2.0
Mẹ mày. Đang họp đấy bọn ngu,2.0
Nó bảo có cái đb. tháo hết phụ tùng mới thay cũ,1.0
"Ko lẻ bất cứ nước nào nhận lao động nước ngoài thì nước đó trình độ kém?? Ngu vl. Ngành luyện kim: mổi cty mở ra đều đưa nhân viên ra nước ngoài thực tập( chủ yếu ở Trung Quốc), vì chuyên môn yếu với lại thiếu chuyên cần, bất cẩn. Các nhà thầu TQ hầu n",1.0
You have eyes? You should need var.. óc chó,1.0
Fuck you!,2.0
Khóc cái đcmm,1.0
Bú win up lên như 1 con chó dốt,2.0
"cho hỏi, cày thuê xuống rank vàng đánh ngu là do sai lane à anh. Em thấy anh đi đúng lane vẫn ngu mà anh. Cày thuê này hơi dảk nhỉ",1.0
Ý thức như đb,1.0
sao có giống loài súc vật như con chó Đạt này thế nhỉ Giống loài súc vật mất dạy vô văn hóa nghiệp súc,2.0
Đéo bắt đc thì cút,1.0
Nghe thuyết phục nhưng lại rất thuyết phục :>>,0.0
Này thì lên cơ quan chức năng báo cáo để cơ quan điều tra trích xuất camera bắt đc ko mọi người,0.0
Bắc kỳ thì chỉ đến thế thôi,2.0
Ngta lớn ngta chua kêu tên mày thứ nhỏ mất dạy tao cũng bị gạt đây thấy LGBT dễ thương mua ủng hộ live nào tao cũng coi may đm mua ve xịt 3phút đéo nghe mùi j thu làm ăn gian dối ko tồn tại dc lâu đâu nhỏ hon ngta mà hổn láo,2.0
Cặc,1.0
Sao mấy stt này ko thấy con chó DLV vào ẳng nhỉ?,2.0
Gay to vl :))),1.0
Yêu Ông Trần Dần,0.0
Quần gì ma nhìn vào thấy mất nết dễ sợ,1.0
Cứ bô bô cái mõm tốp mạnh nhất lm gì nó camp chết phải chăng m ns TOP phế nhất là gì còn lật đc,1.0
Khon nan thật,1.0
Loại mày trước sau gì trời cũng đánh mày,2.0
Con.   Quy.  Nãy. Cái.   Miệng.   Nó.  Thúi.  Quá.  Đồ.  Do.   Bán.,2.0
Hai thằng mặt ng dạ thú tụi mày sẻ bị quả báo.,2.0
thua nên cây,0.0
"xl cái đm đánh chán xg xl,hảo:))",1.0
Thg thầy cút về nước ngay,1.0
mồm ác vậy,1.0
địt cụ m thành lê nhé,2.0
Xin là xin vĩnh biệt cụ,0.0
Anh Tuấn ban cho dừa,0.0
Mày Bố láo ông băn mày bây giờ,2.0
fake ít thôi,0.0
uong nuoc cam dii bac',0.0
3 chục tuổi này gặp t chắc đái ra máu,1.0
Nghỉ hè luôn,0.0
Ăn tết đéo ngon,1.0
thương ai k thương là thương thk SV thua con,2.0
Bọn này bắt được chặt tay chân rồi thả ra cho công an xử lý,2.0
Sống chậm thôi ông ơi,0.0
A chỉ muốn ăn cháo do chính tay em nấu..chứ ko thèm ăn xôi của bà bán xôi,0.0
Lũ pede xạo xự. Mới hơm qua chúng tâng nhau lên mây. Nay chúng siủa cắn nhau như chó tháng 7. Hahaaaaaaa,2.0
ngu là phải chửi,1.0
Cũng làm bố làm mẹ mà chúng m sót con chúng m. Còn người khác thì không à. Coi con mk là vàng bạc thế con người ta là cứt như. Đéo thể hiểu nổi thằng bố nghĩ gì nữa. Con cái tuổi ấy chắc bố nó cũng đầu 2 thứ tóc đến nơi rồi. Hiển nhiên đứng nhìn con mk hành hung người khác. Chắc Gen thằng bố tốt nên ms đẻ ra dk đứa con như vậy Nhìn mà sót xa quá. Những cái loại ntn phải có được 1 bản án xứng đáng.,2.0
Cảm ơn em. ❤,0.0
Trước khi bắt trận đấu tiếp theo hãy nhìn lại con mắt cả nhân phẩm của mình luôn đi vs lại tạo nghiệp cũng có ngày phải vị quật thôi ☻,0.0
sao ko lấy tên là Linh Láo Lồn nhỉ ae ??,1.0
Ngu + phong bì + cấp quyền = loạn ngôn..,1.0
Bơ vơ trong tuyệt vọng,0.0
Luật pháp như quần què bảo vệ những thằng không có não không có đạo Đức nhân cách của con thì đứa 16 tuổi nó khinh thường cả pháp luật Như thằng Lê văn luyện Cũng như vậy thôi 3 mạng người đổi lấy có 18 năm tù.,0.0
Chị hiếu hôm nay đẹp quá nói chuyện cười có duyên gê,0.0
Nguyen Manh Vinh đây ms là nick thật https://www.facebook.com/philippe.troussier.773?mibextid=ZbWKwL,0.0
chỉ đứng dẩy là thành ca sĩ đc rồi. Thế mà đợt trước a Bảnh về đội chắc giờ làm ca sĩ nổi tiếng đéo phải đi tù ý nhờ,1.0
hợp lý cái đ gì cái tk đạo đức giả,1.0
Nýn,0.0
Tôi mãi là fan trung thành của Jack ... Sparrow,0.0
"bởi vì 2 chữ ""khiêm tốn"" đó bác =))",0.0
Chả làm gì cũng có fan cứng =)),0.0
đúng là bọn cạn bã của xã hội ngày nay,2.0
Vừa lòng tao,0.0
"Lỗi đĩ mẹ mày, cút mẹ mày đi",2.0
toàn quảng cáo . Đọc 1 dòng mà cả trăm quảng cáo,0.0
có địa chỉ nhà đấy. Đến tận nhà mà gõ cửa :)),0.0
xin cái gỉ,0.0
Non Nguoi hue ... kg phai bac ky,0.0
"Jack lỏ lên này múa mép thôi , ngta ns đúng mà công nghệ var xem thử đi ai đúng pik liền , hay là chơi xong r bỏ , rẻ rack",1.0
"núi này do ta mở, cây này do ta trồng, nếu muốn đi qua đây, mau đem tiền cống nộp :))",0.0
Im mồm đi micky. Sủa nữa t dính lỗ đít m lại bgio,2.0
Trần Phong tôi đang nói dựa trên sự cà khịa của Khắc Việt ok,0.0
Your mother fucker,2.0
Âm thầm đọc cmt:)),0.0
"Huy Trần :))) ờ chứ k lẽ cày view cho thằng lùn bỏ con, bắt cá, ăn cháo đá bát, lừa thầy phản bạn, ngủ với fan, đâm ân nhân, đạo nhạc... u chu cha :))) nghệ sĩ gì kể phốt kể quài không hết hahaaaaaa",2.0
con mẹ mày thằng chó đéo đáng làm bố. mẹ mày,2.0
Khổ thân,0.0
ngu thì thua chứ sao cay,1.0
Cực kì là thuyết phục 🙂,0.0
Chỉ để FIFA và trọng tài thế giới cười vào mặt.,0.0
 why cái địt mẹ mày,2.0
Dậy thì không thành công ☺,0.0
Nick fake à,0.0
Tụi này bắt dính đánh 1 trận cho đã r mới đưa lên công an... toàn là lưng dài vai rộng..đm mấy thằng chó,2.0
Sáng mắt chưa Nhung :),1.0
Cày thuê kiểu chơi game đợi gánh à,0.0
Nhậu cái đm chúng mày lũ chó hại dân hại nước,2.0
"chúc các em 2k1 ngày mai bình tĩnh, tự tin, thi thật tốt.",0.0
Bị khoá cmnr,0.0
Ám ảnh của Trousier về Indonesia từ kết quả khi ở Quatar. Bị sa thải ngay khi thua Indo,0.0
Kiếm fame à condilon acc pha quế mà đòi lừa:D,2.0
Đm admin ngu vcl:)) chăcs cậu đang tưởng mình hay vs nguy hiểm lắm đấy:)),2.0
Thằng thực dân. Cút,2.0
Nhìn phản cảm vl :(,1.0
so vl,1.0
Mỹ Hạnh hạnh là 1 bông hoa dại à 🤣,0.0
"JACK ĐÃ CĂNG, CHI TIẾT TẠI ĐÂY: https://beat-vn.com/jack-moi-viruss-gap-mat-truc-tiep",0.0
Thoi buoi nay.chung no lua duoc cai gi la no lua ah,0.0
Hlv the voice mùa sau,0.0
"thế à.vậy là chờ giấy mời tòa án hoặc giấy triệu tập an ninh mạng, sở văn hóa đồ đó mới được gặp đúng không",0.0
"Tuổi này nghĩ nông nổi vậy thôi sau này hối hận những gì mình đã làm. Nhất là bố và anh trai dù lớn mà không biết xử lí như nào cho đúng, xót thương cho người mẹ thật sự",0.0
Mày ăn đi,0.0
"Khanh Truong ủa tưởng chỉ mấy cháu mới bị tẩy não chứ, không ngờ phụ huynh còn bị tẩy não",0.0
ít đăng bài tuần trước giờ em mất cứng dồiii 🤦🏻‍♀️,0.0
"đọc hết cmt của t chưa, k những ngu tiếng việt mà mắt còn có vấn đề nữa à",1.0
Ông im mẹ mồm đi,1.0
chị thấy là chị sỉu =))),0.0
dân nghèo mà vi phạm luật giao thông để bị bắt thì gọi là n g u. Than vãn cái l. Như t đi xe bao năm nay chưa 1 lần bị bắt. Lỗi do đâu,2.0
đánh ngu cứ đòi sang hàn gáy lên top 1 thách đấu,0.0
mà nhập code này là đc 2 huy hiệu luôn à ??,0.0
"Huy Trần :)))) đang nói Rách hả, đưa M10 vô Mv xong đi nói hợp tác, mặt dày không biết nhục ta ơi",1.0
"Mồ tổ cha mày. Đăng mà cũng lược bỏ đi chi tiết: Cty hổ trợ 1thùng number one, bình đựng nước đá. Nhưng anh này...tham thêm 1chút là đòi 10 thùng number one. Đừg ngu mà tỏ nguy hiểm nha ad",2.0
"jack ngân đù, lêu lêu bọn jack con gà lz",2.0
"Đừng lôi mẹ người ta vào, tao địt vào miệng mày Vũ Long Bảo cấm lôi fụ huynh vào nha ^_^",2.0
bố làm to con làm phách,1.0
Chậm thôi các ông...,0.0
Nguyễn Quang Huy chạy ngay đi,0.0
"Kiểu nầy chắc để chìa khóa luôn nên lấy dể dàng ,nếu khóa cổ thi chúng không dám gan đâu",0.0
cướp nhạc còn mở miệng kém thông minh =((,1.0
Anh Trung trộm vé số,0.0
Bùi Minh Huệ crush ưii . Anh thích em đó 😶,0.0
Giọng như đang Sài máy run nói k nổi,0.0
Trung lập nhưng tớ góp ý mình nên chăm học tiếng anh chút Phản biện ngta mới tôn trọng,0.0
Minh Nhật chuẩn cmnr. Jack tuổi j so dislike :))) haha. K atm là ca sĩ duy nhất trên thế giới mà k cần hát mà,1.0
Xa hoi tồi tệ,1.0
Mày làm thì nghĩ mẹ trọng tài đi phạt đéo đc đi xin lỗi mong mày nghỉ mẹ đi,2.0
Biến đi. Troussier từ chức đi,1.0
Ác,0.0
đây không phải tài khoản gốc của trọng tài đâu,0.0
Xin cụ Lân,0.0
Về vn ăn mau lol à.,1.0
Hồ Văn Kiệt bạn có biết khoảnh khắc kì diệu này ở video nào ko ạ?,0.0
Nam ty co khac,0.0
Ông già ơi. Yếu rồi nghỉ đi. Đừng cố. Hãy dành một chút danh dự cho hậu thế.,0.0
"Đợt này cả nước biết rồi cho m chạy , coi m chạy đi đâu",1.0
Nghiệp lãnh không hết,1.0
Ba má đụ chi cho uổng công uổng nghệ uổng nghễ quần quân uổng công tuột quần tèo lên tuột xuống banh loz đau loz đẻ lớn chơi trò gì md ghê. Iu minh Hiếu,2.0
mai tao xin đi làm dân quân xong t đi tìm ra mày giết mày ad ạ đồ phản động :v dlv dạo này hoạt động ghê lm,2.0
phú bà bait thơm quá mấy thanh niên cắn nhầm r :)),1.0
"Dương đông kích tây, to khoẻ đi làm lấy mà ăn",0.0
Lão già chó,2.0
Hahaaa =))),0.0
TRAN DAN TIEN BO.MOI GIA NHAP DCS.,0.0
Lại sống như rau dền :)))),1.0
vãi...,1.0
k nói về vấn đề ở trên . Nếu nói về luật pháp đúng ng đúng tội thì dân đã ko ghét và nói thằng công an . Thay vì a công an .... ko fai ai cũng xấu mà tốt thì chỉ đếm trên đầu ngón tay thôi,0.0
Qc cl à đm con yến nguyễn,2.0
Từ chức mọe đi,1.0
Bon trôm cươp nay phai xư năng phat cho chung no sơ thi thôi,0.0
rút con kẹc. rút rút quài,1.0
Hoàng Xuân Tâm sơn tùng nè :),0.0
 vcl tự nhận mình ngu luôn :))) đã xấu rồi thì bớt cái mõm lại nghe chưa con đần độn này :)) th jack nhà m lại chui vào xó nào khóc r đấy,2.0
thôi nín đi con chó đưa địa chỉ zả ơi =)) địt con mẹ m thứ khuyết tật ơiiii =)) m ngon m mở block ních kia của t coi =)) khuyết tật ơiiiii,2.0
Diện Trần có con r mà còn ngu mà rảnh lòn ghê,2.0
Má t kêu trần đức bo đụ banh cạc mày giờ,2.0
đ bt gì cx đòi kiện hài,1.0
Ng ta gọi đó la xây đường theo định hướng xa hội chủ nghĩa,0.0
Tứ hoàng được ấy chứ =)),0.0
Xin lỗi làm con cặc gì. Dmm,2.0
Nó có công vì đã dạy dỗ em bán xôi một bài học,0.0
Xạo lol hk có j vui chúg ta hk nên xạo lol,1.0
"Chừng nào vô địch. Từ chức đi , thưa ngài",0.0
 thôi k trêu nhá để bé ngủ mai còn canh page dắk bạn kì cục quá à,0.0
"Hung Nguyen không, chỉ có cờ vàng cứt choá thôi 😌",1.0
K-icm :,0.0
sờ đến bố hay ông cố nhà m ad =)),1.0
Lũ này bắt được đem bỏ ra đảo hoang,1.0
Thấy con chó lại hửi hửi tưởng sẽ bị chó cắn chứ,0.0
Bây giờ xin lỗi thì đã muộn rồi,0.0
Quá khốn nạn,1.0
Thà đi cướp tao còn ido-Toàn đi cướp của nghèo,1.0
con cháu tay rửa chén đi chê bai người dũa móng tay !,1.0
"Thà mày lên Núi tu luôn đi,bắt như loz",1.0
"Có những thằng Bắc Cụ đang dùng cái óc toàn Bắc của nó mà suy cho dân Nam chúng tao. Xin lỗi chứ,từ thời các Chúa thì Nam Bắc đã khác nhau hoàn toàn, đừng đem cái xuất thân ra nhé. Chúng tao là dân SG,và chúng tao là dân tộc thiểu số! Hahaha.",2.0
I HATE YOU,1.0
ưỡn à ưỡn ẹo,1.0
Vcl,1.0
Mạnh hùng siêu dự bị cánh trái,0.0
dct smurf rank nhìn lỏ cc vậy,1.0
Thực sự thì bài này ko hay. View nhiều do danh tiếng những bài trước. Chờ sản phẩm sau vậy.,0.0
có ai quen hacker ko,0.0
ad đang nói BT Hà Nội phải k :v,0.0
dot nát,1.0
"Mẹ. Hởi thằng nào muốn tự tử, cứ làm gì đó cho công an bắt rồi về nhà tự giận ==> thằng ad sẽ có bài tít: CA đánh người; Tại CA mà chết người..... Đúng là thằng ad bệnh quạn",2.0
"Cầu mong cho e trai có được kì tích mà mau chóng bình phục, hy vọng pháp luật phán xử những hành vi tàn ác như này thật công bằng để an ủi lại phần nào cho e ấy và mẹ của e",0.0
Long Là Rồng Hlv Philippe Trôisông,0.0
xử lý lỗi chứ conten gì,0.0
Không chạy thầy đòn vô cái chân cho :)),0.0
ừ chứ viết tus cay cú câu từ diễn đạt lủng củng thì giải quyết được cái gì,0.0
Kaxỹyyyy Katm??? What????,0.0
😅 đụ mẹ mấy thằng cộng sản này nó cứ bắt bọn trung Quốc sản xuất đá không mang đi thiêu hủy mà cứ chia nhau đập lấy gì không ngáo phát biểu linh tinh,2.0
Sao cái bọn tìm hiểu QH theo dõi ai nó rảnh vcl thế nhỉ,1.0
địt mẹ thắm :)),1.0
Trước còn có game vị trí sp mà tranh lane top trong khi nó chưa đồng ý đổi làm nó phải pick pyke rồi đi top với temo feed lòi lozz,1.0
Duma ở quán Cf lướt Face mà ai cũng kêu t là m coi sẽ à,0.0
Bên Đà Nẵng chắc văn minh hơn nơi khác :)),0.0
Điều kì diệu ở phòng giam số 7,0.0
Con di linh ca loc di cho,2.0
Cái thg fake,1.0
Vui vẻ không quạo 😅,0.0
Diêm vương gọi m kìa thằng ngu,1.0
cha con mẹ đang hấp hối thoi thóp tiểu nhân của mày đâu r xúc vật ơi. Đéo lo chôn cha mẹ m đi mà đi cắn bậy cho thg tiểu nhân Viruss nhiều thế con chó,2.0
Nói chuyện với người lạ mà xấn xá lại gần Nguy hiểm lắm,0.0
văn minh như m vậy,0.0
toàn lấy fb ảo vảo địt mẹ tự sướng ngồi đbo thằng đần độn cầy thue 1 tuần đã thoát khỏi rank bk chưa,2.0
"chuẩn ông,nhìn mặt đã biết kiểu người nhỏ mọn lươn lẹo tính toán.Các cụ nói cấm sai",1.0
Hợp lý cái củ c =)),1.0
Acc bán hàng online,0.0
"Đu me giau con tham lam bi găt la đung rôi , đu me mây luc đâu nghe lơi no chưi hêt ngưoi nay đên ngưoi kia, ham tiên bi lưa gat rôi chưi con ba vang ngoc",2.0
Harry Long biết mà tại chọc đom đóm con á,0.0
"câu chuyện ở nước ngoài sao ,",0.0
Tình yêu vĩnh cửu,0.0
nhìn chị đẹp quá,0.0
Thật là khốn nạn,1.0
nói có sai đâu mà nhảy dựng lên thế=)),0.0
Mày coi chừng đó chồng mày làm ơ đại bắc đó may đừng tưởng ko tiềm mày đc nha .khỏi thách thức đi con,2.0
"Paula Lưu người miền đéo nào mà chả ăn cơm , ông này bị hài à ? dựa vào thịt chó chỉ là cái cớ để phân biệt vùng miền :/ không bằng cả con chó rách",2.0
Mấy thần khốn nạn người ta bán xôi mà cũng ko tha,2.0
Nhok Lầy: địt mẹ hay thì mày share đi. Nhai đi nhai lại như con bò. Tao khinh quá :)),2.0
Anh này chơi game hay còn nói chuyện lịch sự nữa,0.0
trông nó có ngu l không cơ chứ =))),1.0
hhhh tk nguuu mỗm to,2.0
Chuyến này anh căng r đoá,0.0
cho bố thẻ đỏ,0.0
Thang quan ngồi cười đằng sau thấy ghét. Tổ cha nó.,2.0
Ngu quá bán accc đi hộ t cái,1.0
con cat bu chan,1.0
Hông cần lời xin lỗi giả tạo của ông đâu nước tôi không chấp nhất mấy thằng MÙ,1.0
địt cụ bọn này k con zề để bàn nữa rồi,2.0
M xác định là đi r con chó =))))),1.0
Xin lổi được cc j hả thằng lồn trọng tài (về quê m làm trọng tài cho mấy đứa nhỏ đá đi,2.0
Ko xin dì h,0.0
Cực kì thuyết phục oki 😂😂,0.0
thoại cc nhá thầy,1.0
Thì chỉ có thể bên phía gia đình bé kia nói sao cho bớt tội thôi chứ sao bây giờ chuyện đâu ai muốn. Phải chi lúc chở quấn lại (chắc tôn ko to nên ko quấn lại đc) thì cũng ko tới nỗi. Chỉ khổ là đi chở thuê mà bị như vậy haizz,0.0
Cha hk ra gì thì con mới nz,1.0
Của người ta lấy làm Của mình sẽ có ngày khổ thôi,0.0
Ông nên cút,1.0
"Thằng thủ môn thái lan ra ngoài 16m50 mà chụp bóng bằng tay, còn đẩy Văn Toàn mà đ** phạt thẻ đỏ, chuyển qua phạt thẻ vàng Văn Thanh. Rất khả năng thằng trọng bán độ với thái lan.",1.0
dumemay ngu,2.0
Tao Học ít học nhiều cũng trả lời hợp lý hơn cái não mày bỏ 10 mấy năm đi học cũng = 0,1.0
Nát hết rồi,1.0
"haha hài vl! Vụ Cường Lucas cũng lên tiếng, vụ Viruss cũng lên tiếng, còn vụ ta lên tiếng hộ t cái đi Vụ bị phốt bắt cá 3 4 tay lên tiếng hộ t cái đi, có cc mà dám lên tiếng. M đừng làm t hài chứ GÓC CẢM LẠNH??",0.0
Con đĩ mẹ nó chứ thường !,2.0
Kể cả mở nắp bồn cầu cũng nên đái nhẹ nhàng và thanh lịch thôi. Đm rớt vài giọt ra mép bồn cầu t nhìn mà tức nhức nách,1.0
Đm mặc sịp vào chim to vcl ạ =)))),1.0
Xin lỗi cái lộn nhà m,2.0
"Tàu hũ in tiền sang VN gom đất, nhà, vàng và mua chuộc chó với đầy tớ",1.0
Đánh thì ngu như con chó bày đặt,2.0
Le Dinh Khoa 1955 =)),0.0
Bút dùng vẫn còn mực cần pass lại cho ae nào chưa có . Giá yêu thương 5k,0.0
Không xứng đáng làm trọng tàiiii,1.0
"Không vi phạm,ai bắt làm gì, chứ người chiến sỹ cũng chỉ là người làm công ăn lương,bao nhiêu vụ tai nạn thảm khóc, cũng vì không tuân thủ luật giao thông.",0.0
Thằng nào mạnh chẳng muốn ăn thằng khác. VN lúc có quân đội mạnh tí nữa thì nuốt đc thằng Cam kìa :)),1.0
chửi hay lắm ông :)) thằng lol này nhìn mặt đeo ưa r thêm cái tính trẻ trâu nữa,1.0
đéo thích thì thôi cút mẹ đi =)),1.0
Giờ sorry k giải quyết đc vấn đề gì nữa đâu . muộn rồi,0.0
"Ăn hôi khắp mọi mặt trận, giống như thánh ăn hôi nguyễn lân trung",1.0
Dấu hiệu nhận biết của những người giàu:,0.0
NAM MÔ A DI ĐÀ PHẬT nhân quả xẽ đến sớm thôi ạ,0.0
🥰,0.0
Sory cái mã cha m,2.0
không chú nào quỳ bố nó xuống nước cho ổng dẫm lên lưng bước qua...như vậy có thể mau lên chức hay sớm được chiếu cố hơn! quan nhà sản có khác...bị khuyết tật!,1.0
 tl đi con :)) cứng họng rồi hả,0.0
Dcm chs game mà làm dell gì rên ghê vậy,1.0
Ai gửi cho chính quyền gửi nó vào trại giam ở miền Nam hộ t cái,0.0
Ít ra cứ phải chúc mừng Hồng Kong cái đã. Chắc còn phải được hưởng dân chủ thêm chục năm.,0.0
Hay,0.0
Lê Văn Nhất xem sẽ gầy,0.0
Đánh 7/9 5/11 gáy cl,0.0
Em nghĩ mình có con mắt sau gáy anh ạ :((,0.0
Xem vĩnh biệt cụ....,0.0
Bình dương nhiều thể loại này lắm,0.0
"Đây đây đây ,ăn mẹ di",1.0
Hay thương quá.. Thương mình nek bạn,0.0
Ả duconme 😂😂😂,2.0
Hai anh em :),0.0
TUYỂN HLV ĐTQG MÀ K XEM TIỂU SỬ LÝ LỊCH HLV nta phá nát bao nhiêu đội bóng cùng 1 kịch bản ntn rồi !,0.0
Kêu gọi khán giả ko đến sân tẩy chay để vff sa thải HLV troussier,1.0
Việt Nam đi trc thời đại,0.0
Xin lỗi con mẹ mày trọng tài,2.0
Sad,0.0
bố th rách lấy bản phối của viruss xong xào nấu lại bảo của nó,2.0
 +1 single mom,0.0
"thì giờ phải thiện chí chủ động liên hệ năn nỉ xin lỗi, đút tiền cho anh Virus im dùm chứ rén vc rồi gì nữa. Tội nghiệp thằng cu Jack này, dắt đc mấy con bò tiểu học này thì hay chứ tự ái với đàn anh mày làm gì để giờ ngu dại phóng lao… Xem thêm",1.0
Nhờ tư tưởng thiên đường.,0.0
rút con kẹc. rút rút quài,1.0
Pass chuột phải dài từ hà đông sang minh khai 😂😂😂😂😂,0.0
Cái đầu buồi thằng tài,2.0
2 cái lỗ mũi to zậy mà vẫn thấy ngột ngạt là sao nhỉ🙄🙄,1.0
Vậy là mất nửa nồi xôi rồi,0.0
nó không hiện cmt hiện là tao để xem lại m có ý kiến gì =)) ngoài việc phản biện ra thì chả có câu trả lời của m là hợp lý,0.0
Cực kì thuyết phục🤣🤣,0.0
Vâng anhhhh,0.0
Đông Ca là địt cụ m ngủ đi,2.0
"Nể vợ chồng anh chị giáo dục Tùng Sói tốt quá . Ở tuổi đó biết tự ăn , rồi mạnh dạn hỏi , biết chọc đùa , biết nhận biết nhiều thứ ❤ Nếu có giải những bố mẹ của năm nên tặng cho anh chị một cái siêu to khổng lồ :)))",0.0
"có cánh cụt, may quá",0.0
Con mẹ mày mắt mù à,2.0
Chị 3 là cô này hả,0.0
lũ đóm con chả biết xem về góc nhìn của ViruSs mà phán như đr,1.0
đóm nhí táp đó,1.0
được anh ưiiii i,0.0
Cà khịa anh Sơn mà =)),0.0
TROI UI BA BEDE NAY CHICH HOC MON NHIEU WA NEN BI KHUNG VA NO BANH XAC ...HAH HAH,1.0
"Xl cc,thg chó",2.0
có phải kata rank thách đấu dual bất lực gánh không nổi dct trái lane smurf rank vàng ko?,0.0
Không phận cái đcmm thg ad ngu như chó,2.0
Giống mấy thằng biến thái tụt quần show hàng đi lung tung trong xóm,2.0
bồi cái thg bố m,2.0
"thằng ad k muốn bme nó ra tù đấy mà, rõ khổ",1.0
"Phát ngôn ngu vãi, tao đi ị ở bến xe gia lâm còn phải đóng thuế 5k một lượt kia mà nhà vs có gia lol gì âu, bọn nó chịch nhau còn phải đóng thuế vì dùng bao con sâu hay victoria kia...",1.0
inbox mấy tin nhắn éo thèm rep luôn,0.0
Bố m cũng đến chịu cách ăn mac khác người của nó !,1.0
Cđmm thk loz,2.0
đm may thay gê qá,1.0
Loài thú nó sống còn có nghĩa hơn tui may,2.0
trong tù toàn người quen. cả thì vô đó ở cho quen,0.0
Me bon cho.ko lam di trom cua nguoi ta .cho vao tu het.bo doi ln,2.0
bạn Rách nhà bạn hiền qá làm nta có bầu r chối :)) hẳn 5 trẹo cơ đấy,1.0
"Bọn xu nịnh là những kẻ làm hư cán bộ, và là những kẻ yếu kém chuyên môn nhất.",2.0
Đm Ad m óc cức lắm...Đm người ta khổ chứ Đéo rãnh lên đăng ba cái tào lao như m đâu...m cho người ta đc đồng xu cắt bạc nào chưa...ở đây xạo lồn...mẹ m sinh cái tay m ra trước hay sao m ngu v,2.0
10đ văn minh,0.0
Vc,1.0
Không công bằng rồi giờ đi xin lỗi,0.0
Ngu chứ cay gì,1.0
ngoài 50 thì chắc bố của nhung,0.0
tộc trộm cắp và lừa đảo,1.0
@Quynh Anh Nguyen xĩuuuuu,0.0
Chất tiền đoán nữa  2017 xe về 2018 xe về năm 2019 xe về tiền đoán xa chúc 2022,0.0
"Đồng bọn với nhau, bởi vậy cần thiết quản lý định danh xe",0.0
Hãy nghe những gì ad nói và hãy ỉa vào những gì ad bost,1.0
Có văn hóa nhưng hơi tục nhé bạn.. Bạn địt AD chứ đưg địt mẹ AD..,2.0
gớm có bắt được bọn đi ẩu chạy nhanh đâu .bao nhieu thằng chạy vèo vượt qua csgt đó làm gì dc nó chỉ đứng bắt lỗi những người đi làm về,0.0
Mong ng yêu bd hãy đồng thanh gọi thằng troussir là thằng chó lũ lãnh đạo vff là lũ ngu dần cút đi,2.0
may ma ve vn .la cai mo may k con cai rang an chao voi cdm,2.0
HLV đầu đất.,1.0
Các chị sắm tóc chưa :)))),0.0
Cài tóc đánh bài cho hăng ạ 😌,0.0
thế là ước mơ đi học của bao học sinh dần dần tan biến,0.0
Hợp lí anh ơi,0.0
Một thằng hlv tồi ko có trình để đi dạy người ta đá bóng,1.0
thôi bạn ơi idol nó con còn không nhận nói chi mấy cái beat:)),0.0
may ko xung,1.0
"giờ mới thấy được tầm quan trọng của việc học, sao em ngu thế em. Tỉnh ngộ đi em ạ, mẹ để em ra có đến nỗi đâu mà sao ngu quá vậy. Đéo hiểu sao vậy mà vẫn bảo vệ được. Ruồi sáng đít không sao hết nhưng đừng để đầu toàn shit và bố mẹ buồn",2.0
Mấy chị đẹp quá,0.0
Dct đánh ngu như lợn.,2.0
Ông nên tự thấy hổ thẹn mà nghỉ việc,0.0
Ko bận sịp luôn à,0.0
Vũ Thị Huyền bn v b,0.0
Phat Huynh 2 trái mới dừa () :))),0.0
Cae team off luôn hả abe,0.0
đó là sự tinh tế kèm theo một chút vãi loz.,1.0
Nguyễn Nguyễn Lũ thua độ,2.0
high ego pha đó đập trụ con LB nó giết = niềm tin =))) vì bạn xứng dáng,0.0
Dô con di mây ngon lâm ma,2.0
Nói thì hay mà làm thì dở. Chỉ biết nhận Lương hàng tháng thôi mà chẳng làm nên trò trống gì cả. Nếu còn lòng tự trọng Ông nên rời khỏi vai trò HLV trưởng đội tuyển bóng đá Việt Nam đi. Sắp đến ngày 7/5 kỷ niệm 70 năm chiến thắng Điện Biên Phủ rồi nhé..!!,0.0
Luật du tai sản chi có ở vn thôi.,0.0
Việt Nam noi đáng sống .,0.0
thì nói chung là có chơi có chịu cả chứ thằng nào cx ngu hết ko có thằng nào khôn cả (Srry nếu có đụng chạm tới ông) do đang cay thằng Mồn Lực,1.0
"Nguyễn Tuấn Hiệp , nhưng thực sự nhạc nhẽo đéo nghe nổi hết 1phút =))))",1.0
 ước fan Rách làm sáng tỏ vụ chối con,1.0
"mịa, bao nhiều đời đéo dẹp được, ông Thăng lên được mấy tháng thì dẹp thế đéo nào ngay được, nói ngu vl",1.0
lớn rồi mà mở mồm nguu thiệt,1.0
"Uầy, thế mà có cái hội lúc nào cũng ngông ngóng cái lũ đu càng đó gửi tiền về đó, chậc chậc😞",1.0
Cực kì thuyết phục=)),0.0
Giao va cho a xin 1tram do coi,0.0
"Hiệp Đinh v m k biết đọc à, hãy viết trước khi đọc kĩ nha thằng óc cứt, mắt chưa rà hết chữ mà tay nhanh hơn não, mối nguy hiểm của xã hội",2.0
Sr cmm,1.0
Đủ trình không ???? Óc chó hoang tưởng ảo tưởng vcl,2.0
Adresmic bình định,0.0
video hay quá,0.0
Dcmm cmt bài viết của bố ăn lozz ak cut,2.0
Thằng ngu này bị cho cút khỏi box r đấy,2.0
Xin lỗi gì,0.0
ủa? Chứ dân hà nội gốc đom đóm đâu r?hay lại bỏ rơi comt giống rẻ hack bỏ con,2.0
Đmm thứ 2 mặt =)) bố m nt zồi kìa =))) zep đi kìa?,2.0
trách ng cha chưa đặt mình vào vị trí của ng khác thì sẽ kh hiểu được đúng là lòng người đáng sợ,0.0
"phải bắt nó đính chính, xin lỗi và bồi thường tổn hại mới vừa nha",0.0
Nhiệt quần què ms đầu vào cảm rảm như chó h khen cc,2.0
Ngoo :))),0.0
Trom thì nhju.cong an thì chẳng thấy đâu..đoi bê khổ,1.0
xin lỗi cc,1.0
Công an bắt được chưa? Loại này cần t.ử hì.nh!,2.0
Vậy đấy it chuyện thôi quen thi nói,0.0
"Có chữ để đọc mà còn không mang ơn ,,,Đúng là lũ khốn nạn ,,,,Đề nghị đổi chử của thằng giáo sư đầu bùi cho dễ sữ dụng,,,,,,,Đã vậy còn tôn thờ hai thằng mũi lõ mắt xanh gây đau khổ cho bao dân tộc trên thế giới,,,,Dân vn còn chưa có được cục phân của nó để bón cây vậy mà tôn thờ hơn cha mẹ",2.0
Ngoc Chu đme đang ăn sáng 🙂,1.0
Nguyễn Luân cẩn thận dàn cảnh,0.0
Mình cũng muốn thử nhưng lại chơi không được giỏi :)),0.0
Thay vì ở đây xàm lol,1.0
Thu Ngân b lm lẩu phan à :v,0.0
"Tụi này dàn cảnh để cướp xe , bà con cảnh giác với những thủ đoạn hỏi thăm đường",0.0
đm bác nói chuẩn quá,0.0
con di ngua nay chac sih ra o ho boom ha j,2.0
Nguyên tắc bất di bất dịch của nhân dân ta khi tham gia giao thông:,0.0
"bởi tính ra VR quân tử, đàn ông ha đang nói chuyện beat cái lên nói về điểm yếu của Ng ta k biết này kia, cái còn nói tung bằng chứng phốt. Dù Ng ta k biết thì có thể học mà, tỏ ra thanh cao mà việc làm toàn ngược lại quá. Người có học … Xem thêm",0.0
"thằng không có nhận thức là thằng không biết người khác bait =)). Vl thêm con cụt vào mới biết bait, đần ác",2.0
Bạn nào hợp tác làm đứa k chứ vã qué,0.0
Rồi một ngày đẹp trời sẽ được đưa về đồn thôi,0.0
Đọc mà bức xúc thương con quá . Cầu xin phép màu đến với con. Còn kẻ ác phải đền tội.,0.0
Xin con mẹ nó con chó,1.0
Do dân vì dân mà :))),0.0
"cái đó chỉ áp dụng cho ""người ngồi trên phương tiện đang bị kiểm soát"", còn nếu muốn dừng xe bạn để kiểm soát thì vẫn cần ""Trực tiếp phát hiện hoặc thông qua phương tiện, thiết bị kỹ thuật nghiệp vụ phát hiện, ghi nhận được các hành vi vi phạm pháp luật về giao thông đường bộ""",0.0
ở Hàn gọi là chiếc lá còn VN là lá chà bồn.,1.0
dan tran …vụ này mà cảnh sát không điều tra ra.thì qua gio…người ta đã nghèo ban xôi rồi.,0.0
"Cách ly vẫn tranh thủ tạo chút scandal câu like, đánh bóng tên tuổi, xuất viện đăng đàn xin lỗi! sợ thật sự cái anh Tiệp này 🙏",1.0
"Nó chửi Cô Minh Hiếu là sai, nhưng mà đm tụi m thật sự rất quá đáng, nó có xạo hay gì đó nếu ko ảnh hưởng ai thì việc gì phải đập phá chén cơm người khác v, còn việc giá 1 chai nước hoa rẻ thì tự tụi m phải nhận thức được nó là hàng loại nào, nếu thấy chấp nhận thì mua nó đâu ship lại hay lấy dao kề cổ bắt bây mua. Còn Trần Đoàn nên có lời xin lôi tới cô MH đi, còn TĐ nó có xạo sài hàng fake hay thật kệ nó, tụi bây chắc gì ko sống ảo chắc gì ko sài hàng fake nên ai làm gì kệ ngta tạo nghiệp chi v.",1.0
long cao tag trong cmt,0.0
1 lũ ăn cướp.,2.0
Thèn ngáo,1.0
Rồi cũng thân tàn ma dại thôi. Chúc mấy thanh niên sớm về với ông bà.,2.0
Đừng phân biệt vùng miền nữa anh em,0.0
má fong rộng z ma la ngột ngạt me nó,1.0
xin lỗi con căk,1.0
"địt mẹ mấy thằng hay phân biệt Bắc Nam đâu rồi , các ""Nam Kì Boys"" đâu , sao ko vào đây phân biệt HN SG tiếp đi nào ?",2.0
"công nghệ làm sạch môi trường của nhật cản trở tham nhũng của công chức búa liềm, đúng là chuyện hài nhà sản",1.0
Thằng chó cút mẹ về Pháp đi,2.0
Fake thôi,0.0
Bọn 3/// tuột quần và bọn CCCĐ lúc này chui đi đâu mất mà kg nghe thấy chúng sủa vậy anh Vũ Hoàng Lân? Hay là chúa rước bọn chúng xuống địa ngục hết rồi?,2.0
Mấy thằng này phải xử như 2 thằng trộm chó ở đồng tháp mới vừa,2.0
May xạo lồn do am binh,2.0
"Thằng ml mày thấy dân việt chúng tao nhục chưa , đcmm cút khỏi Việt Nam đi",2.0
"Cô ấy mà con của chủ tịch huyện thì chiếc xe ấy trở về 30p... nhưng con của dân thì dân chịu,,,,",0.0
Khốn nạn . Tội cho cô gái,1.0
Xin mẹ m chớ xin,1.0
GỌI TRẦN DẦN LÀ CON TINH TRÙNG KHUYẾT TẬT.,2.0
Vũ Thanh Huyền bọn Hàn Quốc biết nói tiếng Việt à :)),0.0
Nói ngta chửi con gái kh bằng súc vật xong h chửi con gái là sao ta . Hông lẻ bạn .....kkk,0.0
Bê đê dơ,1.0
Nó học võ để giết người à ..!! Mé nó tức quá zị kkk,1.0
coi kìa. cay nữa rồi kkkkk cay lắm.khóc it thoi con chó,2.0
khui đi coi động tr tới cỡ nào? Nếu có thì đã k đợt đến bâyh đâu tôm ơi,0.0
sor ccc,1.0
Cảnh giác chút,0.0
Noi Tum lai hai thang đều ngu,2.0
Thằng súc sinh,2.0
Hlv óc chó nhất lịch sử bdvn,2.0
ngồi đó mà nói ngta ttkt sau này con cái mình ko thoát được cái mồm đi chơi xa của mình đâu,0.0
Lồn mẹ mày dốt quá thì dừng có live con chó ngu,2.0
"Phải con trai thì đuổi kịp ,đây là cướp đường mong pháp luật vào cuộc manh mối rõ ràng hai thằng đồng bọn cam quay rõ luôn",1.0
Con. Quy nay. No. Khung.nang. No ngao da.  Het. Thuoc. Chua.,2.0
Lê Nhân Trí Tín Lầy ghê con .,0.0
Thằng làm nghề giáo dục cuồng like .,1.0
ngu như chó,1.0
Xl cái lồn .. đụ má,2.0
Chị ba vàng ngọc có cây đinh mọc giữa dái :)),1.0
"Tiếc ziêng là tui ngon cơm , đi chợ bình thường",0.0
Phạm Văn Lộc lên nghỉ?,0.0
Thanh Trẻ Trâu đm :)),1.0
Vn mà,0.0
hq k còn ca nào nhiễm vì nhiễm gần hết,0.0
tl đi cu :)) cứng họng rồi hả,1.0
ít nhất t dell sủa bằng mồm như m đâu,1.0
Sao tôi lại nghe thấy tiếng cậu vàng nhể,0.0
ra CA xem của ba được ko nha,0.0
Mấy tml này trc sau gì cũng bị xe giày,2.0
Đẹp trai k abe :v,0.0
Mả cha mày súc vật,2.0
Haha. Chết mẹ con Nhung rồi.,2.0
Sao sao cái mả cha m,2.0
phú ông phú bà nào mà thả cái bait được nhiều người táp quá =)),0.0
Cú lừa hoàn hảo,0.0
Nguyễn Đức Khang chửi là bị ban mà bạn ơi,0.0
Ai cho lũ chống Tổ Quốc về nước? Bọn mày mơ...,2.0
Xin địt mẹ mày,2.0
Trọng tài như l*n chết mẹ đi,2.0
"Dương Châu.Cô gái ĐÃ MẤT TÀI SẢN RỒI.ĐỪNG NÊN NÓI NHỮNG LỜI CAY ĐỘC."" THÁNG 5 ĐI TRƯỚC THÁNG 10 ĐI SAO"". CƯỜI NGƯỜI CHỚ KHÁ CƯỜI LÂU. CƯỜI NGƯỜI HÔM TRƯỚC - HÔM SAU NGƯỜI CƯỜI ""????",0.0
lũ chó chúng m ko cắn thì thôi chứ bọn t là người ai lại cắn người,2.0
NSND TRẦN CỌP,0.0
Xin lỗi con cặt,1.0
Kh biết đang côi j luôn,0.0
"Mới làm từ thiện, hôm nay đại gia cái miệng giống cái hầm cầu vậy, mã cha mầy chạy xe có ngày đâm cột điện nè",1.0
"Không quen ,không biết thì nên giữ khoảng cách. Nhìn cách nói chuyện ối giời ơi. Bài học hay.",0.0
Ông này có vào ăn bao h ko nhìn quen quen Lê Lê Thị Kiều Ngân,0.0
Câm mẹ mày đi tao thấy mệt với cái thằng dốt mà toả ra học nhiều lắm :)) đéo thèm rep nữa,1.0
Lộc bắn nha yogut,0.0
Cực kì thuyết phục ☺,0.0
"Do then hlv qua ngu thoi,ca tran ko 1 cu sut,tien toi wc kkkk,thay nguoi ngu bo me,co hoang duc va ho tan tai hom qua eo thua,sa thai no di,then hlv ngu ngoc nhat",1.0
Đổi cái avt đi trông bẩn vl,1.0
xin chào anh em,0.0
"Thằng add chắc đầu mày toàn cứt ko á.! Đúng là ""Ngu có gia phả"" mà.!",2.0
vn thi deo no no cho trung Quốc bon dien,2.0
Gần bước sang tháng mới rồi rốt cuộc cả công ty không liên hệ được hả :)))) Hay chỉ nói mõm thôi để biết khỏi hóng nữa nè,1.0
Thu phí tiền bãi Nhưng để xe như cỏ rác lụm tiền thì nhanh chớ ói tiếng thì đừng mong nhé,0.0
Ghê tởm con bóng già 😡😡,2.0
xem ở coffee mà khánh nhìn quá tr :))),0.0
"May mà đã cho HS nghỉ học, chỉ cần 1 hs có gia đình bị lây thôi là toang tất cả.",0.0
Chị ba vàng là chị chó phèn ak haha,1.0
thg cha con đỹ mẹ m tao nắc nè lo mua hòm chôn đi tao nắc chết thg cha m r còn con đỹ mẹ m tao để ché nắc đẻ ra em mày đó,2.0
"Nhà mặt tiền cái l*n, mặt l*n thì có",2.0
Sorry cái đb,1.0
Đào Hà Văn Rinaky Cn anh chị ơi cẩn thận nhé ạ,0.0
"Chị yên tâm, chị mất cái này thì ông trời cho chị lại cái khác, còn 3 thằng chó đó, người nhà,con cái hắn phải gánh nghiệp, rồi hắn cũng bị xe hắn cán bẹt não",2.0
"Đm, bực bội tức tối, cay cú rồ người lên rồi mà ko dc cất lời ca, xả cơn tức thì khác éo gì ngậm .c..Ức vẫn thấy thơm,",1.0
chả thế lúc ăn lại chả gáy bẩn vãi lz,1.0
"Đĩ mẹ nhung, lựa đi em",2.0
"tao không biết lũ nam kì m như nào, rủa ít thôi",2.0
mày bị đần à?? =))))),2.0
ông qua nói nó nói t làm gì,0.0
xin vĩnh biệt cụ,0.0
mặt cặc m á lồn trọng tài đụ mẹ bắt như cc,2.0
Ông ấy đã trở lại và lợi hại hơn bội phần,0.0
sao nói dệ,0.0
Yêu cầu pháp luật nhà nc quét sạch truyệt để cái lủ này vô tù hết cho nhân vân yên ổn lm ăn phát truyển cho xã hội,1.0
"Trọng tài Bán Độ,mắt bị mù cần thiết ra sân phải đeu cái kính cho nhìn rõ vào",1.0
lớn quá ko a,0.0
"đúng r phải bắt nó phạt nặng vào vì đã tiêm vào giới trẻ tư tưởng bỏ con , phản bội ae bạn bè , ....",1.0
"haha chúng nó tính thoát trung bằng các chui vào rọ Mỹ =)) thoát thoát cái cm mấy thằng phản động , não chó bày đặt chê bai",2.0
Nhanh chí nhìn biển số xe Hai thằng đó,0.0
chúc mừng cả gia đình mắt lé đi tò,1.0
Đồng bọn,0.0
Xin lỗi cứt chó gì,1.0
MTP hơn jack nhiều nhé,0.0
"Thớt óc chó, dư lợn viên ăn cám heo, con bò đỏ ngu si..thằng đàn ông rẻ tiền mất dạy..1 con người khốn nạn..",2.0
Iu,0.0
Dell cần loại súc vật như mày,2.0
bồi cho cái cc nhá,1.0
Abe lớn thật ròii ông giáo ạ,0.0
được ông :))),0.0
Bỏ cái tôi đi thì cũng ok thôi,0.0
Thắm thối lồn viết văn dài quá. Cần địt gì để ý cái bọn ko biết gì . :)))),2.0
nữa đêm coi cuời ẻ https://facebook.com/l.php?u=l-fb.co/profile/id-100934216506881,0.0
Hướng Dương lên google search Tim Cook nó cho hàng nghìn kết quả nhé.,0.0
Đã bán xôi rồi mà nó ko tha,0.0
Đây mới là người có bản lĩnh thực sự 👍,0.0
sau có con thì nó hỏi sao xưa bố đánh mực ngu bị ngta chửi nhiều thế !! mà chắc lol gì loại m lấy đc vợ,2.0
cái loại mày ngang lắm Con ạ về bảo bố mẹ dậy bắt bố đời lại địt cụ thằng mắt lá dăm,1.0
Thuyết cực kì phục,0.0
trọng tài đẹp trai quá,0.0
Bởi ta nói nhìn mini map nó quan trọng mà nhìn mini map là xử lí khác r,0.0
Nãy h yên bình quá..Ko thấy đóm táp nhỉ,1.0
tôi có xem ông đi rừng Hacerim 2/17 rank Vàng rồi ạ. Thật là bái phục,0.0
Vcl fb fake mà các bố cmt nhưu thật sợ vcl,0.0
"Đa số bố mẹ lao vào kiếm tiền bất chấp cả gian dối , tham nhũng thì con nó cũng bất chấp vì tiền. Thay bằng kiếm tiền xứng đáng và giành thời gian tình cảm cho con thì con nó cũng vì bố mẹ.... cha nào con lấy. Công bằng thôi chỉ là khôn dại đồng tiền loá mắt",1.0
 còn . Mẹ MX thằng chó ông bà già MX dcm cái lollll vợ MX ... ông bà già MX chết hát,2.0
cố lên,0.0
Bài này k hay lắm,0.0
Hỏi thật là ông có thấy nhục không? Cầm đồng lương từ tiền của nhân dân VN ông không biết xấu hổ với lương tâm à?,0.0
đcm bọn ăn cháo đá bát,2.0
Người ta nghèo mới buôn bán nhỏ lẻ nay bị lừa mất xe vẫn không yên với mấy đứa óc toàn cứt.,2.0
Đưa nó vào nam đi cho nó gặp toàng người quen,0.0
Lợi clmn chứ lợi,1.0
Nản ngực giá bao nhiêu vậy chị,0.0
lên đây tifm nhau đê,0.0
Ôi bố cái lũ thanh niên hãm lol. Đẹp mặt quá 😒😒,2.0
"Cách ly vẫn tranh thủ tạo chút scandal câu like, đánh bóng tên tuổi, xuất viện đăng đàn xin lỗi! sợ thật sự cái anh Tiệp này 🙏",1.0
ko thêm cánh cụt thì mai đổi cccd thành Linh single mom mất:),0.0
"xin lỗi đc cái j,NGHĨ ĐIIIII",0.0
From Mixi With Love ❤!,0.0
Bọn này còn biết đến ai khổ ai đau đớn,1.0
Ông nên thay đổi triết lí tấn công sang phòng ngự thật chặt chẽ thay đổi tư Duy đa dạng trong cách chơi sử dụng 5 hậu vệ và bà vệ tiền vệ trung tâm mới hay giúp cho đôi tuyển Việt Nam chơi hay hơn,0.0
đcm m,1.0
"Lời nghe và hiểu đc 2 câu, chắc t phải học lại trình NGHE - HIỂU lớp 1 😨😨😨",0.0
má ác thế,0.0
mài có óc để suy nghĩ ko add? cái đồng băng đó mài tính đào hồ bnhiu cho đủ hả thằng ngu?,2.0
"Bọn cặn bã của xã hội,ko làm đòi ă ngọn,tốt nhất ăn cứt mà sống đừng có đi lừa đảo người lành",2.0
Giọng phải giả như con nít giống như vừa nói vừa ngậm nguyên cái cc. Trích từ bài hát của ai đó,0.0
Sao k mổ cho thằng bố con mẹ lão bác sĩ chết ra đấy rồi bảo đúng quy trình? Địt mẹ chúng mày lũ sâu mọt thối nát.,2.0
Cái đám chết chạy đấy thì nó ghét cs đến xương tuỷ còn gửi tiền về? Gửi đc bn khi làm nail culi lo cuộc sống chưa xong dư dả quá ha :)) còn Việt kiều thành đạt kiếm tiền còn gửi về tổ quốc thì chắc chắn ko có time mà lên fb share 3 cái tin rồi chửi ch,2.0
Dã man quá,0.0
":))) vl t có phải đóm đâu, m ngoo à",1.0
ngu chết mẹ đi,2.0
"Việt Nam có văn hóa từ chức, hãy để cho bộ mặt đẹp trước khi về nhà ông nhé",0.0
"ngài ngầu ác, chiến dữ z",0.0
có cái nút unlike mà bấm rồi phắn cmmd,1.0
con chó,1.0
Nhị Thắng cực địt lol mẹ mày,2.0
mầy là thằng trọng tài khốn nhất thế giới do thằng kia,2.0
"có ai biết làm cách nào để tìm lại được, đồng đội, đồng chí, hay bạn hữu cùng đơn vị của người trong bức ảnh không.",0.0
r là hiền dữ chưa hả mấy con nhặng đ ít phát sáng,2.0
Thiện chí trong các việc liên hệ .Nhưng vợ con lại của mình lại ko đc như vậy,0.0
ở VN có bọn dư luận viên ăn tiền tài trợ từ TQ. Chấp nhận kiếp sống chó săn :),2.0
1 đòn nữa thui mà còn cố nhây thì chấp nhận thui,0.0
Bóng dơ,1.0
Sorry cc m,1.0
Hot girl?? Đáng ra phải là pónk dơ chứ nhỉ???,1.0
Kazuki Kiya haha. Hồng Nhan đéo phải làm với thằng katm. Cái đơn giản nhất mày còn sai nói chi mấy cái phức tạp,1.0
Nghiệp đến nhanh lắm,1.0
@Bé Hoan Banana ?,0.0
"Nói tóm lại là thời gian này A chung đang bị ngáo đá nên toàn nói lung tung, hầu như phát biểu không có chuẩn mực ))) Thương cho Dân thủ đô có người đứng đầu vô liêm sỉ ......... Tốt nhất cho A í vào trại cai tiền thôi kkkkkkkk",1.0
Ngu người,1.0
"Lại Ngọc Tuyền Phúc FB thằng ml đây r ae ! Ae uốn lưỡi, buông lời đi =))))",1.0
Choán hông 😌,0.0
Bảo khoe mới khoe chứ không phải cố tình đâu nhé 😌,0.0
"Bất cần đời, but cần em :3",0.0
ông kêu không binh ai xong đi chửi thằng Quyền thảo mai đểu xong kêu thằng Mực tồ tồ nên dễ bị dắt ? Wtf ông Ms là người cần đọc lại đấy ?,1.0
"thì đã nói rồi. thế giới người ta có mỏ bạc, mỏ vàng mỏ kim cương. còn việt nam có mỏ lồn là hay :3",1.0
Quang Quang Tường cãi lộn cát không,0.0
"Ko so với mấy nước trong khu vực đi thằng cha mày, cái cc j cx nói đc, nghĩ mình thông minh thâm thuý à:))",2.0
ý là mình già r đó cô=)),0.0
"Bán nước rõ ràng rồi, các cháu dư luận viên còn gì để sủa ko?",1.0
 có ck rồi còn muốn làm single mom nữa hả ní,0.0
Bắt được bọn này lấy kim chọc mù hai mắt rồi thả,2.0
Biết sao thua ko do ko đánh nhà cứ Q xong thua cứ ơ ơ thôi còn kêu nó đánh chết thì đánh thường 1 cái là hồi máu r cứ háu chiến thì thua thôi ez,0.0
dkm toàn acc fake,1.0
anh này chơi game hay quá :)),0.0
Uyên Thu tag chị mình vào này,0.0
Thanh Trẻ Trâu đm :)),1.0
Ngọc Bình Má đó hài thiệc,0.0
Ngheo mà yên bình là đc. Tao nói riết giờ thấy uổng công. Tao cứ ở nc ngoài ngồi cười khì khì coi tụi bây đống vài thứ thuế ba láp. Ăn đồ ăn hoá chất. Ra đường thi trộm cướp. Uhm yên bình đi tụi mày ạ. Thấy đất nc xây nhiều cao tầng là thấy phát triễn. Tụi ngu ạ tiền vay ODA ấy con ạ. Rồi đời con cháu chúng mày sẽ trả há há.,2.0
sự thật thì mất lòng-)),0.0
hhhhaâ t cười ỉa hhhh Bố m ra trường từ lúc m bú sữa mẹ rồi Chắt mỗi m biết đi làm mà thể hiện gì v em?,2.0
ngu =]],1.0
thuyết phục cực kỳ,0.0
cay là gì v,0.0
Jack còn văn minh với uy tín à,0.0
"Nguyễn Lê Vĩnh Hưng vấn đề là chọn cầu thủ ở đâu! thế hệ vàng VN đã qua rồi, bớt sống ảo tưởng lại cái.",1.0
Phương Yếncho mình xin cái đơn mình bồi thường nè huhu sợ quá,0.0
Chả bù cho K-ATM tí nào😩,1.0
hhhh nguuu bị ng khác chửi còn k khôn ra,1.0
Chết,1.0
Chắc ti vi hỏng rồi... chứ thắng hay thua chả ảnh hưởng đến KT nhà mình...mai không cày là treo niêu,0.0
to đầu rồi mà ngu vl :)),2.0
cái acc đó h mới lên bk 1 à=)) chậm vãi cc z,1.0
Clm nó dơ như chó rách,1.0
Trần Nhật 🙂 m đọc lại cmt xem t ns đúng hay sai mà m ns t như con bò ở quê m,1.0
"con óc chó gà vườn, trình m tuổi đếch gì đòi mở mồm?",2.0
"Các bạn đọc thông cảm bme của tg ad đi gặm xương rồi, k mang nó theo nên nó xàm lồn, ngồi liếm cứt của bọn Bốc Bãi Cứt ra ăn đấy",2.0
Một xã hội thối nát lam con người thành súc vật,2.0
"Già xóa mẹ game đi già, già khóc lóc nhiều quá trẻ con nó khinh. Già ngu vl già ạ",2.0
Bé Ba vailone:))),1.0
Ngọc Yên con cak:),1.0
Đợi đó nó bồi thường có khi xe tốt còn bị mất phụ tùng nữa đấy,0.0
":))) ng nổi tiếng mà cty thằng rách làm như dân đen muốn gặp là gặp, giờ lấy tiền bịt mõm thằng Vr lại thôi chứ dám kiện tụng gì",0.0
"Xử thật mạnh tay cha con nhà này, xã hội mà tồn tại những người thế này thì loạn mất.",1.0
Lê Luân đừng so sánh lương. Mà hãy so sánh quyền lực và lợi ích. Làm cty tư nhân là người lao động không có quyền lực . Còn làm nhà nước là con cháu các quan chức có quyền lực và nắm trong tay nguồn lực của địa phương vả quốc gia. Vì vậy một người hưởng lương do công sức lao động của mình và một người hưởng lợi ích từ toàn bộ dân địa phương hoặc quốc gia gom lại thì tiền của ai nhiều hơn????,0.0
Trần Nhật 🙂 m đọc lại cmt xem t ns đúng hay sai mà m ns t như con bò ở quê m,1.0
vcl bôi cứt mũi,1.0
5C và 5Đ,0.0
Nghe rất là vô sinh nhưng lại có bầu :)))),0.0
Thối nát quá r!!!!!!!!!!!!,1.0
Tôi rất hoan nghênh tinh thần vượt khó của 1 trọng tài mù,0.0
Tìm bắt luôn hai đứa trên xe là ra thằng kia..,0.0
Đúng là trọng tài bá dơ,1.0
thế làm kèo show cmnd không cu em,0.0
sống chó. Bỏ con. Ăn cháo đá bát như thằng dáck thì ...,2.0
Nói mấy người nghèo cho chết đói. V trc đó gửi đồ về cho minh hiếu làm từ thiện dell gì,1.0
gáy cho cố xong solo thua ngta cay vcl.conten cái lol má m kkkkk :))))) ngu nói mẹ là ngu đi :))) vuầ gửi link của thằng cha khuyết tật nhà m solo thua đó.m coi chưa :))),2.0
TAnh Mạc fan rách cay quá chửi tùm lum,1.0
Thằng này ngộ không giả nha,0.0
sì tai củ l gì thế này??,1.0
Minh hiếu có cặt linh cá lóc có lồn 2 đua bay loạn luan di kiếm đứa con nuoi,2.0
Tôi thấy ông Troussier nên ở ẩn thì tốt hơn cho tất cả nền bóng đá thế giới,0.0
Địt con mẹ mày,2.0
Xã hội bồng bềnh.,1.0
CÔN ĐỒ CỤC SÚC VÔ NHÂN TÍNH ĐỀ NGHI VN. NHÀ NƯỚC VN BAN THƯỞNG.,2.0
bạch kim cx ngồi sủa đc,1.0
I love you 3000,0.0
Dkm con chó,2.0
len rank ct dct đi gap nhau nào,0.0
Ko nhận hối lộ,0.0
tkg đần duy nhất là tkg Kiệt đang nghĩ mình b’ tuốt. Đ’ hiểu ch trõ mõm vào vc ng khác,2.0
Thằng ad page nào đúng là Óc Chó 😒,2.0
"Xã hội bây giờ cứ dàn cảnh như này biết tin ai, 2 thanh niên chắc giả vờ lại hỏi han gì cô này tốt bụng tl phân tâm mất cảnh giác…thương",0.0
Xem bực mình thêm,0.0
Anh dột mức,1.0
Giọng bạn nữ làm tôi,0.0
hhhhh nhìn cách nc biết trẩu 2k8 rồi,1.0
Bác sĩ chữa khỏi bệnh cho một người trả tiền cho bệnh viện nó khác.,0.0
Philippe Troussier hãy từ chức! Ông đã phá nát đội tuyển bóng đá nam Việt Nam rồi!,0.0
"anh jack ảnh đần ác, cay ",2.0
Occho sân cỏ,1.0
đcm,1.0
Sao thấy thằng Vàng trong đây,0.0
rank m đâu r cu?,0.0
nhiều khi ngu quá nên fan rách cũng đéo biết sai mà mù quáng bú nó,2.0
Nhiều ng tán dương thế,0.0
Ngao ngán thanh niên bây giờ không làm mà thích có ăn của thiên hạ Mình sức dài vai rộng tay chân còn mà sao không sống đàn hoàn một chút,1.0
Tú Trinh Đen quá mới dính 😤,0.0
Vương Thiên cơ hội đây r,0.0
Lê Trángg sờ vào bố nó nên nó cắn ghê thật,1.0
não chó thì câm đi,1.0
"chất tướng thì con này đang out meta nhìn vào mùa này là bt sân chơi của pháp sư ,ôg này đánh mãi con mực thì smurf kiểu gì ,Đct mà đánh đúng 1 con",0.0
coppy anh3 clmm tao rip chet me may,2.0
"Kỹ năng thì như cac bày đặt viết cap ""chiều lòng anti"". Đúng là đã n g u còn thêm cả cái xàm lon",2.0
Mày chửi đi ad . Đúng nghề chửi đấy,1.0
ngủ làm sao đc khi bh là csgo time chứ :)),0.0
Mô phật :)))))) Trâm Mai Phương Mai Khánh Ly Thủy Tiên,0.0
@Đạt Henry 0774679582 zalo mình nhaaa,0.0
????,0.0
Cái mặt con bò biểu cảm vãi haha.... đhs tự nhiên thèm thịt bò khô,2.0
Đi đá giải ao làng,0.0
uy tín chó gì bọn độc tài,2.0
Người có tiền mặc gì chả đẹp,0.0
T mà gặp m đi t giết m đấy con chó,2.0
"Trư Bát Giới bạn ơi, nó cố tình uống hạ sốt,khai gian thì bố cụ ô kiểm tra yte ở sân bay biết dc à??? ko thể tha thứ cho con chó này dc.",2.0
Không biết VFF có vào xem bình luận không. Hay là giả điếc như không biết gì nhỉ …,0.0
"Thầy lồn được cái sủa dơ, yêu thầy <3",2.0
"fake con mẹ mày, report ae ơi",1.0
"Không nha,coi ông này đỡ buồn hẳn=)))))",0.0
Cũng chỉ vì luật pháp không nghiêm...... Đề nghị tăng hình phạt lên mức cao nhất,0.0
"i do chính quyền không thắt chặt kiểm soát. Phải lập thành nhiều đội làm mồi giả bộ nai tơ, trang bị bộ đàm không giây để liên lạc khi chứng đến. nhử bọn này đến ăn cắp, bên trong nhảy ra tóm trọn cả đám",0.0
Bắt được phạt hành chính thôi,0.0
Huỷ lễ tang mẹ m à,2.0
Đ.m thằng ad lại dùng IE rồi =))),1.0
bồi thường 5 củ nhé,0.0
"Nguyễn Thị Thủy Tiên miễn là vẫn có tiền trả cho nhân viên thì ngta vẫn làm, nhưng những chỗ khác ko có tiền trả lương thì phải chịu rồi",0.0
"Nghe chán, ko cuốn như mất bài trước.",0.0
trán ngắn tóc dài mồm lai trung cuốc.,1.0
Năm Lê Nguyễn Thu Hằng dm vcl bar con đeo khéo chưa đc 1p giật tung l :)),1.0
"Anh dần lên sóng nhiều chút,,,chứ ở nhà ko đi đâu buồn quá",0.0
Thuong con qua .neu nha con ngheo xin manh thuong quan giup do cho xon tien mua xe khat .xin cam on .,0.0
Xem ngay hậu trường cực hiếm của cô Minh Hiếu : https://www.facebook.com/ComeOut.BuocRaAnhSang,0.0
"Mất dạy, làm trọng tài kiểu j z",1.0
kệ tổ nhà chúng nó chứ mắc mớ gì thế,1.0
Ai kêu không đóng phạt ngay để lâu ngày thì vậy,0.0
Làm đến nơi luôn nha,0.0
đã cay lordai đăng lên bị chửi thối đầu mà công nhận vừa chủ quan vừa ngu =)))),1.0
Dcm mày cút về nước đi,2.0
dr phải bắt nó xin lỗi vợ nó vì bỏ con,1.0
Đồng bọn cả,0.0
người ta giúp xong thì nó ăn cháo đá bát mà vẫn cố bên vực cho nó vậy sao lúc jack bỏ con thì ko ai nói gì tới việc đó v,0.0
streamer chứ đéo phải nhà đạo đức :)) nó chửi k chửi lại để n ngồi lên đầu hay gì ?,1.0
"Bọn no dàn cảnh ăn cướp xe của cô gái .rồi bọn lưu manh này sẽ gặp thất bại trong cuộc sống thôi vì trời phật sẽ trừng trị tụi no ,hãy sống đàng hoàng vì co luật nhân quả ,hãy tin tôi đi và hãy đợi đấy !",2.0
"nguyễn mạnh nếu còn nghèo và dốt, cuộc sống bạn không như mong muốn. thì lỗi của bạn là tư duy. và tư duy thần tượng 1 thằng rác như dách dũng thì cuộc đời bạn còn khổ thôi",1.0
cút về nước đi ông già bất tài,2.0
Danh cho banh cai lon luông con lin loc,2.0
Biến đi troussier,1.0
"Trương Bình chơi game mà t tưởng đóng phim , nghe ứa :))",1.0
"Đây nữa nek, toàn lũ giáo sư tiến sĩ đầu óc cức",2.0
Vã lắm r,0.0
Đm cb mất acc xl t đã lường trc đc điều này r nên hỏi han mấy ôg trọng tài từng mất acc ở world cup ổg trao dồi kinh nghiệm cho mấy ổg mất rất nhiều acc r đấy. Bắt k côg bằng h xl xl cc cl hãm lồn vãi,0.0
mài có óc để suy nghĩ ko add? cái đồng băng đó mài tính đào hồ bnhiu cho đủ hả thằng ngu?,2.0
Bắt đúng tý,0.0
Mù à bị ngu nx,1.0
"Báo chí vn như cái củ căc vậy,tụi nó có con có cháu có ba có mẹ,mà ăn ở k có đức,v thôi cho con ở nhà mẹ di,cho di học làm mẹ gì,an nói xạo xược,ăn k nói có mà cũng bày đặt đẻ con,giáo dục con,cho con di học đm t khinh cái xã hội vn,khinh cái đám báo chí",2.0
Dẹo trai chi,1.0
"trình mày gà như shit :vvv , sợ mấy thằng cày thuê như thằng mực gặp tao đi top mà thấy ilaoi tao hành cho vỡ mồm :)))",2.0
đánh nhà k đánh làm cai gì k ?!,0.0
Bạn muốn biết Sam hay So thì hãy thử trc khi ăn nhá,0.0
"Uầy, thế mà có cái hội lúc nào cũng ngông ngóng cái lũ đu càng đó gửi tiền về đó, chậc chậc😞",1.0
Một thằng ngu,1.0
Chị ba vàng ngọc có cây đinh mọc giữa dái :)),1.0
Ok thầy ;v,0.0
"Bạn không xứng đáng được tha thứ, vì bạn đã hành xử thiếu văn hóa lặp lại nhiều lần với đội tuyển Việt Nam",0.0
Nguyễn Chí Đông chửi ác,0.0
Bài vở này tỉ lệ thành công vẫn cao nhỉ,0.0
ụa nãy giờ chọc đóm con mà như chọc chủ cmt v,0.0
Thuỳ Trang giờ có nè :>>,0.0
Con chó nó ngửi được mùi thằng trộm,0.0
"Dạo này mấy bố ts giấy phát biểu hơi nhiều, phần lớn cho thấy tư duy kiến thức quá lạc hậu, nhiệt tình cộng với sự ngu dốt thì sẽ thành phá hoại 😤",1.0
"Nguyễn Mạnh nhỏ không học, lớn lên thiểu năng vì rách",2.0
sau mà ác quá tội cô gái,0.0
Mịa cái bọn trộm cắp,2.0
"Chị nói chuyện quá sản khoái  1000 like cho chị , quá thực tế",0.0
Ủng hộ huấn luyện viên philip trousser. Chúng tôi vẫn luôn luôn tin vào huấn luyện viên và đội tuyển. Nhưng ai không thích chỉ đại diện cho một phần không phải tất cả. Bóng đá không phải lúc nào cũng thắng thua.,0.0
sờ mớp :)) nhìn đánh Ngu VkL :)),1.0
Ngânn Lào Keyyy =)),0.0
Mày biến khỏi đất nước VN biến khỏi ĐTVN đi thằng đầu phân người Pháp Troussier,2.0
hãy cứ mãi thơ ngây thế này nhé.,0.0
Thế con trai bảo đợi thì sao?,0.0
kiểu đánh bục mặt kh ai biết mất kiểm soát 1 trận cả làng game hay,0.0
"Lê Tấn Tài vì tao thấy mày là khỉ đầu chó lên tao mới chửi, nhưng tao đã nhầm , mày là xúc vật thì sao hiểu tiếng người 😂",2.0
miệng như đích trẻ con,1.0
Mày mất thẻ đỏ r à hay sao mà k rút,0.0
Thấy thì thấy nói giàu lắm có tiền lắm con ông cháu cha lắm. Ra nước ngoài dell có tiền về .Bệnh xạo lozzz thì vẫn còn mỗi ngày.,1.0
Chả hiểu cái mẹ gì luôn,1.0
Võ Thành Phước P đánh con nunu như zày là ez win,0.0
Luật phải đem xuống 15 tuổi tử hình đi thôi.lúc nào cũng chưa đủ tuổi rồi như vậy,0.0
Lại mọc thêm 1 trang của viẹt tân ag. Đkm bọn chó đẻ,2.0
CON NAY MAT DAI THAT,2.0
Không cho chúng bố ăn là chết với chúng bố. Thiên đường xhcn nó thế đấy con ạ.,2.0
"Ngọc Nữ nói thật là 1 bộ phận lớn dân miền trong các b vẫn chưa đủ thông minh để có 1 xã hội hoàn thiện :))) như dân HÀn Quốc thì jack của các bạn lụi từ lâu rồi :))) ,đúng là dân trí thấp nên mới chấp nhận giá trị thấp",2.0
"xin lỗi cc gì mực, cởi quần ra đi",1.0
kay vờ lờ.,1.0
"Chuẩn bị từ chức đi ông ơi,tôi xem ông cầm quân kiểu chấp đối thủ là tôi sợ rồi. Chiến thuật thì kiểu chó chạy ruộng cày tốn sức mà không hiệu quả,công cùn thủ kém còn coi thường đối thủ. Chưa bao giờ sân Mỹ đình lại vắng vẻ như trận ông cầm quân là… Xem thêm",0.0
Bạn bât thế này là fb bạn cẩn thận,0.0
Của mình hay của người ae,0.0
Mọi chuyện sẽ được làm sáng tỏ để chứng minh sự thật.,0.0
Đừng stream nữa k có tương lai đâu về hốt cớt ăn đi e,1.0
ngu thì nó mới thua? Thua thì chung và xog chuyện đéo lải nhải. Cả đời bạn bạn nghĩ khôn hơn tất cả ko hay cũng ngu với người khôn hơn bạn? Bạn chắc cả đời k mất tiền ngu?,1.0
còn miếng danh dự nào đâu mà mất,0.0
Dạo này không thấy bọn dlv vào chửi phản động nữa nhỉ. Hay tiền lương thấp quá không đủ nên chuồn rồi.,1.0
liên quan ông ơi nợ là ngta nợ ko liên quan tới nhà ông ăn nói thoi là thấy con người ông ko tốt r á,0.0
Thằng điên,1.0
"Vả vô cái mỏ loz mày bây giờ, thứ học sinh trời đánh",2.0
Đúng là sâu bọ giệt hoài ko hết được,2.0
con linh này nói tục ko có duyên đồ mất nết 😎,2.0
Haha. Chết mẹ con Nhung rồi.,2.0
Xin con đi me may,2.0
Xin cha mày,2.0
"thế thì ngậm cái mồm lại, nhận là ván đấy mình sai đi, và đừng bảo mình là rank cao thủ cày thuê nữa? Và thêm nữa nó là một streamer, có nhiều người theo dõi, nhiều lượt tiếp cận, truyền tải những thứ toxic như vậy có nên khong?",1.0
nếu có lòng tự trọng . ông nên từ chức đi nhé,0.0
Con so tròn chứ ko có mấy cái ngạnh như sam nhé,0.0
nó vẫn cứ cố cãi cơ thà nhận cm đi ae còn thương,0.0
Mầy lên mạng xã hội mà mầy vỗ lồn con nầy quá trời sao ko ai dám làm gì nó hết dậy trời tức muốn ói máu,2.0
Thấy bọn cướp này ngứa gan.,2.0
"Tấn Tài trình độ nào đá trung vệ lệch trái, thể hình mỏng, non, Bùi Tiến Dũng thì không sử dụng, ngoài ra còn có Thành Chung, ở Vleague còn có Hữu Tuấn, Dương Thanh Hào... Mục tiêu world cup mà ko qua vòng loại 2, những trận đấu chính thức đâu phải thử… Xem thêm",0.0
Mới ngày nào chị chị em em sao giờ chửi rồi,0.0
Ngao ngán quá !,0.0
Thanh niên bây giờ đi trộm cắp theo bầy đàn nhiều quá... Tởm thật...,1.0
So quần đ,1.0
"Thật ko chịu nổi. Jack đã quá hiền, Đóm chịu quá nhiều uất ức, mình tha thiết mong công ty kiện Vai Rớt ra toà để lấy lại công bằng cho Jack và Đóm.. thật sự mình hiền quá ng ta ngồi lên đầu lên cổ.. thương Jack và Đóm lắm các bạn quản lý ơi.. Hãy kiện anh ta tội xúc phạm danh dự... Đòi công bằng",0.0
"Ủa tứ quý có chặt đôi heo đc đâu, lộ tứ quý rồi nhaaa hahhahaha t cho m thúi Trần Thị Linh Ánh Bui Thi My Ngoc Thanh Hà Thanh Thảo Thùy Trang Lê Thị Oanh Hoàng Linhc",0.0
Linda như thám tử bắt tận tay đối chấp với thanh niên quay lén mình,0.0
Giày trăm rưỡi trên sóp pe hơi bị xịn nha các ông =)))),0.0
 why cái con cặc,1.0
Mê cái cách anh ta choke,0.0
"M thằng dốt nó ko pik đăng tào lao e ak, chứ móng trụ ko đạt dựng trụ nó sập oy, đâu dựng lên thành hình rồi kéo dây, đổ thừa con bò kéo sập trụ. Đúng là mấy thằng ngu như bò",1.0
"Thoại Trần ok chính \""tã\"" :))",0.0
Liên Hoa :))) bị thằng rách cho đội quần năm này qua năm nọ mà vẫn tin. Niềm tin bất diệt của lũ ruồi mất não,2.0
Đập chết bọn này còn bị chửi nữa đấy,1.0
K live ak bạn. Thỉnh thoảng xem thấy cũng vui,0.0
Xin lỗi cc,1.0
đcm. phạt! phạt cái loz. cáu!!!,1.0
Cái cần phạt thì mày không thôi phạt cái cần thẻ thì mày không rút ra xin lỗi cái con lồn mẹ nhà mày,2.0
Cho nó bay mâu là vừa,0.0
"m lảm nhảm cái đéo gì thế, sai lè còn cãi, ở Việt Nam! cái hay nhất nhà chối tội đổ lỗi thanh minh, từ thằng quan tới thằng dân, sai lè thế kia mà còn lái đi đâu đâu để cãi, chúng mày vác cái đth sương chúng m, còn dân Việt Nam! bên đó với nhưng ng sau này sẽ qua thì sao?",1.0
Cai vu veadan cung the thoi. Dit cmcm um xum len dc cai cc j,2.0
haha cay nên nói mấy cái văn cấp 1 đúng là văn cạn nên suy nghĩ được nhiêu đấy thôi :)) mấy thằng nhóc ác hay vậy lắm :)),1.0
"clm coi đct phân tích rưng ftalon gank top akacua , khi đó fiora hết bà n chặn r,n mà ném tiêu :vúng,n hốt hết bà n cả 2 thằng chứ ở đó mà chạy xa item thì 1 maquf,cày thuê cl gì mà cày thuê? game nào cũng để team nâng hẳn là cày thuê có cái kèo xem ai solo q rank cao hơn trong 20 30 game mãi méo dám rep. đến chịu",1.0
 ruồi đít vàng mãi đỉnh,1.0
"ê mực rác,t vs m làm cai kèo hem? cho m chọn midman,làm kèo nhẹ nhàng 2tr thôi,tiền midman t chịu cũng đc. Luật chơi rất đơn giản 2 acc chưa leo rank mùa này và các mùa trc(acc new) cùng chơi solo q(solo q nha ko phải dual vs bạn bè) trong 20 or 30 game(tùy m chọn) ai rank cao hơn thì lụm lúa,nếu bằng rank thì t thua.",1.0
Con bò biết đi này,1.0
Chuẩn nha:)),0.0
"Cmm xin lỗi cái củ cặc, nghỉ việc đi",2.0
T ko bất hạnh vì hôm qua thua mà t cảm thấy có lỗi vì bố mẹ m đẻ ra m,2.0
Chơi game nuốt phải lưỡi hả má,0.0
Cái con mẹ mày... Sớm muộn mày cũng chết,2.0
Những loại người như này cứ phải cho cách ly khỏi xã hội,1.0
Mình không có tiền để lái xe ra nữa họ sẽ làm gì Xe của mình ta,0.0
Hợp lý😆,0.0
giật đ trượt phát nào đến từ vị trí của Độ Tày,1.0
Nên chụp ảnh lại cho cả nước biết lần sau còn ai dám trốn?,0.0
Tóm lại bạn cũng như Linh nóc Toàn là lũ thất học vì một chút tiền lợi nhuận chửi nhau kiếm tiền,2.0
Sau này lớn lên ms thấy hối hận,0.0
4 thằng đi chung,0.0
Uống dc tuần thấy có sự cải thiện,0.0
Đánh ngu vl,1.0
chị dễ thương quá,0.0
"Ông lân giỏi thật,,,, phỏng vấn mà mặt tỉnh như bơ",0.0
Áo chất,0.0
Bỏ cái tặc nhiều chuyện nhe.ko coi chừng xe.,0.0
bảo vô văn hóa lại tự ái,1.0
Sủa hay lắm ad,1.0
"xinh thế, coi chừng thả 1 đứa con quay về bình dương bán nước tương đó",0.0
Táo quân năm nay người đóng vai ngọc hoàng là Idol Lộc Fuho phải không mọi người? :)),0.0
Vitamin Nhung cđ m chứ ai nữa 😁😁,1.0
Nguyễn Hoàng Sâm lồnnn Sâm,2.0
Người ko ra người.ngợm ko ra ngợm.ý thức thì như đống rác.nhà nước nên bỏ tù những thằng coi thường pháp luật và tính mạng người khác như nó.phạt thật nặng xem nó có im mỏm nó ko.,1.0
bảo hiểm có phải bồi thường xe này không? bảo hiểm vật chất mà ???,0.0
"Toàn bọn đầu trộm , đuôi cướp !",2.0
yên tâm đi e hầu toà còn có các nhân chứng bị Ráck ăn cức đá bô theo phe viruss mà,1.0
Minh Hieu Ali Chui Noi Bon Ngu NguCo Bang Cap,2.0
Thành Trung đọc bình luận tục vc anh :)))),0.0
Thùy Promise nghe Hư Trúc nhưng lại rất Mộ Dung Phục à emmm???,0.0
"Ngu ran chieu con nguoi bay gio dung tin ai ,hay that trong",0.0
Yêu người Hồng Kông và yêu cảnh sát Hồng Kông Vì Hồng Kông Tự Do,0.0
"nghỉ mẹ đi cho nước nó trong, gà vcl",1.0
Ông im mẹ mồm đi :))))))),1.0
Thương quá,0.0
"Dơ dái, bẩn thiểu, hèn hạ, hạ cấp. Ghê tởm",2.0
Lan Hoa ăn nói như bộ phận sinh dục vậy bạn êii,1.0
Đụ con đĩ mẹ chúng m đừng có nhai đi nhai lại đc k? Con người chứ có phải con trâu con bò đâu mà có cái câu nhai mãi mà chả có cái ý nghĩa con cặc gì cả,2.0
Trọng tài bị lé à,1.0
T k thích k ưa mẹ này.... Mà dx cái chưit ngta nghe hài vcl bù lại củng đỡ 😂😂,1.0
"Ăn hôi khắp mọi mặt trận, giống như thánh ăn hôi nguyễn lân trung",1.0
Phá hoại nền bóng đá vn,0.0
"đánh ngu như con lợn, mồm thì mõm, mặt thì như cái đầu cặc tao",2.0
"Thế là cùng , bọn này nó phối hợp ăn ý thế ko biết",0.0
Trang MyHan nho lém á,0.0
Chúng nó dàn cảnh để cướp.,1.0
thằng này 2-17 đi trái lane đc ACN review đây à?,1.0
Trọng tài kiểu bíp j thế ha,1.0
chưa vk chưa ny uống vào ko biết có động dục ko nhỉ 🤨,0.0
Lo học đi cháu :)) thi tới nơi rồi mà ở đó mà xàm loz :))))))))))))))))))))))))))))))))))))))))))),1.0
Bê đê dơ,1.0
Mình thiệt sự chán ghét cảm giác này.,0.0
So Pre Tài Trợ Độ Tây Ngày Hôm Ngày =)),0.0
"Thấy trai mê nè mình bán mua thì bản ko mua thì thôi còn chạy ra khỏi xe đung gần nơi vh,w ko nói gì",0.0
Nguyễn Triệu Thu Thảo mệt lòn 🙂,1.0
Thanh xuân như 1 ly trà,0.0
hhhhh cười ỉa hhhhh nhục quá con trai ơi hhhh,1.0
Xin lỗi đã làm phiền quý vị https://youtu.be/yW6Tmk4lnJ4?si=HXW9uKsRvdc6C5Nn,0.0
bầu cử cl gì mà tao lên fb biết kq đâu mấy tháng trc rồi. bâu làm cm gì nữa lấy tiền chia đi nhâu có đã k,1.0
Dcm thằng súc vật không có não này chết con mm đi,2.0
Mắt để dưới đít à chú Theo cháu thấy thì ý chú bắt như qq,1.0
tui đoán có nghề đi chửi mướn...mà ko ngờ có thiệt. Nên thag J nó mà hiền hiền là bị dập ngay. Tới 1 lần luôn đi.,0.0
Thôi tao sin mày Tiệp ạ sủa ít thôi ko nhà nước cho mày cách ly o chỗ châu Việt cường đấy.,2.0
"Mặt bà này là biết có dương vật ở dưới háng , mặt nhìn coi không có hậu gì hết .ăn nói như giang hồ mất dạy",2.0
Sory cái dcmm,2.0
ko phải hiền hay dữ nhưng đừng tỏ ra mình là thằng không có người dạy,1.0
ăn bẩn ko chừa thứ gì kể cả bê tông.,1.0
Cuối đời rồi ông Trần dần cũng nghĩ ra được để sam hoi đoàn kết để còn một số thành phần chống cộng nghĩ lại,0.0
"Chúc thầy năm mới, thêm nhiều mật danh mới :>",0.0
Nước ngoài tội tộm cấp xử rất nghiêm minh.việt nam mình thì luật pháp bảo vệ thằng ăn trộm ăn cướp.chịu,1.0
Xã hội ko có gì là ko thể quá khổ cho con. Người lao động,0.0
"Con chó nó có linh cảm,nó đánh hơi noé sủa mấy lần....",0.0
quên mai cuối tuần nữa mai ông nt tui thử hk thấy onl là biết sặp rồi đó,0.0
 • Mở quà lấy mã toàn sàn giảm 20K/50K tại: https://shope.ee/6ANITns44y MỸ PHẨM: • 18H: COS300K18H10 giảm 100K đơn từ 300K. … Xem thêm,0.0
Xin lỗi cái địt mẹ mày,2.0
Bố m hóng ảnh m trên bàn thờ,1.0
Xin lỗi cái địt cụ mày,2.0
"Lũ CS đúng là một lũ súc sinh ác độc hơn lũ ngạ quỹ, một lũ người khg có chút nhân tính, quá tàn độc khg biết phải dùng từ gì đễ mô tả cho lũ này! Bất luận thế nào thì cũng có ngày bọn súc vật này cũng phãi đền tội và kết thúc trong đau đớn hơn nhửng gì mà bọn mọi rợ này đả gây ra trong một ngày gần đây....",2.0
Thôi anh im đi,0.0
"Cái gian hàng trong tổ hợp nhà ga chứ đéo phải cả nhà ga nhá :v ngu vừa thôi,ngu hết cả phần thiên hạ",1.0
"Cho nó vào tù miền nam này xem, bố láo thật",1.0
"hẳn là CH!CH khỏe, CH!CH phê, đê mê tối ngày!!!",1.0
mày sv đó,2.0
Hoàng Minh Giáp tôi seach gg luôn đó bạn :),0.0
"Trụ thì đ đánh, ngựa ngựa múa múa thua là đúng r. Này là nguu, rút kinh nghiệm lần sau",1.0
Cút về nước,1.0
70 tuổi già rồi từ chức sớm đi cút về bên nước Pháp nghỉ ngơi đi,1.0
clm nhỏ chủ tus nói đùa mà có cái con chim cánh cụt là biết khịa r,0.0
Biết lỗi thì lượt về ép thailan cho thua lại 2-0 đê,0.0
Thi m van ngu,2.0
"Chuyện đéo đâu xa về đạo đức mấy thằng chó công an giao thông:sáng nãy e đi tiễn mấy thằng bạn đi lính..bọn giao thông đi dẹp đường nó cầm gậy sắt vừa vụt vừa chửi dân như con ""bố mày đập chết cụ mày giờ,địt cụ mày"" mình đéo ngờ luôn đấy",2.0
Hải Yến Đ care cmt làm gì??? :))) Ô ai hỏi m à? :)))),1.0
BỌN ĐÓ BẮT ĐƯỢC NÊN GIẾT,2.0
Ccccccc,1.0
Đức Thịnh e cũng thấy a có cô nào đấy mà 😂😂,0.0
nhà thì ko đánh lo pk,0.0
"Tạm đình chỉ, chờ cấp phép rồi xey dựng lủ ngu ạ. Với lại có 1 số hạng mục xây dựng ngoài thiết kế. Thằng chó nào mạnh miệng bảo dừng xây dựng luôn ko??",2.0
Giống người k :)),0.0
Nghỉ mẹ luôn đi…. Xin lỗi gì….,1.0
"Thánh này thông minh lắm, đừng có giỡn nhe,,...lương lẹo lắm à..kk",0.0
"Gọi làm gì ? Nó láo thật , nhưng rõ là chửi đúng , thằng kia đúng là ngu mà !",2.0
ad bạn đang ở thế giới nào vậy?,0.0
Lộc gồng Lộc bắn nè,0.0
bay acc,0.0
ma ba vang ngoc noi thiet khg bao gio noi doc,0.0
Dm cụ nhà tao không thiếu tiền nhà dột từ nóc,1.0
Địt mẹ các bạn ý. Cười rụng con mẹ nó mồm rồi.,2.0
Xin lỗi cặc 3 màyy =)),2.0
"Thang cc nao ma chang the dc,",1.0
Xin lỗi cái cc,1.0
Địt mẹ mày mai ra đường đâm vào cột điện mà chết đi,2.0
"Bắt được sử bắn bỏ vài thằng riết nó sợ hà,làm ăn méo lo làm tối ngày trộm cấp.",1.0
( Trâu ngu si ơi) tốn tiền thuế dân việt đi nuôi mày quá.,2.0
Mày bắt ngu vậy mà cũng đy làm trọng tài,2.0
Xe tao để trước tiệm này cầu mong tụi nó đến lấy dùm cái tao thề tao vồ dc tao cho tụi này tàn phế suốt đời luôn,1.0
Giải nghệ thôi chú,0.0
8k/1000 Follow 35k/5000 Follow 70k/10000 Follow bao ko tụt Mn có thể vào tcn của mk check uy tín ai mua ib hoặc LH 0966868802 bao uy tín hiệu quả Chỉ cần link tk cần buff ko cần mật khẩu hay bấy cứ thông tin nào khác. mấy thằng làm 5k/1000fl toàn fl ảo nhanh tụt Xin lỗi đã làm phiền chủ video 151,0.0
"Không thoát đâu được, yên tâm bị bắt cả 3 à",0.0
Rảnh thì giúp mẹ giúp cha. Ở đây sống chậm mả cha chúng mày...,2.0
Chống tham nhũng ở ViêtNam như kiểu con Mèo ăn miếng mỡ thì bắt được còn Còn cọp ăn con hươu thì đeoa bắt đc,1.0
Ngu xuẩn nhất nhì là TT Mỹ (thơ trần đăng khoa),1.0
Dại trai thì cũng là 1 cái ngu,1.0
Lâm Châu Minh dàn cảnh lấy xe,0.0
"thằng âm binh, xéo",2.0
pew đau lắm,0.0
Cái đcmm thằng trâu sề. Cút cmm đi. Loại mày dẵn dắt được ai?,2.0
Thương con quá nhìn mà sót sa con ho cg như con mình chứ sao nỡ lòng nào mà đứng nhìn nó đánh con ng ta như vây quá ác đôc mong phát luât vào cuôc để dăn đe nh kẻ khác và cầu xin chúa thương xót chữa lành cho con,0.0
Thiên tai hạn hán cũng đổ lỗi cho chính phủ. Vậy có lẽ tao cũng nên coi mày là thất bại của việc bố mẹ mày làm tình phải ko thằng ad óc chó?,2.0
Cưng ơi..,0.0
Vui vẻ có quạu abe ơi,0.0
"Tụi này bắt được phải chặt tay bỏ, nó mới không đi ăn cướp đc",1.0
Nó thích mình nó đã yêu cmm luôn chứ bắt m đợi làm lồn gì. Đợi chỉ là lí do để nó tìm xem có kèo nào ngon hơn không thôi,1.0
KO BÍT ĐẦU ĐUÔI. CÂU CHUYỆN RA SAO. LÚC TRƯỚC HÙA NHAU CHƯỞI NGƯỜI TA.  H RỒI BÂY H QUAY LẠI CẮN. KHẨU NGHIỆP TẠO NGHIỆP.,1.0
Quân thất đức,2.0
Xạo lồn quá chị ba ơi,1.0
"Võ Hồng Gấm rồi mấy đó tiếp xúc với thêm nhiều người khác nữa á,nghe mà ớn lạnh,cầu mong cho đừng ai nhiễm nữa,k ở quê làm rần rần riết chị muốn bệnh lun á",0.0
Nghỉ đi về Pháp mà trồng nho nấu rượu đi,0.0
Chí Cường up dc 2 bac oai vc =))),0.0
đít phát sáng đã rõ ;))),1.0
 trực tiếp thì k chịu cứ phải đt với nt là sao nhỉ?,0.0
Đhs nói ngu vl :))),1.0
Xã hội này muốn làm người tốt cũng khó,0.0
Đập chết cmn luôn,2.0
"Hết dịch COVID rồi, thấy ai mang khẩu trang thì phải cẩn thận",0.0
Tết thầy mà để Sela xông nhà là năm sau tán gia bại sản luôn đó thầy.,0.0
ông biết cái cc dì mà nói. Có nghe nó đã ngu còn tỏ ra nguy hiểm chửi bới đồng đội nó chư?,1.0
Con mẹ mày. Nhạ ơi. Nhòm vào bữa cơm 25k của các cháu trường tiểu học hạp lĩnh. Tp Bắc ninh xem mày có đớp đc ko,2.0
"Vcl tự nhiên chửi người khác ngu rồi đem trường hợp ngu của nó ra ví dụ! Đụ mẹ thằng ""lỏng bao"" dành hết phần ngu người khác! Não teo rồi hoá chó à",2.0
"Chửi 3 que nữa đi, có phải 3 thằng không ? Có phải tỷ số với Indonesia 3 trái không ? Nghiệp mõm cho lắm vào !",1.0
"thay vì chê cái văn bản, nên chỉ ra nó sai ở chỗ nào",0.0
Chữi nhiều quá tắt thở bây giờ,0.0
Huỳnh Minh lực,0.0
"3 thằng đàn ông cao to ăn cướp của một người phụ nữ nhỏ bé,3 thằng này còn thua cả loài súc vật",2.0
Đức Thịnh 🙆🙆🙆😂😂😂,0.0
"Ad nói đúng,còn những thằng phản bác ở đây toàn là lũ vô học nói làm đéo gì",2.0
"hẳn là CH!CH khỏe, CH!CH phê, đê mê tối ngày!!!",1.0
Đánh như cc họ..nhìn bẩn hết cả mắt,1.0
Cảm giác anh nhớ em,0.0
Dinh Hong Ngoc vắt chanh vắt quất cho sảng khoái thơm tho,0.0
M nói ngu nói dốt vl mày thấy bọn nó Bênh thằng jack chứ có phải là nó thấy mày cmt rồi vô cắn trước như tụi m chưa thằng đàn bà m nói chuyện cũng phải xem lại cmt trc hả cắn con trai :))) Nói ngu thì tự ái nó đàn bà thì lại cắn,2.0
"Có một người đàn ông nọ đứng ở giữa quảng trường và hét to: ""Lãnh đạo đất nước là những thằng ngu"".",2.0
Mẹ mày hưởi quần xì của con ômô  ý lộn ômôi chứ kkk😁😁😁😁😁😁 cười ỉa,2.0
chửi cái dcmmm,2.0
cái tội mê trai nè. cho chừa,1.0
thế để chửi dùm Nhân nhé,0.0
Anh em học trò thầy ba like avt hộ tôi :((,0.0
" Lũ chúng m kêu ng ta reaction xong ng ta nêu ra cảm nhận là chúng m vào cắn như 1 lũ chó bầy đàn. Hiểu từ ""REACTION"" là gì ko?",1.0
tiền,0.0
Mẹ nó,1.0
Bắt như cc h đi xin lỗi,1.0
Trông mặt thằng bố còn ác ôn hơn hai thằng con,2.0
Con chó diên dan chuong trình nghe muon ỉa ra quần,2.0
Thì chế độ nào người moi như vậy,1.0
Đề nghĩ mấy đứa rich kids não phẳng ngoài Hà Nội bớt hãm lone bênh con điên kia! Tao muốn bay ra vả cho mỗi đứa một phát vào mõm!,2.0
Đéo bắt được thì cút,1.0
"Nguyễn Dương t đâu như con kia tự vác lol đi tìm trai, rồi than khóc bị bỏ tốt đẹp hơn ai. M bị nó dắt mũi thì cũng ngu ko kém",1.0
Người nhật mà còn có thể loại ko não này thì bảo sao VN lại ko ..chán dell muốn nói,1.0
"Ban xôi đuoc mây đông,bi cuop xe",0.0
vậy ông trong cuộc à?,0.0
Mấy thằng hèn,2.0
Co ba vang ngọc noi hay qua cho e cacmobi 100 nha co,0.0
Ở ASEAN cup thì tuyển Việt Nam thua đẹp. Thua tiến bộ. Ở vòng loại wc thì tuyển Việt Nam thua lạc quan. Ko còn gì để nói ông này,0.0
Tù toàn người quen thì vào để các anh làm quen với mày,0.0
Ảnh xinh thế. cmt như này cẩn thận bị jack nó gạ đ** nhé :)) Nếu mà có đi thì bảo nó dùng bao không là không có tiền chu cấp nữa đâu,1.0
Thằng mặt l này đi trên đường tưởng thần kinh đấy,2.0
Có chứ sao ko phá hoại tài sản ng ta mà,0.0
đầu chứa cứt hay gì mà đá trận nào thua trận đó.,1.0
đọc lại kĩ hết coi tôi có bênh thằng nào đâu,0.0
Lỗi cc fuck,1.0
Trẻ trâu đóng film hài hả 🙂,1.0
"Xàm, ăn không rảnh rỗi l, dịch ko giúp đc ai thì thôi còn chửi nhau đăng lên, chụp gạo đồ,  trẻ trâu",2.0
sợ thật,0.0
Trần Văn Hưng tia nhanh thế,0.0
jack có chịu trách nhiệm k b,0.0
Giày hiệu made mixi :),0.0
Im mẹ mồm,1.0
Chó ăn cức,1.0
Tội cho chí bán hàng,0.0
Sorry cái qq,1.0
Vô học,1.0
Vợ mình thì chả bao giờ chửi mình Toàn chửi cha mẹ mình thôi,0.0
"3M/month khi share live vào group ảnh hỏi không kĩ ảnh nghĩ  3M/ buổi share live xong ảnh ghim mình suốt 4 năm =)) .  chơi với bạn hết mình , bạn chơi mình hết hồn =))",0.0
Yogurt ơi lộk bắnn lôk bắnn :))),0.0
Cút mẹ mày khỏi vn đi thằng hlv loz,2.0
Cô duyên dáng quá à,0.0
Châu á còn đá không nổi. Hlv tồi,1.0
Mày cút mẹ đi. Bắt ngu lắm,2.0
Jack an l,2.0
Thâm hết cả hậu!!!,1.0
Ế quá nên sale à thầy,0.0
bầu cử cl gì mà tao lên fb biết kq đâu mấy tháng trc rồi. bâu làm cm gì nữa lấy tiền chia đi nhâu có đã k,1.0
Levi làm quả call quá chi làm suất sắc =)),0.0
viết đơn kiện ra tòa đối chất,0.0
đập ngu như thầy thì mãi mãi cx dell lên đc +7 e thề,1.0
fake đó ae,0.0
"T thề là nếu như dịch bệnh mà hết và con Nhung này ra viện thì chắc là ai nhìn thấy nó thì cũng muốn lao vào xé xác nó ra ấy, thế có mà nó sợ tụt lờ k dám đi đâu đâu =)))))",1.0
Chào thằng khốn,2.0
"Không thể tha thứ cho loại mat dạy này,",2.0
Lấy của người khác làm của mình sợ thật,0.0
Rồi bị bắt chưa mn? Toàn thứ ăn bẩn xh? Toàn thanh niên trai trán. Toàn trộm cướp?,2.0
Khứa này hồn hồn lài,0.0
Xứ đông Lào này chúng chỉ có hốc thôi,2.0
Yêu thầy dấu bé 3,0.0
Biến khỏi vn đi đm mỗi tháng ông hưởng mấy tỉ mà dẫn dắt như cc,2.0
You suck,2.0
"Tàu hũ in tiền sang VN gom đất, nhà, vàng và mua chuộc chó với đầy tớ",1.0
thương bố mẹ em đẻ ra được óc chó như em,2.0
Đừng là trong tài của một giải ao làng.,0.0
Lũ chó lãnh đạo Đcs,2.0
May lm the đung sao,1.0
Clm fake để bú fame à đm,1.0
ĐM thanh niên sức dài vai rộng mà ko chịu làm chỉ muốn ăn của người khác.,2.0
người cay là người xem còn người ngu là ông đấy,1.0
Con linh này nó k biết nhục sao mà còn đua cái mặt lên cà..,2.0
Đớp tiền cho lắm vào nên mắt bị đui mù.VN đéo chấp nhận lời xl,1.0
An tiền nó lam vào,0.0
VỢ JACK5TR BẾN TRE,0.0
ấy sao lại nói con bố Phước thế brooooo,0.0
"thằng Rách nó còn uy tín cơ à,cười vkl thằng giẻ Rách",2.0
Mày ngu vừa thôi ad :)),2.0
Đeo hieu kieu gi,1.0
"chửi nhau sao kg gọi Phone chửi cho dã cái miệng,mà lên dây khoe vàng hả cha,ỉa déo ra cũng dưa lên,bó tay,",1.0
Không sao nó ăn cũng chỉ một tuần là hết cái xe thôi rồi xẽ đến ngày trả giá quá đắt mà thôi,0.0
"Mo mom ra biet ngu.nghi sao dung tu nhin,",1.0
mình vẫn tin jack bạn nhé nhưng mà là jack grealish bên man city =)),0.0
Tốt nhất gặp người la không nên nhiều chuyện,0.0
 dcmm sợ à,2.0
"nhanh đi ngăn cản dị không gian đi đh, tụi vực ngoại thiên ma sắp xâm lấn r kìa",0.0
Lý Quốc Việt hmmm,0.0
Khóc lóc con cặc. Nhét ku vào mồm mày,2.0
Anh Minh 5 tỉ tới chơiiii,0.0
Con me may,2.0
Hoan ho chị ba .sao ko cho cai cad zạ chị ba .ung ho qua ma sao ko cho em,0.0
Đet mẹ trong tài như con cắc trong tài như lồn me no trong tài này chết hết cả ho no jk,2.0
"Giao dịch với nhau thôi chứ bạn bè đ gì mà nhận nghe chúa hề vc.t ko fan thằng nào cả nghe như đấm vào tai kiểu giải thích , Nhận xét thật sự trình bạn ncc đến đường cùng góng lên chửi giải thích cả live cả duo",1.0
Mong huấn luyện viên có thể trao cơ hội cho ibrahim maza ở hertha bsc . Anh ấy là 1 cầu thủ rất có tiềm năng để trở thành siêu sao bóng đá thế giới,0.0
Ko ghi Trang mixi lại tưởng e nào khác 🤣🤣🤣,0.0
Giàu mà sao não để ở đâu vậy Đức Ngọc,2.0
Bố m sẽ xẻo m,1.0
Chi e thich chi . Chi dep,0.0
Óc chó,1.0
Cmt nhớ mang theo não nha :'(,1.0
"Con điên, next mẹ mày đi",2.0
Tuyển thủ trong team chuyên nghiệp mang Pubg VN ra thế giới này :)),0.0
tyler1 phiên bản việt à :)),0.0
có khúc kêu LD share live để e tính cho chị hả ta. ;)),0.0
"Nguyễn Huy sai chính tả kìa, Red chứ ko phải rad",0.0
Bà này xạo khổ mà cú nói giàu,1.0
Cởi bố ra cho rồi ngứa mắt á🤦‍♀️,1.0
Cay chân giữa cx cay theo,0.0
Như 2 giọt nước luôn thầy ơi. Trinh giọt nước suối còn thầy giọt nước cống thầy ạ =))),1.0
Dơ vlll nhưng t thích,1.0
Bat dc chắc tay nó bỏ la dc,0.0
mịe con chó nàyyyy,2.0
Nó fan thằng này nó thích thì nó cmt ngu chổ nào ai ngu hơn ai,1.0
Phan rách bị hối lộ 5 củ hả đến thời điểm này r qua bao nhiêu cái drama r vẫn cố chấp ở lại với súc vật bỏ con,2.0
Thật đáng sợ con người với nhau mà tàn nhẫn thế,0.0
Rồi cập nhật dữ chưa :)))),0.0
Lạy mấy ông :((( sáng sớm mới thức coi từ tối qua giờ còn ám ảnh đ'dám đi đánh răng luôn,0.0
rồi vụ việc đã làm tới chưa ạ chứ e thấy hơi lâu ạ,0.0
"Luật Nhân Quyền của Mỹ dành cho HonhKong thật sự rất GOOD. Lũ hắc cảnh đã rón dái hết rồi các Bác ạ, làm chó săn cũng để kiếm tiền đi sứ giãy chết, mà giờ bị áp chế thế này thì làm chó chi cho người ta chửi nữa chứ 😷😷😷",1.0
"﻿Từng được giúp không lấy một đồng, giờ Jack quên hết ơn nghĩa sao? Tóm tắt livestream mới nhất: https://tinhotnew.com/viruss-livestream-moi-nhat",0.0
sống chậm thôi mn ơi,0.0
Nguyễn Trọng Hiệp hiệp bmw à 🤣🤣,0.0
Vaidai,1.0
Vũ Đức nghe giống tiếng e Nguyễn Long bi rên ko :)),0.0
bú win nữa hả =)),1.0
Bởi vậy đôi khi muốn làm ng tốt khó quá ak,0.0
"Tại sao Việt Nam ko làm dứt điểm mấy cái vụ này nhỉ, tôi là cứ bắt đc chặt tay xem thằng nào dám nữa, cứ bảo nhân đạo mà sao chúng nó không nghĩ lỗi khổ của người mất của",1.0
Ko luộc đồ là mình còn phải cảm ơn ấy chứ,0.0
No mung vi no su sai nhung van co nguoi bi ngoi tu vi ngu,1.0
Trang Moon cười đỏ hết lợi,0.0
Thấy thì thấy nói giàu lắm có tiền lắm con ông cháu cha lắm. Ra nước ngoài dell có tiền về .Bệnh xạo lozzz thì vẫn còn mỗi ngày.,1.0
Đmm quả chạm tay m mù hả,2.0
Xl con kặc chơi xong xl ai chs la8j,1.0
Hơn 100 năm chước nước Pháp mang súng bom đạn đến sâm lược giết hại người Việt Nam! Bây giờ một người Pháp đang phá nát bóng đá Việt Nam,0.0
Nứng,1.0
Ditconmemay mù chắc,2.0
"Con nay kieu ha ,,,mo cua no an cuc nhieu qua ,,,nen len mang sua qua troi ,,do phan quoc ,,,,,,,,mo lon ,,,,,,,,LINH an lon dap chet me no di ,,,,,,,con cho vua gia vua sau",2.0
Ai lớp du chu cờ mo cô hiếuuu💁‍♀️❤🙆‍♀️,0.0
"mấy ông học FPT lấy ý tưởng mà làm đồ án nè, biết đâu lại xuất sắc :v",0.0
"Với tình trạng người dân dọn dẹp nhà cửa trước tết đang leo thang. Tôi đề nghị các ban ngành, cơ quan hữu quan phải có biện pháp cải thiện tình trạng bằng một số hình thức như tuyên truyền, răn đe, thu thuế môi trường thật nặng cho những ai dọn nhà cửa nhân dịp tết đến xuân về",0.0
Sinh Sinh k bt nên im lặng Rồi sẽ khác,0.0
"Ban,xôi cug ko tha",0.0
Im mẹ đi thằng mặt lon,2.0
Cái thằng BD lộn kiếp nỗ banh nhà lòng,2.0
Nghỉ hiu hộ tao,0.0
Bảo dạng háng leo rank lại giãy đành đạch,1.0
Hãy cút xéo khỏi đất nước chúng tôi,1.0
"Nước giờ đắt, bán được giá mà",0.0
Xin lỗi thì được cái mẹ gì,1.0
"Thiên Di Thảo Thảo Bùi Đức Hữu Nhat Nhật Hoàng Minh tội cô gái quá, nhiệt tình quá thành ra củng ko hay",0.0
tưởng thầy chuyển qua đóng phim này chứ :),0.0
DM...thằng assmin mặt L.. Hiếp zdam thị giác...,2.0
Nghe có vẻ vô sinh nhưng rất dễ có thai =]]],0.0
Lỗi qq,1.0
chịch cả lò bọn nam kỳ xuc sinh ,2.0
Nay hơi chậm :)) cailozcatkhong,1.0
Trình độ yếu kém đá như vậy thì thấy hài lòng,0.0
Người ta nghèo khổ bán xôi cũng không tha,0.0
trọng tài made in Ha Noi :)),0.0
"Ý thức phải như thế mới đúng người biết bảo vệ cộng đồng, đâu như mấy cái loại trốn khai báo, khai báo sai rồi còn livestream khoe hay trốn cách li đâu, ý thức chuột cắn. Hãm",1.0
Trọng tài bị mù à,1.0
chết cười pha JJLeo hiến thân cho Rambo =))),0.0
Ngu xuẩn nhất nhì là TT Mỹ (thơ trần đăng khoa),1.0
vàng sạch mà mỗi đại cao thủ bẩn th,1.0
mong cho nó trút moẹ tro vào quần !,1.0
A vẫn chăm chỉ nayd a vẫn cố găng cho đến khi lỗ đít của a bị mọc đinh 🤧🤧 kiểu vừa đấm vừa xoa .. Rap fofun vc 🤣🤣🤣,1.0
trung trần dần ? D: ?,0.0
Ok Haha t chết t cũng k tha cho dòng họ m,2.0
"Phạm Long Vũ nào, anh k đc trêu idol của em",0.0
thì ông nói đi ai hỏi ông thế,0.0
"Chửi hông lại tức quá ngủ hổng được,thức tới sáng luôn 😶",0.0
bắt đc 1 con đóm con,0.0
"yêu mến Jack vì đã chịu nhiều tổn thương, ở lại mãi mãi với Jack, vẫn vững vàng như thế nhé. Thời gian sẽ trả lời tất cả, tôi đã hiểu rõ tất cả những gì đã xảy ra…nên vẫn mãi mãi ủng hộ Jack trong bất cứ hoàn cảnh nào! Đóm vẫn mãi bên M… Xem thêm",0.0
Bọn đấy ngang với đa cấp đấy tàn mồm thầy cúng,2.0
Loại này thì bắt được cho nó tàn phế suốt đời,2.0
Dell hiểu kiểu j,1.0
Rio Rio bỏ con ai dám vu khống đâu,0.0
Xin cái đb,1.0
Úi tốt nghiệp còn không đỗ thì làm được gì các em ơiii😫😫😫,0.0
Lên đi cái bạn ơiiii,0.0
Game này đau tay:),0.0
Câu xin con chim Bắt sai xong h xin lỗi à,1.0
Sr cái địt cụ mày,2.0
Óc trâu.chắc ngi ai cũng nhu minh,2.0
Miện giống lôm trâu,2.0
do pháp luật VN đó bn.l,0.0
HLV ccccccc,1.0
"Chiếm đoạt tiền dân thôi. Giờ toàn thề thốt chơi chữ. ""tặng quà"" chứ không phải là hối lộ. Thằng cựu bộ trưởng đổ thằng thứ trưởng, thằng thứ trưởng đổ thằng bộ trưởng. Một lũ lãnh đạo mà thua thằng giang hồ ra tòa hay những người chân chính bị bắt vì ""chống phá chế độ""",1.0
"cmt với bố m 3 lần sai chính tả cả 3 sủa cl, ""lỡ mồm""? Bao nhiêu câu rồi xong vẫn lên đây ""ôi anh yêu zeros của tao lỡ mồm"", m chắc cũng chỉ lỡ tay nên viết sai chính tả 3 lần thôi đúng k , lớn rồi viết cho nó đúng chứ chửi nhau viết … Xem thêm",1.0
ăn hành thua xong còn quay ra chửi ngược đồng đội cơ. Đù mé. Cay vl,1.0
Pham Minh phục lồn .,1.0
 Why ông cụ nội m,2.0
Anh em nào ở khu vực tây ninh mà muốn vay tiền thì alo mình à 1tr ngày 5k thôi nhé😁,0.0
30p rồi kêu chậm cái dmm,1.0
"Trước khi nói nó ngu hãy xem lại bản thân mình , ko lên đc thách đấu hàn như nó thì mình ko nên sủa",1.0
Đm thằng óc con chó,2.0
"Eo ơi, nhận vơ của người khác bắt buộc người ta phải chấp nhận là của mình, không được nói năng gì luôn, tay nhấn live tóp tóp thì được trả lời tin nhắn không có tay",0.0
Bích đú...,1.0
"Anh chị nào mà bị lừa tiền qua mạng, Làm nhiệm vụ telegram, Shoppe... Các sàn điện tử không rút ra được. Muốn lấy lại nhắn tin cho mình. Mình chỉ cách thu hồi lại tiền bị lừa ( Trước mình cũng từng bị lừa nên mình chỉ muốn giúp người đồng cảnh ngộ, ai không thích có thể bỏ qua )",0.0
Rên như cặt v,1.0
Sory cái l mẹ m à,2.0
Như vậy thường xuyên,0.0
Đồ tồi,2.0
Ham zai cơ..zai lạ mà sấn đến gần nch để tay lên đầu xe,1.0
Thấy ông này ức chế thật,0.0
Ông có thấy nhục mỗi khi lãnh lương ko?,1.0
Bố thằng ngu.,2.0
Uh cần lồn gì phải lịch sự,1.0
Đich mẹ mày,2.0
Đây là thất bại của CS chứ còn gì nữa,0.0
Thằng assmin nhãm shitt...đành rằng page này là CHỬI. Nhưng mày là assmin thì chỉ nên viết gợi ý thôi...để mem nó CHỬI...mày dành CHỬI kiểu đó thì chơi thế đéo nào...,2.0
Phạm Văn Lộc idol viết sai kìa🙄😆,0.0
Tiền chở xe công còn tử hình ở đó tiền nhà t nhìu lắm kkkk,0.0
Vp Trường 😪 em kiếm cơm thui anh ơi,0.0
người ta gọi là chó vàng chiến sĩ phải đi đánh giặc mi gọi thế còn đớp vơ vét của dân gọi là chó,2.0
Ngu chưa,1.0
"""Lên live nói linh tinh như ai kia"" nhưng cái thằng lên live nó tài giỏi hơn thằng bỏ con nào đấy đấy ạ,còn thằng bỏ con thì ra được bài nào bị tố đạo nhái bài đấy,đạo từ nước ta sang giới Kpop rồi đến giới Usuk.Nói chung là Rách mãi Rách",1.0
E chỉ có hàm răng ko đẹp có hỗ trợ ko a hjhj,0.0
nhường cho còn ko ăn đc,0.0
" đẹp hơn cả lò mày đấy, đi soi gương xem mặt m có giống cái lông l k ?? Chắc m chưa học hết lớp 10",2.0
Mê trai giờ trách ai,1.0
"Oanh Võ đang nói Rách hả :))) nhân sinh, giá trị, thế giới quan cái nào nó sống cũng lệch lạc",1.0
"Nhìn mấy fan trẩu vào bênh hài vl, ng ta nghe k đc thì ngta nói k đc chứ ngta có chửi idol tụi m đâu mà xù lông lên, m bật nhạc jack lên cho ba mẹ tụi m ông bà m nghe đi, thử ba mẹ ông bà m có chê thì m có chửi ba mẹ m k",2.0
miền tây chào anh e,0.0
M pk thầy ba giống con gà điểm nào k Thao Hoang,1.0
tôi nói thật tôi đéo ông bao nhiêu tuổi đâu nhưng đường đường là stream nhiều người biết đến mà cái cách ông trả lời người ta là k đúng rồi nếu ông nhận trình ông giỏi trình ông hơn người ta thì việc gì phải đôi co làm Gì,1.0
ThanhHuy Nguyen dơ vcl=))),1.0
Clm :))))) Trí Xuân,1.0
Xím chút thì còn 6 miếng đất😌,0.0
Ca nha oi co 1 ba khung bi tam than .kieu no di cau an cuc di......,2.0
lớp mấy rồi,0.0
" đuối lí rồi à =))), hoá ra trình độ nhận biết của b cũng chỉ đến nhiêu đấy thôi.",1.0
Tú said : cái lol j vậy abe,1.0
Dm thằng lol máy đi chết đi vn tao tha cho,2.0
Nghĩ đến chỉ muốn băm con chó đĩ ấy trận,2.0
Có nhận cày đơn đôi lên thách đấu không ạ?,0.0
"PhoBolsaTV :bien me đi,phỏng vấn tao lao,may về phong van gia đình mày đi.nhin may nguoi gia ma con ko tha,phoBolSa rất sam",2.0
Phạm Văn Lộc con đỉ mẹ mày tus nào cũng thấy liếm fame,2.0
bú fame nhanh thế,0.0
thở câu nào thối câu đấy.ranh con,2.0
"May là đô khùng, ăn nói tục tiểu ko biết cái loại ca tụng máy là loại ko học thức",2.0
Bà nội m,2.0
bảo đóm rác cay lại bu vào cắn,1.0
óc chó đit cụ mày,2.0
giàu mà ý thức như cái đầu cac :),1.0
Mấy cho bắt cắt 2 lo tai nó,1.0
"m nghĩ viruss ngán jack đó hả, t từng bênh J nhưng càng ngày quá giới hạn nên t đ bênh nỗi, m nghĩ sao hát live như c c rồi , đã thế còn đạo sĩ nữa :))) , chán đời jack , t kêu jack còn tôn trọng đó , hổ ko gầm mà tưởng hello kitty? gầm rồi … Xem thêm",1.0
Tặng anh em FA nhé,0.0
xin lỗi cái đm,1.0
Mặt cặc zeros,2.0
No mung vi no su sai nhung van co nguoi bi ngoi tu vi ngu,1.0
Gật đánh chết là đúng rồi,1.0
Ae đúng là hảo hán,0.0
Bà này xạo khổ mà cú nói giàu,1.0
nói ra là biết ngu r,1.0
"bồi thường 5 triệu và bắt rách hôn con mình, ráck có đồng ý hông nè",1.0
"Cố lên ông ơi,,,mặc kệ người ta nói gì",0.0
Cầm thú,2.0
Mắc cười nhưng ủng hộ :),0.0
Từ chức đi là vừa . Đéo biết chọn người,1.0
Đeo hieu kieu gi,1.0
Lmcs,1.0
Phá nát bóng đá vn,0.0
Thái sơn và đức phú out,0.0
"Mình thì mới lên được kc 4 đánh sợ chúng nó kéo về lục bảo 1 thì phải làm sao , mình main Đấng nhé",0.0
chúng nó tap kìa:v,1.0
:)))) sủa gi dị chó. sủa đổng ai nghe. vả cho lệch mồm giờ.kkkk cay chưa,2.0
Đem ra bắn ngay cái thể loại ấy,1.0
"Hoàng Công Hiếu lỗi thì chưa chắc nhưng đa số sống như lol, đa số thôi",1.0
Như lồn,1.0
Xin lỗi cmm,2.0
con người không làm mà đi làm thứ côn trùng ve chó phát sáng v?,1.0
Ngoc Anh Tran mất tết 😞,0.0
ông ngu chứ cay gì xD,1.0
thầy có nhận học sinh cá biệt hông thầy :))),0.0
"alloc(init,512, GetTickCount)",0.0
Anh Lân phỏng vấn với bác nào đối đầu mạnh xem mới nhiều ý kiến hay.,0.0
ship a 10 hộp ra bắc ninh nào,0.0
Bò đỏ nó yêu thương bố tàu còn không hết mà ghét gì chớ,2.0
Cặp vợ chồng làm chim mồi ăn cướp của người ta thằng này bắt được đập đầu nó chứ không có để sống được nhìn bảng số xe tìm tới nơi nó luôn mấy thằng như vậy đập què tay chân hết luôn cũng tội cho cô gái nghèo đi bán xôi còn bị mất chiếc xe,2.0
Tao đéo nhất mà tao xác định hơn mày là không chửi con gái người ta giỏi thì tao vs mày chửi mạc nhân cách,1.0
Đồng bọn nó,0.0
"Xe để vệ đường mà ko khoá càng, nể luôn",0.0
ngu vãi lồn,1.0
"Cái gian hàng trong tổ hợp nhà ga chứ đéo phải cả nhà ga nhá :v ngu vừa thôi,ngu hết cả phần thiên hạ",1.0
"Chẳng qua dân mình ngu dốt, học luật giao thông thì bố thằng nào làm bậy dm",2.0
Bỡi vậy mình bán 1 mình thì mình nên cảnh giác,0.0
Bộ trưởng quốc phòng hèn nhất LS VN,1.0
thế mày nghĩ nó quan tâm đến việc mày vội hay ko vội à. ngu v k l :v,1.0
"Cút khỏi Việt Nam ngay. Mày bớt phá nền BĐVN dùm t cái. Mày mà HLV gì, mày là kẻ phá hoại",2.0
cmt như bị đao:)),1.0
chị ăn gì xạo lồn chó vậy chị 3. đụ mẹ chị 3 chó hoang,2.0
Clm game nhập vai :)))),0.0
"Hờ Mee VN mình không giống tụi tư bản đâu mà lo bạn ơi, mấy vụ này vào tù là hết hổ báo liền",0.0
T đang xem cc gi thế này,1.0
T mà ở đó,0.0
kiểu cha nào con nấy rồi,0.0
cày thuê bk sủa nhưu thật,1.0
Đúng là pro player game lol ngang trình ma vương r a,0.0
Tổ cụ bọn khốn nạn của xã hội bọn này sẽ bị đập nát ng,2.0
ace nào mún có đầu tóc ưng ý chơi tết thì cứ lh em nha,0.0
"đúng rồi cũng chỉ là 1 con vi rút ko bao giờ , đạo nhạc thôi mà",1.0
Trịnh Kiệt Minh hình ảnh t ở đâu đây,0.0
ghét nhất bọn nhà báo giật tít.,2.0
Kịch bản củ xì nhưng rất hiệu quả đối với bọn bất lương.,2.0
I love u pặc pặc 😘,0.0
Thế e thích làm phù thuỷ r bạn nam phải làm s đây a nhỉ😆,0.0
Ông hé,0.0
Mấy đứa này gây nhiều tội ác sau này về già bị bệnh tật hoặc ko sinh con được lúc đó mọi người lại bảo tội nghiệp,1.0
Đáng sợ:))) thả tim cho abe❤️,0.0
Nhà mày thì kinh rồi,1.0
chẳng phải thiên đường người ta di chuyển bằng cách cưỡi mây hay sao ? lẽ ra họ chỉ xây cầu bằng xốp thôi.... nhưng vì lương tâm của người kongsan nên họ cho vào thêm bê tông và ít cốt thép đấy ! bà con ở thiên đường cứ học cái tính càm ràm vớ vẫn của bọn giãy chết !,1.0
con ruồi đít phát sáng,2.0
Mã cha nhà mày mắt để sau gáy hả???????,1.0
Chậm cái đcm chúng m à nhai mãi đéo chán à,2.0
Rên như kiểu bị địt toác lồn vậy,2.0
"có cái nịt, xăng còn chẳng còn",0.0
"Trắng biến thành đen , có biến thành ko , ko biến thành có họ còn làm được chứ trắng biến thành xanh là chuyện nhỏ",1.0
ĐM TOÀN KHOE NG NÀY CÓ CỦA NG KIA CÓ NHÀ MÀ MÌNH ĐÉO CÓ CON MẸ J,1.0
trọng tài như cc,2.0
Như thằng điên,2.0
Điệp Thương buồi a mày,2.0
"Ủa, là không đc chu0j hay sao ạ :3",0.0
có cái nịt rách,1.0
Chả hiểu cái mẹ gì luôn,1.0
Đánh như con cặc,2.0
 chết chưa mai chủ nhật nó dí một cái hé thôi rồi,0.0
Nói chuyện zô zăn hóa là mày coy ckung` tao bắn chết đó nhe mày =))),1.0
Nguyễn Thịnh 6 múi luôn kìa,0.0
Đcm,1.0
gắt để cúng giỗ đầu cho ô bà già m chứ. Thg cha con mẹ đang hấp hối thoi thoi của mày đâu r xúc vật ơi. Đéo lo chôn cha mẹ m đi mà đi cắn bậy cho thg tiểu nhân Viruss nhiều thế con chó,2.0
"suy nghĩ trước khi nói, nói chuyện lấp lửng? Thường nó chỉ đăng duy nhất một bài và bài đó đủ để nêu hết ý rồi lấp lửng cái gì? Chả lẽ 1 ngày đăng cả trăm bài để giải thích rõ từng chi tiết nhỏ của câu chuyện à? Lấy luật sư ra hù thiên hạ? Đụ… Xem thêm",0.0
Ta nói Việt Nam mà có luật chặt bỏ tứ chi của máy thằng này thì làm gì có chộm cướp,1.0
Thằng chó có tự trọng thì cút về nc mày đi thằng chó,2.0
Lại khịa rồi anh ơi :)))),0.0
Đcmm đi chết đi:)),2.0
Hoàng Anh Đỗ đây nè,0.0
K thấy tội chỗ nào mê trai đào thai mới hết,0.0
Maruko Linh,0.0
Mày muốn mất acc à,1.0
Cai miệng ba nay chua hêt nghiệp lai tao nghiệp nua roi.phu ni gì ma tho tức miệng co doi ma thui nua,1.0
Thời của khó khăn loạn lạc,0.0
anh có nhận cày thuê từ bạck kim xuống bạc không a . thấy mọi người bảo a làm việc này dễ :)),0.0
Cút cmm đê,2.0
Địt con mịe mày lm ăn kiểu thế còn xin lỗi cái đéo j nữa,2.0
Dễ thương và duyên quá Cô ơi. Love Cô.,0.0
"Nó đánh ngta xong bảo nhà ko thiếu tiền, thằng khốn này phải xử nó nặng b ơi",2.0
Vc dct đánh rank bk toàn âm mạng ??? Sợ thật,0.0
"tự dưng thành fan jack lúc nào k hay, tao fan jack... Jack Sparrow",0.0
Cảm ơn cc,1.0
đmm,1.0
Ngọc Duyên tyler1 phiên bản suy dinh dưỡng,0.0
Ra đường nhớ cằm theo não,1.0
dick,1.0
cai cc,1.0
Người Mê Viết Nói hồi lòi nết kì thị vùng miền liền,0.0
nhìn thằng cha nó là biết nhà nó toàn lũ mất dạy rồi mà với cái tn này thì có thằng cha của thằng cha nó đội mồ dậy cũng k cứu đc 3 cha con nhà nó,2.0
Da thị ba,0.0
Công an bớt tập trung thổi cồn để giành thời gian đó bắt mấy thằng này thì dân đỡ khổ,0.0
T đang nhìn clgv 🙂,1.0
Giàu mà sao não để ở đâu vậy Đức Ngọc,2.0
"Bọn chó sư khởi nghiệp này, chúng lợi dụng sự thiếu hiểu biết và tư duy kém cỏi của tầng lớp lao động phổ thông, kém tri thức để trục lợi",2.0
Coi hả hê vc,0.0
cái chính quyền như cái lờ,1.0
Lí do luật nên gắn thêm biển ở trước xe máy,0.0
Kêu bà phương hằng phốt,0.0
mong cho nó trút moẹ tro vào quần !,1.0
"Thà im đéo nói thì hơn,đ phải fan hay anti nhưng đm cái trình kc bẩn thì nên bỏ cái tôi xuống thì với tiến bộ dc Ăn nói kiểu bô kích",1.0
may cut ve phap di troussier a thang boc phet mom dieu..,2.0
ê để t xem kiện xong ai mới là người phải bồi thường nhé nhỏ tam quan lệch lạc,0.0
Trọng tài bt tiếng Việt Nam hả chia sẽ review phim tiếng Việt,0.0
Nếu bác về Việt Nam tôi sẽ rất vui,0.0
Nhin mat con mu nay giong lu tau khua,2.0
"Trọng tài như mày thì nghỉ con mẹ mày đi cho bóng đá Đông Nam Á còn có cơ hội phát triển, thằng trọng tài ngu xuẩn dốt nát",2.0
Xin cái đéo j,1.0
Mẹ mày bắc xong đi xin lỗi,2.0
Fake mà mn chửi chi mất công,0.0
Tài khoản fake,0.0
Thầy lol chúc chỉ có rớt,1.0
Tin nhắn đến vậy mà báo thì bảo là gia đình hiền lắm,0.0
Thôi mọi người đừng nói chú ấy nữa,0.0
Già rồi cút đi,1.0
Này mới đúng nè https://www.facebook.com/iigiz3,0.0
Fan cô Minh hiếu đâu taaaa ❤️,0.0
Lời xin lỗi muộn màng Ông trọng tài như cứt,2.0
Lại một thằng óc tôm.,2.0
Sống chậm thôi các bạn :)),0.0
Trần Dần nói tro sướng cái lỗ mồm .hắn này về VN .thì phải tro ngay vào thường tín hà tây,1.0
Tôi là xin vĩnh biệt cụ,0.0
Yess,0.0
1 đời liêm khiết cho K-ICM,0.0
Và đây là a độ trông con khi chị trang đi vắng🤣🤣🤣,0.0
"Quá mất dạy . Đồng bọn với con Bò Thái Ngọc Nhiên ở An Giang  . Lũ Cầu Cá Móng Phèn vô học mất dạy lại tham tiền vô đối bất chấp sĩ diện ( vô chổ làm Hộ Chiếu thấy rất nhiều chị em cá gô bỏ trong gổ chuẩn bị xuất ngoại qua ..Sing , Mã làm diệc j chắc ai cũng biết ngoài bọn như con Linh Lờ qua Hàn , Đài chống lầy kiếm lúa",2.0
Nguyễn Bá Quang vào xem cmt ko vui như trk đkm cno óc chó vl,2.0
Toàn bọn vô công rồi nghề ngồi sủa ăn lương tháng chứ vinh quang gì? Bản thân hiểu rõ hơn ai hết nhưng vì đồng tiền bát gạo nên vẫn cứ đi cắn sủa vậy đó. Tôi chỉ quan tâm sự thật chứ mấy loại này riết chán chẳng thèm phản biện 😩,2.0
xa Thải huấn luyện viên nhanh còn kịp.. chưa bao giờ bóng đá Việt Nam đá tệ như vậy,1.0
thằng lồn này chỉ biết tham Mu chứ biết cc gì,2.0
óc chó,1.0
Xờ lờ quá,1.0
Deo vang bong khg vay me bong bu cat cho,2.0
Con chó nó cũng thấy nghi ngờ đến ngửi rồi,0.0
Xạo lol hk có j vui chúg ta hk nên xạo lol,1.0
Xin lỗi cc xin lỗi làm cho anh tôi ko bị thương à giờ tao đấm vào mặt ông tao kêu xl là ok chứ j,1.0
Đoàn Trung Hiếu vãi loinmm,2.0
ủa bạn dữ chưa t nhớ thằng quyền nó nói là nó dùng 3m để m làm mà như thuê thôi bạn bè gì?,0.0
"Tết đến lương về mua xu may mắn lì xì, tặng quà tết bạn bè người thân mọi người eii",0.0
Mày chỉ là con cờ hó oách sờ lách làm gì câu view ah vũ khác tiệp,2.0
Súc vat,1.0
Quan va. Dan nhu nhau phai ton trong phap luat. Khong thuen vi mot ai?,0.0
Trọng tài fake ae chửi làm j tốn nước miếng,0.0
đi học mà xâm hình Thầy lol,1.0
Bọn trộm cắp này lấy không từ ai cả,1.0
Fb Pha-ke mấy cha ưi...,0.0
mày thì gái có l*n là mê à,2.0
Sion live action Phú Vinh,0.0
Ngu mực,1.0
"đéo làm được con cặc gì ngồi múa phím suy diễn đm tụi bây , làm được cái gì như người ta rồi hãy nói loại ghen ăn tức ở",2.0
Nói sao khi bị người dân bắt được đánh đến chết,1.0
Xin lỗi cái đmm à,2.0
bú muốn cạn tinh lực con chim thằng em kata chơi chung luôn mà :)),2.0
như th dở cáu cũng phải lí chứ nhỉ . Tự mình chiêu ngu sau sủa như 1 con chó ngu,2.0
Top mạnh nhất là top 2 người :)),0.0
Địt mẹ tổ cái thằng súc vật óc chó,2.0
Con quỷ ngọc hiếu.. Cái thứ ngu ngục tù.. Đou mẹ nó bị con minh hiếu chửi sắp mặt lozz.. giờ lại áp phe với con minh hiếu...ko biết sĩ diện...,2.0
Ok Haha Thằng Kid này sủa hay,1.0
Thôi đi con đi cho nieu mày giao quá mà làm thấy mộ noi đo đi,2.0
Em thấy cũng ổn mà nhỉ 🙄,0.0
https://www.facebook.com/iigiz3 Đây mới là acc thật Mn ơi:),0.0
Dan ông toi một lũ cho chết,2.0
:)))) cứ dùng kiểu content bẩn này mà hút tương tác đi. Đúng là 30 tuổi đầu có lớn đ có khôn anh zai nhỉ,1.0
"coi như xong các cầu thủ không nên vui mừng quá sớm không khéo lại xôi hỏng bỏng không (lũ chúng nó tiền của nạn nhân chất độc da cam,trẻ em tàn tật,đồng bào lũ lụt,tiền trợ cấp xh",1.0
thử con nhung lây cho m thử .m k chử nó đi .đạo đức giả,1.0
":)) đi khám mắt đi ạ , tôi mắt cận nhưng nhìn còn rõ hơn ai kia",0.0
truyền thống văn hóa tốt đẹp từ thời hòn dái viễn đông nhé :v,1.0
Thảo mai quá nó ố dè nghe bực luô,0.0
Đào Hồng Hạnh xin lỗi cc,1.0
Thằng này trận nào cũng bảo quết Thắng với 3 điểm mà chẳng làm được,1.0
kay vờ lờ.,1.0
Các man sống chậm tý nào,0.0
Luv,0.0
"Ngay cả việc cứu dân vùng lũ mà chính tay bọn cầm đầu ở trên thủy điện gây ra mà chúng cũng ko làm được rồi lại đi ganh ghét với những người như PA vì đã giúp được dân và dân ủng hộ,nếu như ở mấy nước đa đảng thì nó lật cái bọn chóp bu này lâu rồi,ăn ở ko rồi lại địt thúi",1.0
Phan Linh đb ct có lm j đâu ? Mà ss chán,1.0
Đ c m bắt láo giờ xl tấu hài à,1.0
Con đỷ mẹ mày con chó,2.0
Noi Tum lai hai thang đều ngu,2.0
Chó,1.0
Hình như đây là acc giả các bạn ạ :)),0.0
Mày về mẹ Pháp đi đỡ nhớp mắt bóng đá Việt nam đi xuống tại Mày,1.0
May thang loz nay .méo song tho dau .cha me tui no ganh cong lung,2.0
Được thực sự,0.0
Từ nay anh em ko được gọi bà gà nữa nhé kêu ba pro nhé =)),0.0
that la vl,0.0
Địt mẹ chó,2.0
vcl mấy thằng liệt não =)),2.0
Dương đông kích tây,0.0
Chúc cô à lộn thầy Ba 20/10 vui vẻ :v,0.0
Xem video này mà thương con nhiều lắm,0.0
Cái dm dm dm,2.0
"Luật Nhân Quyền của Mỹ dành cho HonhKong thật sự rất GOOD. Lũ hắc cảnh đã rón dái hết rồi các Bác ạ, làm chó săn cũng để kiếm tiền đi sứ giãy chết, mà giờ bị áp chế thế này thì làm chó chi cho người ta chửi nữa chứ 😷😷😷",1.0
"Mong muốn khởi nghĩa để đất nước giống ukranie, syria, iraq là ước mơ cháy mỏng của ad",0.0
Sao cái bọn tìm hiểu QH theo dõi ai nó rảnh vcl thế nhỉ,1.0
Việt Nam Hồ Chí Minh,0.0
"Bọn này chắc không được học hành, không được giáo dục, không biết nhục là gì, người có học, có đạo đức hiểu những gì không phải là của mình thì có năn nỉ cho người ta cũng không lấy",2.0
Chuẩn a ưii,0.0
Địt mẹ mày thằng ăn hại thằng bất tài,2.0
Nhìn mặt tk bố là bt ác rồi,2.0
"Chưa đủ 16 tuổi cũng ngồi tù giáo dưỡng đc rồi,đủ tuổi sẽ đi tù nhé. Mong pháp luật đứng về phía công bằng",0.0
Ditme đéo hiểu sao,1.0
Guk,0.0
"Gieo nhân gặt quả, về sau sẽ lãnh hậu quả thôi",1.0
"bọn công an khốn nạn thì đúng hơn...đà nẵng không có nạn chộm xe máy,đơn giản vì Nguyễn bá Thanh nói 1 câu:"" cứ xuất hiện chộm cắp là do trách nhiệm của giám đốc công an.nhà nước trả lương cho các anh không phải là để ngồi đấy chờ hết tháng rồi nhận lương mà để các anh chịu trách nhiệm.tôi không cần biết,cứ hễ dân mất chộm là do công an""",2.0
"học dối - học giả...kiến thức nông cạn, phát biểu nông nỗi!...Japan Technology thương hiệu toàn cầu mà đi chê bai !!!... làm ảnh hưởng đến quan hệ hữu nghị hợp tác với đối tác Nhật Bản...Ai làm được việc- người ấy có lý!!!...đằng nầy công nghệ xử lý nước thối made in Hà nội của nhóm lợi ích chưa làm được gì trong khi $ tiền thuế của dân đã đổ hàng bao nhiêu tỷ bạc vào mà nước thối vẫn thối!!!...",1.0
Ok Haha súc vật rác 5 củ là lũ súc vật của nó,2.0
Thứ nốn lừng. Chơi game mà rên như chó đéo.,2.0
Như thằng trẩu tre,1.0
Dm nó chỉ diễn và thực hành chỉ có cái đất nước VN.nó khốn khổ tới phải dàn cảnh,2.0
sao cháu mực ngu ngu thế,2.0
Có video đó mấy anh cán bộ đâu rồi. Hay chỉ lo canh bắt dân,1.0
Bắn bỏ đi thứ lắm Tiền mà cặn bã xã hội,2.0
Chửi thằng nguyễn sin đi chị thằng này ác lắm. Hình như mũi chị Hiếu hơi lệch á.,1.0
ngu thì nhận đi abe,1.0
Nguyễn Quang ngầu v bạn=))),0.0
"you must die, you are shit, why don't you give a red card in this situation",2.0
"Ngọc Nữ wow ,bỏ con ,vô ơn mà các bạn vẫn thần tượg được :)) thằng chồng bạn sau nó cũng làm vậy thì bạn thấy vẫn ok quá nhỉ :)))",1.0
"Bạn là 1 trọng tài để lại dấu ấn tồi tệ nhất cho bóng đá, làm xấu hình ảnh của đội ngũ trọng tài (You are an arbitrator to leave the worst mark for football, do bad image of the arbitration team)",0.0
"Xin chào các bạn, hôm nay Sói sẽ hướng dẫn các bạn cắn kẹo xê xủi hương cam :v",0.0
Clm :))),1.0
Mẹ mày đủ trinh ki,1.0
"nó bênh thằng rách, m bênh nó thì khác cái đéo j nhỉ? m bênh nó đồng nghĩa với việc m cho rằng luận điểm của nó đúng và m đang bảo vệ luận điểm ấy(câu con bn m cmt). 2 đứa bạn quen nhau hèn gì đần như nhau",2.0
Nền bóng đá Việt Nam ngày càng được fifa xếp hạng kakak,0.0
so vl,1.0
Tử hình,0.0
"Bửa nào kêu bọn đầu gấu giết hết gia đình Ad. Lúc đó nó sẽ post: Giết người thì nó bắt, trộm nó bỏ tù, lương thiện nó tha. Mồ tổ cha mày rảnh hơi, hết chuyện làm hả mậy. Gặp tao là tao giết lun chứ bỏ tù chi",2.0
"r Minh Hiếu làm gì mà chửi hả con thiểu năng, có não ko bt suy nghĩ ak, chưa chắc gì mấy đứa ghép hình nó vs MH là fan của MH",2.0
Cái lòn má mày mất dạy,2.0
"Mẫn Đạt bất tài . không có phản ứng , chỉ nói bằng mồm .",1.0
đâu biến súc vật thành con người dc,2.0
Bốn đi ông liền,1.0
"Nguyên Dảk chửi 1 lần cũng là chửi, 10 lần cũng là chửi =)))), giờ còn có thang đo độ văn minh theo tần suất chửi à =)))",1.0
Trong tài lol,2.0
"Công ty tư cách, thẩm quyền gì đòi người ta phải đến làm việc trực tiếp?? Nghệ sĩ thì phèn, cty thì ngu! Đâm đơn kiện VR đê, để cơ quan chức năng mời lên giải quyết",1.0
Rồi đời chúng mày ko ra gì đâu.,1.0
Cutdidjtmemayoclolbadau,2.0
"Tôi bảo ô ad nhé, ô mở phim sex lên, vặn loa hết cỡ mà nghe diễn viên họ rên sẽ tốt cho não hơn là đi đôi co với phản biện với lũ tiến sĩ việt +",1.0
Bán ba cái nước hoa xạo,1.0
Nhờ sự miệt mài ngồi nhà cổ vũ của a mà RF mới có ngày hnay,0.0
Cai toi thay trai keu la ra tiep ne,0.0
bọn ăn cháo đá bát,2.0
Tuyệt quá ạ lm tới ln anh ơi,0.0
Tổ tiên nhà mày húp máu lồn,2.0
Có acc nào kc không mực 1 nắng,0.0
Ri cái cc,1.0
ĐÃ BÊ ĐÊ RỒI CÒN BỊ BỆNH XẠO LỒN,2.0
Mẹ tụi ko có não mới kếu là phản động. Ko hiểu chuyen j ma cu nói tới cs la tụi nó nhảy tưng tưng lên ý như là ăn hết của ông bà ông vãi tụi nó mẹ ngu dốt mà tưởng thông minh,2.0
"Mày nên cút khỏi Việt Nam chúng tao đi làm ơn, mày đã phá hủy hoàn toàn bóng đá Việt Nam rồi",1.0
Người ta nói chuyện hỏi đường ko nói chuyện với họ thì bảo thế này thế kia rồi chỉ đường cho bọn nó xong rồi tiện lấy xe đi luôn cho nhánh,0.0
Mong trọng tài mau chết,2.0
"Cộng sản luôn đúng, nếu cộng sản sai thì mày là thằng phản động",1.0
Không bé ơi,0.0
Lmcs,1.0
Cuộc sống bạc với người tốt quá,0.0
Xin lỗi con cặc ép vn tao nặng nề r bây giờ qua xl đéo chấp nhận nhé thằng chó,2.0
go away việt nam,1.0
Cũng nhờ có quan chúng bây mới ko là 1tỉnh của Tàu khựa or làm chó ngoan của Mỹ,1.0
Game gì đây ae,0.0
Bọn bò đỏ ngu hết thuốc chữa! GDP của vc phải 15 năm nữa mới bằng Thái lan !,2.0
"thấy Chị Chi dễ thương quá hà. , nhất cụm từ ""chứ nhiêu"". ""chứ nhiêu"", h",0.0
ai có link beat cho mình xin đc ko ?,0.0
cay lắm =)))) nma coi thằng nay cay hả hê vcl =)))),0.0
Từ chức đi troussier,0.0
https://www.facebook.com/iigiz3 acc chính nè,0.0
Nhiều trường hợp mất vì cùng đồng bọn với nhau đánh lạc hướng cho cô gái mãi nói chuyện để thằng đằng sau lấy xe chạy.,0.0
"hảo việt vị ( You know how to be a referee, you only know how to pay. )",0.0
"30:03 ""Con Đ.Ĩ L.OZ Thúi""🦋😂😂",1.0
Con Chó có Linh cảm đúng ghê tội cho Cô Gái,0.0
Sory cl,1.0
Soryyyyyyy fuck,1.0
Ủa cái quần thể gì dậy? Mới chửi người ta rồi quay lại khen :)? Ủa nulo hả? Cd :) ? Nói chuyện như cái lông loz dậy đó :),2.0
Sao chúa có thể sinh ra những người như ông,1.0
thôi lỗi lỗi cc j nx,1.0
Cô dễ thương quá ❤️❤️❤️,0.0
Ngọc Huy học hỏi idol để có quả đầu đẹp nha =))),0.0
Nó bị mua rồi anh em,0.0
Tổ sư nhà mày th sv trọng tài.,2.0
Đm bắt được vụt gãy trân,1.0
ban xoi giong ban than qua ta,0.0
Tình hình 3 thằng này sao r mn,0.0
Hông có chị kia hả,0.0
Ae nên bảo nó chết ik,2.0
Tấm chiếu mới ..,0.0
 Fuck you,2.0
Lên án cho đi tù gấp không nên để thành phần này ngoài xã hội,1.0
chúc mừng thầy chúm chím nha :)),0.0
Một lũ ăn bám,2.0
Ai có tấm ảnh mà ổng ko thổi fen k,0.0
Cc,1.0
fan cứng?? thầy lồn cho tao fan cứng chúng mày ạ .. yêu thầy dấu bé ba = )),1.0
chơi với bạn mà lôi bạn ra để bet xong ăn 800k rồi cmt bên bài bạn thì cũng vừa lắm chứ chẳng phải k đâu mực ạ,0.0
"r, hiểu r, bạn là dlv :)) thôi mình out, k nói lại bạn đc, bye nhé",1.0
"Có anh Độ, Tết lúc nào chả vui",0.0
Cặp bot tấu hài vcsb,0.0
Thằng chó mắt mù,2.0
Bọn xúc vật,2.0
Nhà nước phải xây thêm nhà nghỉ cách ly để người ta còn đủn nhau trong lúc chờ kết quá,0.0
"Mê trai,",0.0
Con 3 vang ngoc mac ao dam giong quy,1.0
Nguyễn Hữu Dũng thế mới bản content đắy ông,0.0
"Xin lỗi con khỉ đm đáng vs m lắm chơi bình thường không chơi, chơi gian lận, lòng tao lắm",1.0
t cười mệt m ơi,0.0
bạn ơi vụ này sao rồi,0.0
Địt mẹ m,2.0
Mô Phật,0.0
cai dcm,1.0
"Chỉ 1/2 đất nước trong nội chiến vẫn & đã làm đc điều như này vào 60n trước....ôi!, tôi yêu mN của tôi biết nhường nào!",0.0
"Sorry cái kiểu j thế, quan tâm thái lan à, cút mịa m đê",1.0
Tùngg Ngố cl,1.0
Pass Facebook ny em là gì anh độ :v,0.0
Dm..fuck you,2.0
Đúng là mấy thằng súc vật lài chúng mày chết không có chỗ chôn,2.0
Ve an cuc di,1.0
Thành tích đáng nể quá. Đuổi cổ sớm đi,1.0
dắk con bạn nghĩ nó có tuổi với tui hk,1.0
Fan cứng nè,0.0
Cường quyền ác bá !,1.0
Đan Thi Thao Nguyen Pham Thi Thi xanh mặt liền :(((((,0.0
T lấy hh Sett 😂😂🤣,0.0
trọng tài ảnh ngầu ác,0.0
"ông cha vất vả thống nhất đất nước bao lâu để rồi bọn này cứ kì kỳ, đúng chịu",0.0
Style hư dây kéo 😂,0.0
Zừa lắm,0.0
Woh Wh chó sủa ẳng ẳng gớm thế,2.0
Mes ddocj muoons sangr ddm,2.0
dịt mẹ nó ko ăn hối lộ thì chờ vào mấy cái đồng lương ít ỏi chắc đủ sống hả,2.0
liên minh có mấy th như này vui phết =)) đánh ngu mõm giỏi + thêm đéo biết vị trí mình ở đou =)),1.0
Sống chậm thôiii :(,0.0
mới tí tuổi mà lên stt xưng anh với ngta.,0.0
Nguyễn Dương đúng rồi ngu như má m nè,2.0
Toàn ngu muội. Đi ra đó mà đánh đi.,1.0
Xó ry con mẹ chó m,2.0
Chuẩn bị xây nhà nghe chưa thầy,0.0
quen nữa nè cả nhà ơi =))) Mai Lê Thu Nguyễn Linh Nguyễn Thị Thuỳ Linh,0.0
Xin cái lonz mày pm chuyện này bt bao nhiêu lần r,1.0
Ri óc mày,1.0
"Dạo này mấy bố ts giấy phát biểu hơi nhiều, phần lớn cho thấy tư duy kiến thức quá lạc hậu, nhiệt tình cộng với sự ngu dốt thì sẽ thành phá hoại 😤",1.0
"Lũ hại dân rồi sẽ chẳng có gì xẩy ra với chúng còn dân thì vẫn mãi bị đàn áp, đm lũ tham quan",2.0
Chị ba đẹp quá đi,0.0
Bây h anh đỡ chưa ạ,0.0
Chậm chậm clg mấy con bò rảnh háng này,2.0
Ca sĩ k-icm đéo gì 🙂 ca sĩ câm,1.0
"Dinhh Nhung m ất da y,vô học chắc mồ côi cha mẹ từ nhỏ hả con ?",2.0
Đăng Khoa 2 thằng đã ko thích nhau từ vụ thuê live bên nhóm ji đó rồi. Quyền nó đểu gạ tiền đánh. Thằng mực nó gà hơn nó thua nó cay. Mới dẫn đến chung 1 triệu với thằng tồ ăn lại thằng quyền. Mấy thằng đểu cả thôi. Chơi ko bênh ai.,2.0
"xinh gái còn cmt hay quá b ơi mãi ở bên anh záchhhh, jack ma",0.0
nhưng mà bỏ con là có nói đúng không hay là linh tinh :)))))))),0.0
xám xí,1.0
xinh vs nhà có điều kiện thì liên quan gì đến nhận thức? Hay là người dung mạo kém gia cảnh kém thì nhận thức của họ cũng sẽ kém và ngược lại? Và có hiểu ngta nói cái gì ko mà bô lô ba la?,1.0
Sang đài loan mà lấy người ta để ngoài đường nhiều lắm không ai lấy Việt nam tôi đó,0.0
Duoc tien minh hieu con đy me,1.0
"Công ty tư cách, thẩm quyền gì đòi người ta phải đến làm việc trực tiếp?? Nghệ sĩ thì phèn, cty thì ngu! Đâm đơn kiện VR đê, để cơ quan chức năng mời lên giải quyết",2.0
Ác quá trời.,1.0
Hoàng Ngọc Hòa sũa cc,1.0
K hèn thì lấy cứt nuôi bụng bầu ah?,1.0
Sam Hunter Stellaron rebuttal 10₫ không nhưng,0.0
"Vui thôi :putnam: đừng vui quá <(\"") Em thề em thích câu này rồi đấy, Thềềềềề~ !!!!",0.0
Tao ngồi ăn luon đo dc ko tạo tranh ma tui bảy ko biệt,0.0
cờ đỏ sao vàng đây nhá,0.0
"Quang là ca sĩ đó bạn , ko thi chương trình nào hết nhưng hát rất hay nên mọi ng thần tượng gọi là idol ^^",0.0
đag xem sech à,0.0
Cứ bình tĩnh mà đá thì thắng Indo .,0.0
"lolz mắc cười, toàn 1 lủ ở vùng xa vùng xôi ở ... nói chung là chỉ biết và thờ cái Ba Đình, đéo làm được gì thì ngậm cái mổm ăn c..c lại, ko nói, ko ai nói miệng thối đâu mấy con chó DLV ạh",2.0
Thằng ad lại sủa.,1.0
Rên như phim jav,0.0
Nguyễn Thị Xuân Nguyễn Thị Huyền Lý Thanh Hiền Nguyễn Thị Giang Nguyễn Thị Thu Quỳnh Phương Nga lời xin lỗi muộn màng à,0.0
Zoom biển số xe bên kia,0.0
"Thằng cà nghẹo, triết với lý cái cc, đù má mày DNA mà mình chưa khẳng định được lại nói đi dự WC , mày ngáo mục tiêu hả thằng cà nghẹo! Mày xem sự phát triển của bóng đá Vietnam và tình yêu thương của người hâm mộ thế nào khi mày dẫn dắt đội tuyển?",2.0
Mỹ Châu xem kỹ để có kinh nghiệm . 4 thằng đóng kịch ăn cắp xe .,0.0
Thang khung,2.0
cai dcm,1.0
Ngọc Phạm t chặn hết r br ạ,0.0
nó cho tiền m hay j bênh ác thế dog này vừa ngu vừa to mồm mà vẫn còn fan bú đít nó à,2.0
con di ngua nay chac sih ra o ho boom ha j,2.0
 why con mẹ mày. Thằng chó đẻ. Fuck you. You is dog,2.0
" =))) vậy chứ t hỏi m lần nữa J97 Én tơ tén mân nhà m có thẩm quyền của cơ quan nhà nước k mà bảo mời là ngta phải hồi âm liền vậy con nguu ? Văn bảng đâu, có điện thoại hết rồi tự lên tiktok mà xem tối qua VR bảo cần văn bảng chứ a… Xem thêm",1.0
xin lỗi con *** mày ngĩ xin lỗi là dễ à,2.0
👎👎,0.0
"Đm nói ko phải xúc phạm chứ mấy ông càng càng phát ngôn đéo ra cái j, não mấy ông chỉ có tiền thôi ah, mấy ông ""giúp"" dân nhìu wá nhỉ, nói như đúng rồi",1.0
chắc chắn thằng này bị què ngồi xe lăn nên không vi phạm,1.0
Nga Tran tới Bến tre chưa?,0.0
"có up thì t cx k up quả mặt đĩ đửng như m, mụn thỉ lởm trởm bày đặt khoe , ngu tiếng việt còn thích nói lắm, đang nói thằng zeros đéo cãi đc nữa phải quay ra chê t 2k7 - 2k8, do m trẻ ranh quá nên nghĩ ai cũng non như mình à :)))",2.0
"bộ hàng hải :)) admin ngu đéo chịu đc :)))))))))))) ôi ""bộ hàng hải"" =)))))",1.0
top mạnh nhất là cái gì,0.0
Quỳnh Sên e đẹp xinh ko cần son phấn,0.0
Nam Văn Nguyễn nó giống nhau mà chủ nào tớ nấy. goat nó dám lừa thì biết r đấy. Cỡ này việt nam nên ra luật phong sát cho tụi ruồi này đi bốc phân với nhau là hợp,1.0
Xinloi cái củ cac,1.0
hhh nhóc,0.0
"đánh như cái máu lồn bày đặt cày thuê , tốn tiền điện",2.0
đúng là đom đóm chỉ sáng dưới đít chứ ko sáng nổi trên đầu Trích từ câu ai đó rất thắm,1.0
"Cái này dành cho mấy thằng khốn nạn không làm mà đòi có ăn, chúng mày rồi cũng phải trả giá cho kiếp này rồi còn ngàn kiếp sau nữa, tao bảo đảm với chúng mày cuộc đời của chúng mày rồi sẽ phải đau khổ suốt kiếp,",2.0
Con điên xóm đao,2.0
Trần Thanh Tâm chia sẻ đi,0.0
Bài học cho các bạn xem thường tài sản giá trị thấp (cỡ 20tr). Mất là cũng 1 mớ. Lo mà tự giữ,0.0
Thằng óc chó,2.0
"Thien Binh Trang \"" bạn lịch sự- admin lịch sự, b cục súc , - admin dí l vào mặt b luôn \"" =)))",2.0
Bay kênh rồi :))),0.0
Bắt hơi n guuuuu,1.0
Bức. Xúc. Quá. Đi…. Nhờ. Công. An. Vào. Cuộc. Giùm. Cái,0.0
Làm trọng tài như lồn còn xin lỗi,2.0
Gia Bảo bản nhà ngèo nợ tiền,0.0
1 tk ngu đang chỉ 1 con đần,2.0
Người xưa nói tận cùng của sự khốn nạn là như vậy đó.,1.0
Anh bạch khiêm tốn tý chư ko chúng nó nấu lẩu đấy,0.0
Cai lon gi dang dien ra vay,0.0
"Tôi bảo ô ad nhé, ô mở phim sex lên, vặn loa hết cỡ mà nghe diễn viên họ rên sẽ tốt cho não hơn là đi đôi co với phản biện với lũ tiến sĩ việt +",1.0
Nhìn tiên tri vũ trụ ngon cơm rồi nghe.,0.0
😆😆😆😆,0.0
Xin vĩnh biệt trọng tài,0.0
"Dan cảnh, day cung la bai học cho mn",0.0
Đói khổ củng vì xe xh thời nay quá tiến bộ thêm 1 số giàu kg cần mồ hôi ....,0.0
ngu,1.0
Thành Nguyễn mình nghĩ các trang mạng Xh ngày nào cũng chia sẽ ngày nào CĐM cũng vào len án thật nhiều vào thì nhà nó ko có cửa lo đâu . Cũng có Bn vụ muốn chìm xuồng nhưng vẫn Ko thoát nỗi .,0.0
ry con cặc,1.0
Mê trai bày đi xe chuyện bình thường đứng chỗ kia nói chuyện cùng nghe mà đứng sat vậy,0.0
Ủa trọng tài đang trong trận rảnh háng ngồi đăng bài k biết phân biệt fake với real à,0.0
Cong an nen giup co ngheo nay lay lai xe.,0.0
thua nữa thì nghĩ mịa về nước đi,1.0
Chỉ đủ tư cách dẩn dắt giải ao làng nhỏ nhoi thôi bắt củng không xong quá tồi tệ,1.0
Phải bồ t giọng này t cho bạt tai,1.0
Trường Atlantic ib b ơi,0.0
Còn giúp chúng ta thành đạt nữa!!,0.0
okela,0.0
Con mẹ mày,1.0
Yenn Yenn xin con đỉ mẹ m,2.0
Bố mấy fhang bo doi,1.0
Nhìn mấy thg one champ mất chất kiểu này tội ae cày champ gỡ cái viền dct xún chúng nó cười thối đầu mà dell biết nhục cha mẹ đẻ con mong con báo hiểu con lớn làm stream cho chúng chửi cha mẹ đã dốt thì nhận khỏi phải ẳng làm dell j,2.0
"CS miệng và đít chúng là một chỗ. Một chế độ thổ tả không còn sửa sai được nữa, mà phải thay đổi với một chế độ khác. Sống với CS mà không biết gì về thủ đoạn của bọn chúng là không có cái đầu.",2.0
Pháp luật nên hạ số tuổi khởi số hình sự xuống để có biện pháp với bọn này,0.0
Có ai bị nổi da gà ko :>>,0.0
Ủa chứ bữa xin lỗi khóc tế om xòm mà giờ chửi nữa rồi bó tay con này hỗn quá,1.0
"Đ c l c m m... Mày ngu vừa thôi,dành ít ngu cho con khác để bọn tao còn kiếm chác chứ... 😂😂😂",2.0
Như có bác Sèo trong ngày vui đại thắng .,0.0
Bảo Đặng hướng tới world cup,0.0
"công lý cái địt mẹ m à,công lý xử doanh nghiệp còn dân sai thì kệ mẹ à =))) bố m đéo uống cái gì của THP cơ mà để những con chó như m cắn càn thì xã hội loạn cmm r :)) m phạm tội xong m kêu m nghèo, mù chữ đéo biết luật thì m vô tội à thằng ngu, hay m lại bảo nó tống tiền là đúng đi :))",2.0
con chó. tưởng mày đc tung hô à. lũ chó bánh mỷ nước lọc đó xl cái cc. éo bik luật về nhà mà học ra đó đeo biển làm cc nhà mày à,2.0
Thiệt sự tận cùng của sự khốn nạn,1.0
Làm sáng tỏ lun đi ạa,0.0
Bọn đảng cộng sản thì đéo chết đâu. Người vì cộng đồng thì chết. Vl,2.0
Cmm cs bt bắt ko v thg lồn con mẹ m,2.0
ViruSs vừa lên bài chửi thẳng mặt Jack lun rồi nhé quả này căng phết rồi đấy Link bài đây https://fecabookk.com/posts/id=10065010324009568,0.0
Nguyễn Phước Đạt tính ht r nha,0.0
Việc nam là nơi đáng sống mấy thằng bò đỏ nói rồi mấy thằng ba quê thấy chưa việc nam cái gì cũng có,2.0
Con chó đánh hơi thấy mùi bất thường,0.0
mày bắt hồi tối giống lồn què người tao mày côi chừng,2.0
Concac,1.0
Quỳnhh Hoa ngta vẫn quốc tịch việt nam mà =.=,0.0
Nguyễn Gia Bảo bố m,1.0
Móa nó người ta có cái xe cũng ko tha,0.0
thôi anh im mẹ mồm đi nói nhiều quá,1.0
Bắt được bọn này chắc tại nó mai miệng nó lại là xã hội bình yên ￼,1.0
Cái cuộc chiến nồi da nấu thịt thì tự hào rồi nhồi nhét bao thế hệ. Còn cái bọn trung cộng nó xua cả triệu quân xuống tàn sát đồng bào thì mấy dòng qua loa.,1.0
Luu bi du dieu thuyen lu bo an hang,2.0
bảo sao chúng nó vào trang cá nhân m chưởi như con choss vẫn dell khôn ra,1.0
"Mấy thằng này có bắt được đập cho tụi nó gãy chân tay để bỏ cái tội ăn cắp tài sản đó người ta đi làm cực khổ đổ mồ hôi chảy nước mắt mới mua được, vậy mà đi dàn cảnh cướp tài sản của người khác,xin chính quyền vào cuộc để cho đi cải tạo 5 năm cho tụi nó ở trong đó lâu mới học cách thương người khác,chứ xử nhẹ cho tụi nó cứ đi trộm cướp rồi bị bắt xử nhẹ rồi thả cứ lập đi lập lại nhìu lần tụi nó đâu có sợ , hãy mạnh tay xử thật nặng tụi nó mới chừa",1.0
"Một HLV tồi tệ nhất lịch sử Việt Nam từng có được , tiếc cho sự nông cạn liên đoàn đã đặt niềm tin vào HLV ngu dốt này",2.0
Huy Smartphone e mới cập nhập thông tin trước tưởng bác nhắn cái gì tào lao nên ko rep :)) thôi thì mình kệ mấy bạn ấy đi … Xem thêm,0.0
"Tùng sói said :"" nhìn cái gì mà nhìn ;) """,0.0
Ngày xưa cha ông Ngài bắt dân Việt Nam nhổ lúa trồng đay. Bây giờ ông lại lặp lại chỉ khác một chút là Trâu già gặm cỏ non. Về bản chất hoàn toàn giống nhau đều đưa Việt Nam đến con đường tụt hậu. Chúng tôi khuyên ông muốn thắng Indonesia trong trận s… Xem thêm,0.0
lỗi lỗi cc,1.0
"Ko thể để vụ này chìm được, để xem pl Việt Nam mình giải quyết vụ này thế nào",0.0
Có cách nào tắt tiếng de rót không mn :)),0.0
Thế này phải tìm cô nào gần nhà để yêu thôi,0.0
Một chế độ sắp tới ngày suy tàn rùi nên mới để cho các phần tử lộng hành ngang tàng đến nzay,1.0
Mày thiếu tính chuyên nghiệp. Hãy bắt cho thật công bằng,1.0
Tiểu Tiểu Đại Đại nữa bé Ba ơi :)),0.0
"Nó bị chó nhập rồi đm chạy nhanh không nó cắn chết bà bọn mày, ở đó mà hỏi lsao nữa",2.0
Có ngày may xin vĩnh viễn đừng giỡn với vn,1.0
liên quan đéo gì đến con nó mà trù con nó kcos lỗ đít,1.0
Duyên Suk chả liên quan nhưng avt của bạn là nữ sát thử thần tượng của tôi 😄😄😄,0.0
Đkm,1.0
Luật không áp dụng cho cán bộ . Dân chịu hết,0.0
Có thể với ông là tự hào nhưng với chúng tôi thì không !,0.0
cướp nhạc còn mở miệng kém thông minh =((,1.0
Vũ oke sút rồi vô nhà đá ngồi hả bạn cũng bạn rồi bạn có được lợi gì về việc này không,0.0
Minh Trí thì zeros cũng đi chơi khá xa mà,0.0
Nó hỏi thì cứ xán vào nó làm gì,0.0
Đàn ông gì lạ kì vậy trời.mô phật,0.0
Nam Nam IB KÍN,0.0
Nói đéo ngoa thì cái xh này nát vcl rồi ế 😕😕😕,1.0
stupidly embarrassed the referee,2.0
Phụng Phèo Lina Nhi này lương cao nè các friends,0.0
Idol của anh quang :D,0.0
"Du ma lai tang thue,dit con me no,da an ban roi,con cai con cac j de dong nua",2.0
Bt xl sao ko bt lm công bằng từ đầu ik chó mù à,1.0
Dành cho ae nào muốn test zô lấy link tải bản china,0.0
"Thanh niên trai tráng ai lại đi làm thế với phụ nữ,lòng người thật đáng sợ,làm người tốt thì cũng bị như này.",0.0
Đm lần đầu tiên bố địt vào mày ad ạ.,2.0
Mày bị đuôi ak,1.0
Chỉ muốn ad chửi chết tổ bọn chó chít này đi 😋😋😋😋,2.0
Gặp bố ỉa lên đầu bao lần rồi,0.0
xin quả nhạc đầu,0.0
Sĩ bọ dlm,1.0
dân vn giàu lắm cứ tạm giữ cho nhiều vào cho dân mua xe mới.cho nghành công an có thu nhập có công ăn việc làm.,0.0
Cực kì khuyết tật,1.0
Ơ t xem clip tưởng mấy năm trc mới đánh ngu như thế hoá ra mới đc mấy hôm à,1.0
Cô Trần Thị Nga bị nhà cầm tiền Việt Nam bắt tù đày chỉ có một tội duy nhất đó là....!,1.0
Cá chết là do đéo biết bơi có thế thôi cũng họp :))),1.0
"thế thằng rách cũng là người nổi tiếng mà sao nó bỏ con, ăn cháo đá bát, ngủ với fan vậy? chúng mày bị nó lấy quần che mắt à? già mà ngu quá vậy ?",2.0
Gái hay trai vậy,0.0
Rất thuyết phục:)),0.0
Minh Anh Mai Xin mọi người 3s để like và follow cho fanpage của mình nha.,0.0
tính ra mấy Hít của Jack thì toàn người khác viết thôi á. Sau này giai đoạn tách khỏi Kicm thì không có bài nào được coi là Hít luôn á,0.0
Kệ cụ mày,2.0
"Dàn cảnh tinh vi tội bé,",0.0
Cô dễ thương quá cô ơi. Ai lớp du chu cà mo ❤️❤️❤️❤️,0.0
a hihi lũ chó lợn thích thủ dâm ở đây nhỉ,2.0
Nl hả đicho,2.0
Nếu cứ bỏ qua lỗi và băy bừa rồi xl là song thì tôi muốn làm trọng tài để bv đội nào tao thích bóng đá phải có sử lý trọng tài đi ạ,0.0
Đạt Phạm dcu m đùa dai như tk bố m thế,2.0
"Mẹ nó,tụi này lỗng hành quá",1.0
Do mặt Khánh Chi đơ hay sao mà mình nhìn thấy mặt có vẻ khó chịu vậy ạ?,0.0
"Thầy lồn được cái sủa dơ, yêu thầy <3",2.0
Mày bỏ con mẹ nó LOL đi Bắn fifai ấy KDA trông có óc chó không chứ.,2.0
Idol. Viết vậy là chết con đĩ mẹ người ta rồi,2.0
Quá mất cảnh giác.,0.0
Bực mình :)),0.0
Bọn khốn kiếp,2.0
t đang coi film sếch à?,0.0
ớ thì ông xem các live trym cách nói chuyện của bọn nó xem. tôi thấy 1 thằng thảo mai 1 thằng tồ tồ thì tôi nói thôi . Chính vì ko xin đăng live đc nên thằng quyền gạ thằng mực đánh độ tiền 100k để hạ thấp thằng mực. Thằng mực cay c… Xem thêm,0.0
"THÁI LAN THẮNG RẤT ""THUYẾT PHỤC""",0.0
3 Bố con nhà thằng đó phải xử thật mạnh tay thì làm gương cho người khác : Nó lại còn nói nhà nó kg thiếu gì TIỀN ý là có TIỀN ĐỂ che giấu hành vi tội phạm như bố con nhà nó,1.0
Nó bứng lông căz ra nó bồi thường,1.0
Nguyễn Thịnh như con đĩ quái thai. Bổ xug thêm con cu nưa nhé. Trứng hơi to 😁😁😁,2.0
Lại sống như rau dền :)))),1.0
Ông nào GATO thì sẽ bảo ảnh này ghép cho coi 😥,0.0
"Sao tụi bây toàn chửi nhau mà ko thấy làm gì hết,cao lông nó chưa hay nói cho vui",1.0
Đĩ quýt Tiền nhìn mat hãm,2.0
Học phí tháng này đợi tháng sau em bù nha thầy :v dạo này bị thiếu kinh tế quá,0.0
Đám chó vàng ăn được vậy. Chớ có ai ăn vậy. Xe lấy về sửa ko cũng chết. Mà 1 ngày còn 2 3 chục nữa,2.0
"miền nam, miền bắc, miền trung, 3 miền lận",0.0
Lũ súc vật tụi mày chết không yên đâu,2.0
Lỗi lỗi cái đcm mày,2.0
Pham Minh phục lồn .,1.0
Đúng là chó chết thật,1.0
ở Hàn gọi là chiếc lá còn VN là lá chà bồn.,1.0
Con linh cá lóc là loại người không tha thứ dc.,2.0
ê cô già mà ngu nhỉ d chịu hiểu vấn đề sau bao drama mà vẫn tin thằng dách cho đc,2.0
Nghe hợp lý và thuyết phục anh em =)),0.0
Đi ngược với chính sách ngu dân chỉ có chết,1.0
Loại trọng tài này đề nghị AFC treo còi vĩnh viễn,1.0
Gái alime,0.0
Ae tẩy chay mực đi chứ nói nhiều làm gì fan này là fan bú win của người khác ạ all,1.0
Nguyễn Mạnh Hiệp gửi mấy ộp pa :)),0.0
Tất cả cũng chỉ vì chữ tiền :),0.0
ý thức nd đã kém rồi nói gì đến mấy anh bụng phệ,1.0
Đe'o chấp nhận oke,1.0
ừ chiến sĩ chó xanh chó vàng coi dân thua chó luôn ê 3ke lai thú chúng mày xuống a tỳ hết là thé giới thái bình !!!,2.0
Ốc chó mới kêu cầm cờ việt nam diễn tập.,1.0
Vẫn mãi là abe :)),0.0
Rồi mắc cái ji mà sáp lại gần dữ z,1.0
nick pha ke,0.0
vkl mực con,1.0
Vn chưa kịp dùng đi tù mẹ nó rồi,1.0
Nhìn mặt thì ngắn ngủn. Mắt thì hít. Mũi thì to. Nhìn nhủ mấy thằng nô lệ.,2.0
m đéo bt câm mẹ có vài nghệ sĩ đã giải thích vì sao TĐ bán hàng 2 loại á,1.0
Quê tôi thể loại này ngta gọi là Mõm,1.0
Uh cần lồn gì phải lịch sự,1.0
đất nước ngày một thối nát,1.0
Ảnh khè :))),0.0
"xin lỗi con cặk. Nghỉ việc đi thằng lo^`n. Địt cái lo^`n mẹ mày. Trời đất sinh hoa, vạn vật sinh sôi con mẹ mày lôi thôi đầu xanh mỏ đỏ gặm cỏ thay cơm đầu tóc bờn xờn khạc đờm tung tóe tao đcm mày. Lòn trâu lòn chó lòn bó xi măng lòn chằng mạng nhện lòn bận lá khoai lòn khoa lá mít lòn bít lòn thơm mà lòn thơm lòn đậm lòn đười ươi nói địt lòn còn vịt nó phang lòn giang mai lòn ỉa chảy lòn nhảy hip hop mà lòn xốp lm hàng hiệu lòn hàng triệu con súc vật mà t địt con đỹ mẹ m đứng từ trên cao mà lao đầu xuống đất địt lất phất như mưa rơi địt tơi bời như bom đạn địt lãng mạng như rumio và juliet",2.0
Từ bao giờ người nhật mất ý thức như vậy💁,1.0
tự bơi vào bị tao vả chứ chửi cl gi :)))) 1 thằng trên núi 1 thằng ở miền xui. nhục vcl cay t lắm mà có làm gi dc đâu. quê vcl :))) kkkkk,2.0
"em cảm ơn đã giúp em từ rank đồng lên rank thách đấu chỉ trong 2 ngày mà không lấy 1 đồng nào, respect",0.0
Chậm thoi,0.0
m cũng chỉ là thằng nhãi con thôi. Tầm suy nghĩ chưa lớn đc. Chắc cũng phần do cái gia đình m dạy dỗ k tử tế,1.0
Fan cứng có khác :))))),0.0
Lương tháng dc có 7-8 triệu =)),0.0
cái chính quyền như cái lờ,1.0
 thiên vị quá đáng lý ra thủ môn phải bị thẻ đỏ,0.0
Hat nhu lon 🙂,1.0
Liên đoàn Bóng đá Việt Nam - VFF mở to con ngươi mà đọc dùm coi,0.0
Sao thầy kh múa quạt nhỉ =))),0.0
Minh Ánh ác độc thiệt chứ,1.0
Phan Linh đb ct có lm j đâu ? Mà ss chán,1.0
Chán đéo nói nỗi 🤣🤣,1.0
"Trình vàng mà gáy dạy đời ác, đợt này thì ông cố nội sống lại cũng hết cứu. Hạc thì đi với hạc cóc ké ba ba thì muôn đời z thôi",1.0
Trọng tài như cái đầu buồi ăn lol,2.0
Đéo cần thằng chó như mày xin lỗi,2.0
Cháu yêu chú nhiều,0.0
đóm ngu số 1 địt ai dám tranh =:)))) . Ngọc bình tự dưng báo jack nhiệt tình cộng óc chó,2.0
Tại bọn lính cả,1.0
bố của mấy đứa miền bắc thôi... Còn miền nam hk có bố bố bố đâu,2.0
" =))) ngu đéo chịu được thế sao t k sơn r xoá số nhỉ có cái gì chứng minh xe của m nữa k, hay là đem hoá đơn ra",1.0
Đm nó dàn cảnh lạc hướng,1.0
Hai thằng chim mồi,1.0
tối có stream không abe,0.0
"chắc An đây mê gái đầu thai không hết gái nào bị chửi như chó , An chạy vào như 1 vị cứu tinh mặc kệ sự đời cứu dc rồi đưa 5 củ cho con cô ta á hả",1.0
Huấn luyện viên không biết thế nào là nhục,0.0
"Nó học cách của thằng anh nó đó , hèn , khốn nạn",1.0
rồi liên quan gì đến tk nguuu m thế ?,1.0
Cái lồn mẹ. Mấynhoom trước tao buk mình thì đỵt có chỗ nào xả. Hôm nay nguôi ngoai cả r thì mới tìm ra cái chổ chửi xả. Đỵt mẹ đời. Lồn mẹ chúng mày kể cả thằng ad mặt lồn bước ra đây để bố xem mặt,2.0
Ông nên tự biết xấu hổ mà từ chức,0.0
Nghèo đã khổ ác thủ kg tha,1.0
Cuong Quoc tui vẫn dẫn đầu nha tui vs Thi Thi đc ăn free nha mn ơi,0.0
Fake đó mấy ba má,0.0
Hóng phim ra rạp :)),0.0
chết m* m đi,2.0
Lũ dog này.. Hoàn cảnh khó khăn chúng cũng không tha.. Phải điều đặc công ngoài Bắc vào để xử lý hết lũ dog này,2.0
Ác quá mà ...vậy củg nhẫn tâm lấy đc nửa,1.0
Tôi nghiệp em xôi. Mấy thanh niên người ta mua gánh bán bưng vậy cũng đành. Xấu họ Mấy ah thanh niên quá. Ko bản lĩnh,0.0
Xin tên nhạc.,0.0
 why con mẹ m,2.0
15p nuac gặp a iu,0.0
HOA LỤA - HOA TƯƠI NHẬP KHẨU CAO CẤP.,0.0
Nhảm nhí. Mày kiếm đâu ra cái tờ giấy này rồi vu khốg thế,1.0
Các cậu ngủ đi,0.0
Nhìn mà ghê thật,0.0
Gia Bảo ci l**,2.0
Thứ giật tiền Minh Hiếu,1.0
mày thấy tổng 8tr/tháng k thằng ngu,2.0
Giết được người mà ko bị pháp luật xử nghiêm minh thì 3bố con nhà mày sớm muộn cũng xuống âm phủ mà tiêu tiền.,2.0
Chơi tí đồ ăn mừng,0.0
? M hiểu nhầm hay sao mà dãy nảy lên vậy . T nhận cày thua mà thì sao giống m đc mà m chửi ghê vậy . Chưa nói hết đã căng thẳng r =)),0.0
fuck out please,1.0
Hí ae là hiểu off sờ trym r đó😂,0.0
Thật ra chỉ cần vào mùa 20 phần xôi thì lấy 10 chiếc cũng ko biết đâu vì lúc đó lo làm rồi,0.0
Nhịn thét làm tới:)),0.0
ad của page này chửi như muốn đổ cả rổ lồn vào mồm người khác ý :),2.0
Mai m ra đường xe tông mẹ đi,2.0
Nghe kiện củ khoai chưa. mà đéo hiểu nôi bạn nghe nhạc của 1 thằng tư cách 5củ hát có hay đến mấy mà không thấy tởm à. Hay bạn cuồng nó qua rồi.,1.0
A tuân hỏi chu cà mo la gi lam e cười mn xỉu,0.0
Cũng giống lắm á :))),0.0
Vì mấy đồng bạc của người thái mà mày đánh mất đi lương chi của một con người,0.0
Xl làm đeo sao may không làm tròn một thằng trọng tài trong trận đấu may xử ép VN thế xong mày xl là một xong không có đâu con,1.0
cty Đang liên hệ để đàm phán tiền nhưng chỉ chịu chi 5 củ chứ ko phải 60 tỷ như Viruss yêu cầu nên Vi rút ko thèm liên lạc =)))),0.0
Hoàng Tử Băng Giá nhìn cách thay người là bít r,0.0
Cô nói câu nào cũng buồn cười hết trơn 😂,0.0
đủ trình kh,0.0
Tối qua off stream có khác anh ơiiii :v,0.0
"cu em mực bẩn tính mà tư duy phản biện còn kém nữa, trời ơi sao lại có thể tư duy phản biện mức mẫu giáo như thế được? đọc thêm sách vào cu",2.0
"Mày làm như lên cái là hết trộm cướp ấy, với cái xã hội này chỉ có thể hạn chế thôi là đã mừng rồi nhé",1.0
Fake bọn ngu à,1.0
đất nước tôi đấy bạn nhé,0.0
ngu vl xd,1.0
Hí anh em ❤,0.0
Võ Phong cười ỉa,0.0
Sory cái địt mẹ mày,2.0
bắt như con cặc mất một quả pen thẻ đỏ,1.0
Mày hãy cút về nuớc đi,1.0
cayy là gì ta,0.0
Đéo cho thì nói ki bo cho rồi thì soi này soi nọ . Thế mày muốn chúng nó sống sao . Miệng chó ko mọc đk ngày voi cứt j củng phun ra đk,2.0
Bọn nầy tàn nhẫn quá trc sau cũng gặp quả báo,1.0
bị ngu à? Nghe nhạc 2 thằng mà éo hiểu vấn đề,1.0
b52 ơi lứng quá B52 i,0.0
H toàn bọn béo ú ngu học làm lớn,2.0
Cái lồn má mày thằng trọng tài chó,2.0
"Nhung ơi là Nhung, sao mày báo đời dữ vậy Nhung...):",1.0
Xin Quỳ,1.0
có fan cứng nhưng nào đâu hiển thị :((,0.0
Fucking you,2.0
Đm,1.0
Mày ngu lắm may khong nên làm trong tài,2.0
"Lm thì lm mẹ nó r, lại vòn xl, ngứa",1.0
Lại bú dái kata hả mực ngu,2.0
má trọng tà cay tù hồi nào tối nay nha ghim rồi á,1.0
Sủi kèo mà sủa ác :))),1.0
Bạn chả có máu hóa văn loz j cã=]],1.0
Gil lại đi cà khịa rồii😂,0.0
"Tụi mày ăn đéo có cái gì, đéo có con Cặc gì, nhưng được cải, nước ngoài hỗ trợ ( xin lỗi nói thẳng) kích động gây chia rẽ",2.0
"rách không bao, giờ đạo nhạc",1.0
Cường quyền ác bá !,1.0
Nguyễn An Huy ngu thua m chút à,1.0
Nick fake xin lỗi cái lồn :)),1.0
Đây nè,0.0
"Lên núi làm hảo hán, cướp của quan tham chia cho dân nghèo. Về đầu thú là tội chết.",1.0
Đời thường là như vậy nghèo lại gặp éo le chán,0.0
"Luôn tin yêu và ủng hộ anh Jack -J97 ạ. Mong anh chân cứng đá mềm, kiên định vượt qua mọi sóng gió dư luận !!!!!",0.0
Anh nói hay ghê á :33,0.0
Tam quan lệch lạc,1.0
hốt lun cái xe xôi mới chấn động,0.0
..😀😀,0.0
Từ chức đi thằng mặt dầy. Cút khỏi đất nước Việt Nam.,1.0
Bạn tao mày đừng có xàm l thông à mày cần tao không tao bênh nó đã bênh thang kia chưa thế giờ ng nhà m bị chửi thì m câm à thang ngu,2.0
đâu cap đi xem nào,0.0
"Thằng lồn cha với con đĩ mẹ mày không biết dạy mày nên mày mới dựng lồn lên xem vào chuyện của người khác, bộ tao ăn hết của ông nội mày sao mà mày lôi tao vào. Từ đầu tao đâu có lôi tên con đĩ mẹ mày ra nói đâu",2.0
So so cái d*t c*n m* may,2.0
@Chiến trần chuẩn 👌,0.0
q thi hut con ko lo danh nha ngu qua ngu,1.0
Chơi như cl mà rên như bị Đ!t :)),1.0
Đúng là hề,0.0
Con bóng chúa sẽ bị ma ám in bv 😏,1.0
Nhây :)))) chừa nhé,0.0
bạn trai nhà người ta chưa bao giờ làm tôi thất vọng :)),0.0
Phan cứng trong sự ngỡ ngàng😀,0.0
nghe mày bênh thằng Rack vậy là biết ngay ngày xưa mày học rất ngu rồi :))),1.0
"T thề là nếu như dịch bệnh mà hết và con Nhung này ra viện thì chắc là ai nhìn thấy nó thì cũng muốn lao vào xé xác nó ra ấy, thế có mà nó sợ tụt lờ k dám đi đâu đâu =)))))",1.0
"Cút con me may khỏi đất nước của tao đi , thằng n g u học , phế vật",2.0
"Mh thấy càng dưới vị thành niên mà phạm tội càng nên trừng phạt mạnh tay, vì chúng còn bé mà tư tưởng và hành động bạo lực như thế thỳ lớn lên k biết chúng còn trở nên thế nào nữa",0.0
 đ.ần,1.0
Ông lấy bằng chứng gì để nói chuyện với chúng tôi. Thêm 1 tờ giấy biên bản nữa,0.0
"Boxit nữa, đừng quên bùn đỏ",0.0
Quên mẹ đi. D.ịt mẹ đâu có luật nào công an bồi thường xe cho dân. Tụi bây đem luật nào cho tao xem,1.0
Buôn bán mà người ta hỏi thăm đường kĩu này nên né ra ..đìu có sự khốn nạn trong đó hết ..,1.0
Trường,0.0
Đứng đó ăn ccc à,1.0
hèn hạ,1.0
Học công nghệ sản xuất kem chống nhục và phẫu thuật cắt dây thần kinh xấu hổ,1.0
Loại này bắt dc cứ tử hình. Bắt la tử hình liền. Bảo đảm sợ. Thứ này khỏi cãi tạo cm j hết,2.0
lỗi cái lồn má mày,2.0
Dáng người thì cao đấy nhưng chất thì như lồn,1.0
đụ..vậy đầu óc có vấn đề chắc luôn,1.0
đĩ lồn,2.0
"Fuck you. Fuck your mom, fuck your father, fuck your family, fuck your grandmother, fuck you wife…",2.0
đang chửi nhma thấy chim cánh cụt:)))),0.0
Lúc nào Việt Nam chúng tôi cũng bị trọng tài bắt ép.. Xin lỗi được gì ông nên về hưu xóm đi..,0.0
Cuộc thi khen vợ bắt đầu Mình trước : Vợ mình cả xóm ai cũng sợ!,0.0
"Nguyễn An Huy t xấu chắc m đẹp, liuliu",0.0
Nhung Nguyễn 10₫,0.0
Vitamin Nhung cđ m chứ ai nữa 😁😁,1.0
jack làm giáo viên à bạn ?,0.0
Thg l,1.0
"Rất thích bài viết thế này. Hay và ý nghĩa, học thêm nhiều cái mới",0.0
cái lồn,2.0
Bởi dừa lờ t lắm cho chừa cái tật chơi dọng cha dọng mẹ rồi bị chặt :)))))),1.0
"do chính quyền không thắt chặt kiểm soát. Phải lập thành nhiều đội làm mồi giả bộ nai tơ, trang bị bộ đàm không giây để liên lạc khi chứng đến. nhử bọn này đến ăn cắp, bên trong nhảy ra tóm trọn cả đám",0.0
Bởi khi tụi này mà rớt nài thì ít được người dân nương tay trước khi giao C.A cũng đáng .,1.0
Bất tài vô dụng,1.0
Mê trai hả mài,1.0
Thể loại fake xứng đáng làm người giống như thằng trọng tài thật vậy,1.0
Mấy thằg não cức,2.0
Đcm yêu nhau thế cơ à?,1.0
những chiến sỹ nghe oai phong dũng cảm quá nhỉ !? kẻ thù của chúng là ai vậy !!!!???,0.0
ác cả cha lẫn con mạng sống con người mà nó xem như lông chim,1.0
loại m = con vave thôi đừng lắm lời Nói thẳng đéo có cửa để tao trl nhưng vì thấy m cmt nguuu dốt lên đây thì tao nói luôn Là t đéo binh nma tụi m ghét Nó thì chửi nó mắc cái gì chửi ngta đúng là loại bại não cận huyết nc có khác thôi về làm … Xem thêm,2.0
Đọc thần chú j v thầy 🤣,0.0
Thành Huy Hoàng Tiến,0.0
Tàn nhẫn quá luôn,1.0
Tự nhiên nghĩ lại thấy đẹp trai cũng là cái tội ae ạ,0.0
mỏ lồn của LOL VN mà :)) Nhìn cái mồm rộng như cái lồn mà bt rống ghê ntn r :)),2.0
Ông nên từ chức đi cho đỡ nhục,1.0
Cái đầu khấc,1.0
thôi cháu ơi. cháu xem idol ngu của cháu cháu ảo tưởng it thôi cháu ạ. game it thoi.ra đường nhiều vào.trả dthoai cho mẹ cháu đi :))) học thì ngu mà cứ chửi người đi làm rồi,1.0
Đôi khi quảng cáo với cái đầu ngắn nên bị tổ trác. Thay vì hòa đồng thì cứ thích tỏ vẻ bố thiên hạ. Chán ông vin fet,1.0
Sai r xin lỗi,0.0
Lời xl muộn màng Xl r có thay đổi đc j,0.0
Đừng làm trọng tài nữa thằng mù,2.0
vãi...,1.0
Đọc xong tin nhắn mới biết. Mấy dạy và côn đồ từ gốc. Chắc mấy thằng đang trên bàn thờ nhà cháu cũng thế,1.0
xem lại trận hqua đi cái dcm,1.0
Khỏi đi để cháu còn đi học,0.0
"Đồng Tháp mới đin2 thằng Chộm chó đó! bọn ""ăn cứt"" này nếu đx thì cho chúng nó đi bớt đi",2.0
"Lộ đoạn ghi âm Rách xin beat VR kìa ở đó mà làm việc công với chả tâm uy tín với danh dự , tự ái nhột rồi đăng bài làm việc để lùa gà với fan",1.0
Gọi mấy thằng CA là phải dí thẳng tiền cho chúng nó.ko là đến già chúng nó cũng chả quan tâm,1.0
Vì ba cái like rẻ tiền để câu view à,1.0
Đụ con đĩ mẹ thầy nhá,2.0
ông giờ đã trở thành người nổi tiếng rồi.bắt như lồn,2.0
"Đây đây đây ,ăn mẹ di",1.0
Huyền Khánh Phùng chả vờ chả vịt :)),0.0
Nguyễn Mỹ Duyên cánh hoa may mắn:)),0.0
Đến bọn quan tham mà lừa đời chúng nó rồi cũng đâm đầu xuống sông chết thôi,2.0
Mắt bị cục shit lấp à. Fake you,2.0
2thag ôn con đến cửa hàng xe hơi đòi mua siêu xe.,1.0
Thằng hlv như cc cút về nước,1.0
muộn r :)),0.0
Ông biết nhục nhã la gi k.đá 10 trận.thua 9.kể cả khi ông thắng indo tran lượt về.thi ông nên từ chức. Bất tài vô dụng ma lương cao,1.0
Lên top chỉ qua được ng ta ủng hộ sau vụ việc thg KICM nhạc dell hay chổ nào,1.0
Trọng tài như con cac,2.0
Con mẹ nhà mày thăng lol mày mù à,2.0
Nguyễn Trọng Hiệp Đm óc cức à bạn trẻ...,2.0
Mn ơiii giúp em với ạ,0.0
"Cái page này phản động đấy, ad súc vật biết cc j đâu",2.0
Ảnh về với điều kiện tay chân ảnh lên :3,0.0
"Tới bến, sáng dzìa",0.0
Lỗi nhục của trọng tài. Trình độ bắt trọng tài kém thì nên ở nhà.,1.0
"Thầy bói Ba cl gì gì vậy thầy, đem con susan ra thế giới à",1.0
Trông đánh con aatrox..,0.0
Về đi hái nho đi,0.0
Bắt sai cho cố ra nói xin lỗi,1.0
"tự kiểm điểm, có cái éo đó cứ làm hoài",1.0
rank gì nhưng mà ít nhất nó còn sống ra con người. Chứ loại gato xong toxic thì chỉ vậy thôi.,1.0
Ô ko phù hop,0.0
"Nó chửi Cô Minh Hiếu là sai, nhưng mà đm tụi m thật sự rất quá đáng, nó có xạo hay gì đó nếu ko ảnh hưởng ai thì việc gì phải đập phá chén cơm người khác v, còn việc giá 1 chai nước hoa rẻ thì tự tụi m phải nhận thức được nó là hàng loại nào, nếu thấy chấp nhận thì mua nó đâu ship lại hay lấy dao kề cổ bắt bây mua. Còn Trần Đoàn nên có lời xin lôi tới cô MH đi, còn TĐ nó có xạo sài hàng fake hay thật kệ nó, tụi bây chắc gì ko sống ảo chắc gì ko sài hàng fake nên ai làm gì kệ ngta tạo nghiệp chi v.",1.0
Đậu xanh toàn share link tiếng việt vậy,0.0
Bán ba cái nước hoa xạo,1.0
từng này tuổi r còn bị thằng trẻ con nó dắt mũi. chọn sai idol cx là 1 cái tội =)),1.0
"cái loại bỏ con k nhận thì đạo đức gì mà lên tiếng má, cừi đái Nguyễn Thị Bích Ngọc coi hề nè má",1.0
A di đà Phật xin cho con về với Phật,0.0
Thật nực cười,0.0
Trần Hảo chị xem coi mà biết . Ra đường lam j lam . Gặp ng lạ để ý cảnh giác . cứ lo cho c,0.0
"Tôi tha thiết đề nghị chủ tịch VFF sa thải ngay Troussier,thua mất mặt hơn 10 trận đấu liên tiếp rùi",0.0
Tuân Đào nghe noi thich tone giong nay,0.0
"Bọn phản quốc lúc cặc nào cũng than nghèo kể khổ. Ngồi nhà cả ngày, soi mói báo mạng kích động bạo lực. Bảo sao thất nghiệp với vô học. Về xứ cali chúng mày đi. Mới xả súng đấy. :))))))))",2.0
Người chúng tôi cần phải như này. Có thua đi chăng nữa. Người hâm mộ vẫn vui ấm lòng ông Tru Si Êhhhhhhhhhhhhh ơi,0.0
Báo chí gì mà nói sạo lộ liễu. Nản,1.0
"noi dong cham toi ban tot 16 chu vang la bi ghep toi phan dong ,,, roi co ca dam dlv ngu ngoc tre trau cung vo goi la phan dong viet tan potay luon",1.0
acc giả hay sao ý j mà đang bắt lại đăng 4 phút trước,0.0
Chị oi ! ai cũng muốn mình đẹp mà khổ nổi ko có tiền,0.0
Why cái mả mẹ mày về quê con mẹ mày đi,2.0
"Ê chó ad. Nó nói chất độc ko thể ăn được có gì sai à? Chỉ cái lủ chó như...cha mẹ mày chẳng hạn, trộn chất độc vào để tăng lợi nhuận rồi kéo theo việc hại dân thui nhé",2.0
hhh mõm ít th cháu ơi do m nguu t ko thèm nc vs m đấy,1.0
Văn Việt quay ăn lon,1.0
Khốn nạn nhất là cái thằng ra luật ăn trộm ko dược đánh.dânhs nó bị thương tích là tri tố.y như thằng ăn trộm ra luật vậy,2.0
"Năm mới chúc các bạn đạt được tất cả mục tiêu của cuộc sống,",0.0
Chào đ/c thiếu tướng Trần Dần,0.0
Đit mẹ may,2.0
"CS miệng và đít chúng là một chỗ. Một chế độ thổ tả không còn sửa sai được nữa, mà phải thay đổi với một chế độ khác. Sống với CS mà không biết gì về thủ đoạn của bọn chúng là không có cái đầu.",2.0
tao vẫn đéo hiểu cái loại mày bỏ cái chuột với cái bàn phím ra với giống bố đời kiểu này làm đc clg cho đời,2.0
"Con bóng đực kia cũng là dạng đầu trâu mặt ngựa, 2 mặt, nịnh bợ.",2.0
"Giống như câu , Ngêu sò tranh nhau , Ngư ông đắc lợi",0.0
Xl cdmm,2.0
Cô minh hiếu mà hết thời là mày cũng hết đường làm ăn luôn nha con bóng đồng tháp bán dồ giả,2.0
"Ai k tin chứ tôi tin vào quả báo và nhân quả, k đến sớm thì muộn chứ k thoát đc chỗ nào đâu...",0.0
"Nói gì thì nói chớ , tui đang bị cách ly ở đà nẵng 😓😓",0.0
Chi dep qua c oi.su con cho do di c.con mat day con cho phan quoc.,2.0
Mốt tập nói tiếng hoa kiểu này 🤣🤣🤣 Kom Tuấn Hạnh Kim Trần,0.0
Cc  3 m,2.0
😊😊😊,0.0
Xin vĩnh biệt cụ trọng tài,1.0
Ví anh làm kiểu gì mà trong ví lúc nào cx nhiều tiền vậy ?,0.0
Tao cũng không hiểu tại sao mấy thằng đầu óc có vấn đề mới thuê cái thằng này làm việc,2.0
E đag rank vàng a tính thuê a cày nma sợ bị cno hành xong a lại đổ lỗi tại đồng đội tại bên kia tol thì khổ ngta :(( huhu,0.0
Ngu người,1.0
phải tới. Cùng lắm 9 tháng 10 ngày đẻ thêm đứa nữa. Tốn thêm 2tr/th là ok. Công ty ko để đc xài bao,0.0
Lag à anh ưi,0.0
loại ăn cướp mà,2.0
đéo cho xin lỗi,1.0
"RIết thằng ad chửi nhảm quá, cp1 gì thì chửi bệnh viện. Lôi cả cái đất nước vào làm gì :))",2.0
con mL thắm đâu,1.0
A Di Đà Phật mong là dịch sẽ đập tắc,0.0
"não cùn thì s mà hiểu đc, thích thì tự ib m dọa ai thế??bố đây đếch rảnh tiếp chuyện vs lũ ko não",1.0
 kêu rách cho vai chính giống thiên an đi b,1.0
Chill phết:)),0.0
Xin lỗi cái (.),0.0
"đánh hay thì tung hô đánh ngu thì ""content thôi"", tẩy trắng hay đấy. Content đếu phải conten oke ?",0.0
"Chỉ có mấy con chó phản động ba que mới thích thú đọc những tin kiểu này để xuyên tạc chống phá! Nhưng cái bạn yên tâm là lũ chúng nó chỉ là 1 trong hàng triệu người dân vn thôi, ko làm ăn đk gì đâu! :))) chỉ nên mạng sủa sáng, sủa tối, sủa trưa, để",2.0
yogurt oi loc raaaaa,0.0
Nghiệp quật là có thật,0.0
Bọn ruồi phát sáng như bọn m chỉ có thế,1.0
Nói vậy có ngành du lịch để làm gì?,0.0
hoy đi may cũng vay à có khác gì ai đâu mà bênh gái hả vào thông tin coi thì quả thật trẻ trâu chơi ff,1.0
"Brian Le thằng Vr toàn tự mèo khen mèo dài đuôi, tự nâng mình hạ thấp người khác, nết xấu, mõm là giỏi. Kêu thằng J k biết nốt nhạc, thế thằng J đúng chuẩn thần đồng âm nhạc, sáng tác cả chục bài Big Hit, thằng học nhạc viện HQ hít khói, không bằng số … Xem thêm",2.0
đánh ngu cày thuê cc,1.0
chứ k phải đăng stt hay cmt băng ngôn ngữ của sv hả=))) trẻ nghé tưởng mình dễ thương,1.0
Tông môn mày,2.0
Chết là phải toàn thành phần óc chó đua xe không,2.0
Lê Hà Thư vẫn cứ là ok:))),0.0
Xin là xin Vĩnh biệt cụ,0.0
Gọi mấy thằng CA là phải dí thẳng tiền cho chúng nó.ko là đến già chúng nó cũng chả quan tâm,1.0
hhhhh bị chưởi đell biết nhục Đúng là nói ko khôn ra tưởng là mình ngầu,1.0
Lol bắt Trọng tài như cc,1.0
ohh weoo thiệc là mắc cừi~~,0.0
Con mụ thần kinh,2.0
đủ kiều lừa !!! Huỳnh Như,0.0
Bọn này nên lấy búa đập hết mấy ngón tay của nó đi rồi cho vào tù mới hả được giận. Có sức khỏe mà lại đi làm những CV không ai chấp nhận được như vậy.,2.0
"""kkk ông nhõi kia chắc 2k5 2k6 sáng vẫn xin mẹ tiền mua xôi cứ vào đây để trình bày"" có chỗ nào hỏi rank gì à =)))))",0.0
à thế ba chửi con thì sao ba cho tiền ăn học sao con nguuu quá v,2.0
Cầm tiền r lượn Mỏ cứ như dính đờm )),0.0
chiến sũ cái cc là cái lũ cướp bóc nhơ nhớt xác định khoác lên cái ao màu vàng là xác định cái nghề chặn cướp của nhân dân. Đuỵt mẹ nói lên cái từ chiến sĩ nghe mắc ói.,2.0
Diện Trần,0.0
bú win chứ vào toàn thuê diễn viên qua t gặp hai game t ẻ lên đầu mà,1.0
Bố thằng chó😡😡,2.0
"K bắt đc, thì bà cũng bắt",0.0
Chết mẹ đi địt cụ thằng trọng tài,2.0
Duy Trần gửi cho em xin vd với ạ,0.0
So cái địt cụ mày,2.0
Con Linh nó vẫn chứng nào tật nấy . Vì bản chất của nó là vậy. 😏,1.0
Hả dạ,0.0
Chơi quả tướng 200 năm mà thua nhìn có chán ko,0.0
chụp cái qả ảnh đéo phải địa chỉ cụ thể xong trốn chui nhủi nhục như con chó ấy =)),2.0
Tức nước vỡ bờ. Cả một lũ chó hại dân,2.0
1 phút 30 giây. À ko 1 giây là fb bạn bay luôn,0.0
Mình hiểu uống sao không tan mỡ bụng chị  Ba vàng  Ngọc  cũng  giàu.   Hóa cho  nên đồng. Hùi hụi cho tới tháng  tám,0.0
Nguyễn Mạnh kinh thế,0.0
"Nga Tran Chính xác là có nghề chuổi mướn, và cũng gánh nghiệp hộ người khác. Mấy đứa đó ngoài xã hội bất tài, nên phải nấp lên mxh dưới 1 thân phận khác",0.0
Ko những hư mà còn bị luột sạch đồ nữa,0.0
Bọn này nên cho vào tù mãn đời thì xh mới tốt đẹp,1.0
Trời dang dòm ngó Tôi mày,1.0
Ủa lạc đâu ra mấy con chó này thế =)) Tao bảo cno sống chậm thôi chứ tao bảo ông bà già chúng m sống chậm à mà vào sủa :))?,2.0
"sao trêu bạn vậy. Sản phẩm nghe như cức vậy mà bác nỡ lấy cái l ra so sánh, mất giá cái l quá nha",1.0
xàm lồn,1.0
mà thôi nói với cái loại vô văn hoá như mày . phải dùng từ ngữ của loài chó để nói vs mày . mai tao kêu con chó nhà tao nó sủa vs mày,2.0
May giau qua ha sao may duoc tien cua chi minh hieu😡😠😈 sao may mat day qua da may,2.0
"bạn ơi J vào thẳng bài viết của ổng để comment nhưng ko nhận đc chút hồi âm nào nhé, cái stt ổng đăng bên trang cá nhân ẩn ý chắc gì là chỉ ông kia hay tự nhận về mình đây, hẳn là beat của ổng trong khi ổng mở mồm trong livetream là ko phải, sao liên lạc ông kia đéo tl đi mà còn cái kiểu lên livetream nói linh tinh:))) Hèn! Hay là tưởng tk J nó hiền quá bao vụ nó cho qua thì mình muốn múa gì múa , dùng cái não chút đi nào",1.0
Cho hỏi nhỏ tý ạ_Trần Hồng Hà làm kinh tế giỏi như anh Chung không nhỉ?,0.0
"cay k làm được gì, nhục chưa thằng con lợn trung kì",2.0
Mat day bg chui toi  bát ký  coi chung may ng do di tim may do song ko yên dau,2.0
"uk xl r gỡ ddc hả e ,e nghĩ gì vậy",0.0
vụ bỏ con thì công ty đéo í ới j,0.0
hhh mõm làm đi nói bố m làm cũng đc em ạ,1.0
 mk k hiểu lắm sáng chưa b,0.0
Đéo hiểu kiểu gì phát ngôn được mấy câu nguu như vậy,1.0
So dien thoai con ne 01265675201,0.0
Thân? Chửi học trò như 1 con chó... Thương cái lồl..,2.0
Cái tội nhiều chuyện mê trai,0.0
truyền thống văn hóa tốt đẹp từ thời hòn dái viễn đông nhé :v,1.0
"nhìn cái ml là thấy ""khôn liền"" dữ rồi",2.0
Ngô Tiệp chán Tiệp quá 😌,0.0
Hùm chết để da người chết để tiếng,2.0
Diệp Đình Huy phục cái địt mẹ mày,2.0
liu liu,0.0
Cách này cũng nghĩ Ra tại hạ xin thua.,0.0
"già cái đầu lz, hơn 3x tuổi rồi còn lên đưa cái mặt súc vật lên làm trò bị cả trăm đứa đánh tuổi cháu mày chửi như con súc vật =)))",2.0
Ông cuốn gói khỏi Việt Nam dùm cái,1.0
ngu thì nhận đi abe,1.0
"Nó rút hết xăng ra xong bán lại giá cắt cổ, không mua thì dắt bộ tìm cây xăng mà đổ. Khắm lắm",1.0
Minh đọc cũng hết sức bức xúc đang ngồi trên ghế nhà trường mà hành động như xa hội đen không có tinh người coi thường pháp luật mình nhờ các cấp lãnh đạo lên tiếng và răng đe lấy lại sự công bằng nhất a,0.0
Nó mang một xứ mệnh là phá nát nền bóng đá Việt Nam. Việt Nam thua indo mà nó bắt tay vui vẻ như không có chuyện gì. Thằng lông lá chó đẻ. Fuck you,2.0
Đm mấy thằng này con người ta bán xôi lề đường mà cũng nhẫn tâm cướp xe khốn nạn,2.0
thử con nhung lây cho m thử .m k chử nó đi .đạo đức giả,1.0
" tốt nhất là im lặng bạn ah. Bạn yêu mến bảo vệ thần tượng là tốt nhưng có lúc bạn nên im lặng sẽ tốt hơn. Jack nó đã quá ngu trong chuyện này, lẽ ra có thể điện thoại trao đổi với anh viruss là xong , đang này lại lên statutes rồi … Xem thêm",0.0
Hôm đó a trốc bị hỏi thăm rất nhìu,0.0
thầy sela,0.0
"Cả lũ đàn ông 03 thằng sức đàn ông thua người phụ nữ , ngta bon chen kiếm tiền cả lũ bây , giờ cơ hội cướp giựt của ngta",2.0
Con này hết thuốt chửa chữa rồi xin lỗi . Thua cạn lợi,2.0
Không khác gì bãi cứt của làng streamer =)),1.0
mong con cô sau này lớn lên ko bị 1 thằng đầu b nào đó đ*t xong bỏ haha,2.0
Vãi cả lồn,1.0
Chào người anh em,0.0
3 thằng bố con kia. Mai ra đường đi xe cẩn thận. K công nó nén đứt lìa đôi chân,2.0
"Thằng áp dê ngon thì nói cho thiên hạ biết đi, hay đi làm Thông ngôn cmn đi",1.0
Đợi cl thêm câu địt chị m độ said :v,1.0
Thằng điên.,2.0
"Khi đã cuồng 1 ai đó thì họ sẵn sàng mặc kệ mọi tiếng ns xấu của idol, nhưg tôi vẫn ko hiểu s mọi chuyện đã đến như v mà đóm còn cố đòi lấy lại danh dự cho J nx...H chỉ cs cố gắng tạo lại danh dự th chứ tôi ko hiểu danh dự thk J còn đang ở đâ… Xem thêm",0.0
Mai bay accc,0.0
"Thầy live ở đâu vậy thầy , em mún donet cho thầy hmmm",0.0
"thằng đần duy nhất là thằng nghĩ mình biết tuốt, người ta bait mà cắn từ tối đến giờ =)))",2.0
Dơ vlll nhưng t thích,1.0
Đi làm cũng khổ :((,0.0
"Mày có biết là cái lòi cầm thú chống chọi zs bão lụt mà ko ai quan tâm tới là cái loại gì ko , loại xúc zật nó làm cho có chứ chống chọi con mẹ gì tụi nó ăn của dân quá nên bây h phải chịu trách nhiệm đứng ra chóng chọi cho có thôi con chó ak , hoàng lệ",2.0
Con me mày mày nên cút khỏi đất nước Việt Nam đi,2.0
Lũ ác ôn,2.0
Đội hình đá trận lượt về nhé Coach,0.0
Đọc 1 bài dính hơn chục lần quảng cáo,0.0
Quockhanh Mai hóng,0.0
lol là cười to mà,0.0
bị cả nước chửi ui súc vật vl giống loài súc vật hahahahaha,2.0
"Anh Long n mới thêm thôi, mới nhận thức được lại. Còn t có nói ng k có nhan sắc là k có nhận thức à? Nhét chữ vào môm ng khác thế. K liên quan cook.",1.0
Ca sĩ k-icm đéo gì 🙂 ca sĩ câm,1.0
Lê Phương Linh liều. Vé cao chết mẹ,1.0
"Con ông cháu cha, lắm tiền coi mạng người như cỏ rác . luật pháp phải mạng đền mạng chứ ko chúng nó có tiền sẽ chẳng ai xử đâu",1.0
hiền mà bỏ con?,1.0
Phạt nặng là thế nào . Bắn bỏ mẹ nó đi . Xem chừng nó có âm mưu đó !,1.0
"Tết đương tới, nghĩa là tết đương qua",0.0
sao phải rr thế à ?,1.0
Lủ chó,2.0
Du ma tu thg cho giu xe den thg suc vat chuyen hanh ly,2.0
Dại gái là Tê tái,0.0
"đánh thì ngu, nói chuyện thì đần. Đãn hậu",2.0
Mai Nam Hải a bị xiên có đau không a :((,0.0
 sự thật là thằng rách bỏ con,1.0
"Chó là bạn, đéo phải tôi 😂😂",1.0
Cơm Sườn là thứ SÚC VẬT nên tiếp tục sinh ra những con người có suy nghĩ của SÚC VẬT.,2.0
"Thành Vinh có page ba gà và những người bạn đó , liên hệ xem",0.0
Tìm một bạn nữ cùng cover tình yêu của nhà anh mixi,0.0
lanh dao dang nhau phat bieu coi ai la quan quan phat bieu ngu nhat day ma,1.0
ơ thế s ngta liên hệ làm việc mà ko chịu t có bắt m đi tìm hả? Cái đt để trưng hay gì ko nt gọi được,0.0
"thằng nào cũng đểu như nhau nhưng cái cách thằng quyền chung tiền với thằng mực thì nó 1 trời 1 vực, 100k lải nhải lên lải nhải xuống trong khi thua là chung và muốn gỡ thì gạ kèo lại.",1.0
"Rồi ông sẽ thất bại như cách mà cha ông của ông đã thất bại ở Việt Nam thôi, vì ông chẳng hiểu gì về người Việt và sức mạnh của họ đến từ đâu",0.0
Sorry mẹ mày... Đồ súc vật k biết luật thì nghỉ đi làm trọng tài như mày thì làm trọng tài bắt giải súc vật thui,2.0
"Hello , Chuc ong duoc nhieu suc khoe . Have a wonderful day and take care . LOVE FROM CANADA",0.0
ThanhHuy Nguyen dơ vcl=))),1.0
Cái miệng vòi bò nhức nhúc,1.0
Mấy thằng này sinh ra là để đi ăn trộm lấy của ngt thì cũng k bao jo tồn tại được,1.0
anh ba làm lại giáo án yi đc ko abe <3,0.0
"Đm! Thắm ơi! Lâu lắm rồi ko chửi bậy trên Fb, cơ mà đang cú quá, đéo biết giải toả ở đâu cả, viết ké ở đây nhé! Cái đcm nhà m nữa! Add bố m, bố accept xong lại chặn bố à? Đcm! Hl thế? Bố đéo rảnh để quan tâm chúng m ăn uống ngủ nghỉ chơi bời thế nào đâu! Ranh con đầu bà cmay! Chỗ cm rảnh háng vào làm mấy cái trò ăn cc như thế à? Cái đm!",2.0
tk rách địt mẹ mày,2.0
so vs ông này thì sao thầy 🤣,0.0
Clm :))))) Trí Xuân,1.0
gap 2 thang co moi roi,1.0
Thầy ơi giáo án mới 0177 của con nè :),0.0
Mới lớn mà s.nghĩ nói được như vậy là hiểu nhân cách con người lớn lên sẽ thế nào rồi hãy phạt nặng những con người độc ác này,1.0
Đưa vào nhà máy gan thép,0.0
Mầy im cha đi,1.0
Hlv ngu đần và ấu trỉ,2.0
sao ko lấy tên là Linh Láo Lồn nhỉ ae ??,1.0
Ông ăn Hối Lộ Của ĐT Thái Lan mấy tỷ . Khai báo nhanh đi . Không FIFA Liên Đoàn lại cho ông tạm dừng đấy .! Thành thật khai báo .!,0.0
"Lũ bất tài, vô dụng, học hành không lo, lo ăn chơi, lười biếng xong đổ cho "" Xã hội đổ nát, nhà nước vô dụng "".... Xin lỗi chứ một chục cái nước Mĩ cũng chả gánh nổi đám phá của tụi mày đâu :/",2.0
Ông đang là nỗi căm ghé của người yêu bóng đá Việt nam.,0.0
Tình nghĩa ae có chắc bền lâu 🤣🤣,0.0
:))đàn ông bỏ con = lũ đàn ông tệ bạc ai cũng như nhau Jack bỏ con = mãi ủng hộ a rách :)),2.0
deo biet ns j nua :))),0.0
trình giỏi cái gì bro ơi mở mồm ra là khoe rank dct ct xuống đánh cái rank bk lb game dc game k thì trình gì,1.0
Xin cái lòn đầu mẹ ông,2.0
Nhiệt tình không đúng người,0.0
Biết sao lại thiên vị Việt Nam r,0.0
Đm trọng tài như lồn,2.0
Khoe puồi,1.0
Sao lại cứ đến nụ cười . lên không nghe rõ lời nói.ngừng cho giọng nói vào vô lý,0.0
Đừng chửi súc vật này súc vật nọ các bạn ơi,0.0
Dạo này không thấy đánh con Hecarim jg chán quá,0.0
Thằng ngu,1.0
"Lúc trước không biết page nào có share cmt các thứ, ông thầy nói chuyện ngu vl. Đang tranh luận thì xóa cmt, xong bảo nó phát ngôn bừa bãi, tag người này người khác vào làm chứng để lập biên bản. Trong khi mọi người hỏi nó nói gì thì kêu nó nói bậy nên xóa cmt, chưa kịp chụp ảnh. :v",1.0
Mời Trần Đứa Bo đi,0.0
Đợt nhớ đi ngồi cafe thì có bà dắt cho đi dạo đi qua.mà k hiểu bằng cách nào bà ý vừa quay lại chào bạn mà quay ra đã thấy 2 thằng nó ôm nguyên con chó để chạy đc r.chắc sự việc diễn ra 1 2 giây.k hiểu sai lại nhanh đến như vậy đc.nếu k tận mắt chứng kiến k thể tin đc.chỉ quay lại vẫy tay chào bạn 1 chút quay ra mất luôn con chó đc tài thật,0.0
Thấy đức và quá táo tợn,2.0
Toàn thanh niên sức dài vai rộng đi trộm của phụ nữ mưu sinh,1.0
mong muốn các bạn chia sẻ xem ủng hộ đang kí rộng rãi,0.0
Đâu phải nick ổng đâu,0.0
"Cạn lời với những tn của cậu thanh niên tàn nhẫn đấy ,mong pl phân sử đúng để cậu bé kia",0.0
Trung Hảiii lát đi còn trốn nợ kịp,0.0
Clm bức xúc vãi,1.0
Phạm Dungx dũng cừi,0.0
Nín họng đi má,0.0
So cc cha m ra Đụ đỉ mẹ m,2.0
Mấy thằng chó sủa bậy sướng được anh độ cho đi đóng phim =)),2.0
Cái miệng làm hại cái thân,0.0
Cày thuê là phải đánh như anh immortalstryn này xem mới hấp dẫn,0.0
"Chế độ tốt sinh ra con người tốt . Hết xả súng da đen , trẻ em , CS mỹ lại làm 3 cái trò này ..",1.0
Thêm nải chuối xanh với mấy Nén nhang nữa là vừa,1.0
Sút sinh là co thật,2.0
Coi thường luật nha nước vn ta nên trộm cướp thê thảm,1.0
Nó dàn cảnh trộm xe,0.0
Thôi im mẹ đi fake,1.0
Nhiều cái nói kh thuyết phục lắm nhưng lần này độ đã nói khá thuyết phục đối với bản thân tôi :)),0.0
Rên hay vl,0.0
Đmm.luc trc may bợ lol nó.jo chưi no.do suc vat.bede thay pai roi.nghiep chuong,2.0
Quang Chivas thằng mồm lồn. Mặc váy vl.,2.0
Ủa dzậy công an làm sai ai phạt?ai đền bù?,0.0
"Phong cách ""chịch dở"" 🙈🙈🙈",1.0
Suốt ngày đi làm ô xin như con chó bên mỹ mà bị đá dập mu 2 lần rồi nên đi đái cũng khó sợ nó nhức,1.0
anh chị em nữa mà có người hỏi thăm hây nói chuyện không quen biết gì thì không đeo khẩu trang thì hả nói chuyện nhìn thấy cảnh nầy mà đau lòng cho em bán xôi quá,0.0
Mong pháp luật sớm mang lại công bằng cho cháu. Thật xót xa,0.0
Địt con mẹ ở tù bà nó đi,2.0
" ô idol m đang làm sai, tối qua có xem live của VR k con , như kiểu m lấy xe của ng khác xong m bảo họ tự tới làm việc với m à ?? Ngta làm việc bằng văn bản giấy tờ chứ k phải trên mail gọi đt các thứ đâu :)))) non quá",0.0
Như Quỳnh Bệnh từ trong cái nhân cách rồi pạn🤷‍♀️,1.0
ViruSs 1-0 Jack ai chạm 2 trước win bởi vì Jack không thích làm 3,0.0
đến chịu lũ Bắc kì tụi m,2.0
ăn gì mà ngu thế hả???,1.0
Chúng dàn cảnh đánh lạc hướng săn mồi như đàn linh cẩu,2.0
vậy nên mới gia nhập TPP :3,0.0
Bay nik là hay,0.0
Bán nước hoa 500k như nước lã...Ko thơm tho gì hết...like trim thì chửi mắn cha mẹ người ta.. giờ khóc rồi hả.  Nhân quả đó e ơi....Bán hàng thật đi...,1.0
damn you,2.0
bạn là nhất,0.0
nói đc cặc đâu chả chiều anti,2.0
Link cho ai cần https://www.facebook.com/profile.php?id=100001515892733,0.0
"mua ở đâu cho mình địa chỉ với, chồng mình yếu quá :(",0.0
"ủa rồi chắc nó nghỉ nhà nó có tiền rồi làm trời ,làm đất không ai trị được.cho con học võ là để tự vệ hay để đập người khác chứ.cho dù có chưa đủ tuổi cũng mong pháp luật cũng phải xử lý nghiêm minh việc này.rồi coi mạng người như cỏ rác vậy, đánh họ chết đền tiền là xong sao",0.0
Phan Mạnh Cường bạn lên xung phong đi chứ k ai mong chết đầu tiên đâu,0.0
Hay là anh cũng thử để quả tóc này đi :)),0.0
Tử hình,1.0
du chinh ko thang lozz,2.0
Em tìm con Linh  chửi  cho nó 1 trận đánh cho nó bể mặt đi nó hách lối lắm ai nấy đều nhiều người nghét con Linh nầy,1.0
có shipcode không chế :v,0.0
có cái nút unlike mà bấm rồi phắn cmmd,1.0
"Phạm đánh ngu r đi blame đồng đội,sủa dơ nchug con nít lắm bác",1.0
"thuốc mê thì gây mê , thầy thì gây nứng 😀",1.0
Du ma may ve viet nam tao la nguoi dau tien bat may,2.0
Xin lỗi cái lonz m,1.0
Bắt ngu như địt,2.0
hay. hay cho câu nói này 1 tràng vỗ tay tán dương bạn,0.0
Dcm nhìn thằng thẩm phán nó cười đểu kìa,1.0
nhìn mặt con mụ này hãm ko chịu dc,2.0
lanh dao dang nhau phat bieu coi ai la quan quan phat bieu ngu nhat day ma,1.0
 tại clmm thằng súc vật học này,2.0
đm mày,2.0
Cổng thì xấu vcc ra,1.0
hơn khối ng ô ạ,0.0
Thân ái và xin chào! Hi vọng giáo dục VN sẽ phát triển hơn để không còn những thành phần xấu hổ ô uế như thế này,0.0
Mấy thằng này bắt dc đâp mới đã,1.0
"Xin lỗi cái gì , đm",1.0
Fake như lol,1.0
Giờ sao r ae,0.0
bồi thường zì hả đồ vú sệ :))),2.0
hk biết ai tiểu nhân đâu dắk con à,1.0
Cón mẹ may ko day đk may ak ma ko co van hoa ak,2.0
Cút mẹ về pháp đi,1.0
Đại cao thủ là tin chuẩn chứ,0.0
Nguyễn Hải hay nè bn,0.0
Rồi vẩn bk mà nhìn con cak thề dell có game nào out lun ms ghê,1.0
Đéo nói nhiều 🙂,1.0
Phù thũy trắng Tay.,0.0
Đi ở tù đi trọng tài chó đẻ,2.0
Vô đây coi là được liền nè mấy bợn,0.0
Dâm loạn viên bây giờ toàn mấy thằng con nít ỉa chùi đít chưa sạch,2.0
Chúng ta trừ bố mày nha con dở.,1.0
Ông này rất thật thà đến mức còn kể ra cả chỉ thị 15 k hiểu sao h lại liều thế,0.0
Xin lỗi là xong à,0.0
 không công bằng,0.0
Sory cc,1.0
Cũng vui phết -)),0.0
Càng ngày càng ngu,1.0
"chào mọi người nhé, mình trọng tài cuộc thảo luận nì :))",0.0
Sory lồn mẹ mày,2.0
Xin lỗi cái lồn,1.0
Đúng r. Cho phép c.nó thì c.nó ms xả thải và mạnh mồm như thế chứ. Lũ chó chết cs,2.0
5 củ liêm khiết à,0.0
"Ngọc Thảo bớt xàm lông lại gái, vô duyên thúi lắm",1.0
"Thương Jack, nghẹn ngào quá. Nhưng chúng tôi có đủ niềm tin, bản lĩnh, tình yêu Idol để luôn đi bên cạnh, đứng phía sau Idol. Mong Jack vững vàng, sáng suốt vượt qua thách thức. Chúng ta rồi sẽ hạnh phúc, con trai Idol muôn vàn yêu quý của chúng ta!",0.0
"Đọc tin nhắn mới thấy nó máu lạnh ntn, nói chung quỷ đội lốt người. Coi mạng người như rác. Quá mất dạy!",2.0
Ra chưa ae,0.0
Dùng cái này có hết hôi nách k thầy,0.0
Tội phạm nó hoành hành như thế là do công an hết,1.0
Đm trong cóp để quên cái quần xì rách nó cũng lấy về hít nữa .,1.0
Tự hào ghê lun á,0.0
Bán nước hoa 500k như nước lã...Ko thơm tho gì hết...like trim thì chửi mắn cha mẹ người ta.. giờ khóc rồi hả.  Nhân quả đó e ơi....Bán hàng thật đi...,1.0
"Họ chọc nó một chút mà nó đòi bắt họ nhét vào l, tum tóc chùi chùi cái đầu thì bây giờ nó chửi cả nước VN vậy thì hãy thực hiện như nó hù họ vậy",1.0
Lũ ngu dân,2.0
Nói chug la oam cách gi nó củg tìm cách ăn cho bằng đc . Trừ khi là dẹp mẹ cái bọn chó ức hiếp dân lành đi mới mong ko còn cảnh này .,2.0
đct mà kda âm vcl tội th em gánh,0.0
đánh vs rank vàng mà còn thua vậy mà còn sủa rank dct tri đỏ dái,1.0
Xin Quỳ,1.0
"Thầy bói Ba cl gì gì vậy thầy, đem con susan ra thế giới à",1.0
"chửi nhau sao kg gọi Phone chửi cho dã cái miệng,mà lên dây khoe vàng hả cha,ỉa déo ra cũng dưa lên,bó tay,",1.0
Đ m có cái loại doanh nghiệp làm ăn bố láo cho cả ruồi vào nước uống quảng cáo rầm rộ có lợi cho sức khỏe -_- khỏe cái mả cha nhà chúng nó. Xong lúc người ta dàn xếp đôi bên theo kiểu dân sự thì úp sọt đánh bẫy người ta. CÒn bọn chức trách có thẩm quy,2.0
Đcm yêu nhau thế cơ à?,1.0
Tưởng làm đc cái con ten bú vào mà ăn chửi kinh quá,0.0
"Biến luôn đi còn kịp , ai mà thèm động viên người vô dụng như ông",1.0
Kiep sau may con dy bong nay luoi phai thuc vo cua minh moi vua bung tao da la bong ma toi ngay chui nhau xem ma ghet ghe do bong khung lon nhan xet chinh xac,2.0
Ba cho con thật là tài.tuong lai của hai con về sau sẽ bị người đời khinh ghét thôi.,1.0
Ok abe,0.0
"l ni đ có tự trọng hả ae, nghe nói đủ like là cút ko live nữa mà",1.0
trông bạn bợ đít hay vl :))),1.0
nói rõ vào đừng sủa ko hiểu ....,1.0
"quan cs ở xứ thiên đường thuộc bài kinh luôn ,mở mồm là "" ơn đảng ,ơn chính phủ..."" còn thằng quan tư bổn giãy hoài ko chết cũng thuộc bài luôn nhưng bài của nó là "" tôi xin chịu trách nhiệm ,tôi xin từ chức... """,1.0
Lũ này chó cần phải nghiêm trị,2.0
Từ chức đi đỡ nhục hơn bị đuổi nhé thằng trâu già ngu đần mặt dầy. Cút khỏi đất nước Việt Nam. Mặt dầy để kiếm ăn hả trâu ngu gia đình mày đói đến mức phải chai mặt để kiếm ăn cách nhục nhã này hả thằng trousser (trâu ngu) kia,2.0
"Bố tổ may thằng trai lực lưỡng di trộm của con đàn bà ban xoi via hè kiếm bạc lẻ ,,? Hi vọng là líp dan dụng để canh bao thôi",2.0
xin cái địt con mẹ mày,2.0
Cái loại người sao ác vậy mong cháu mau khỏi,1.0
"Indo mà không cầm hòa nổi nói chi thắng , rồi nói gì đến những đội châu á , còn đòi vươn tầm thế giới nản",0.0
Trong tài bắt như,0.0
Lê Hải Nam xin vid bro 😀,0.0
Lỗi cái daubuoo,1.0
"Sao quan chức cao cắp csnào , khi vi phạm pl cũng đều trả lời có vẻ ngây ngô , khờ khạo . Chẳng lẽ qui trình chọn lọc cán bộ cấp chiến lược là vậy sao ?!.Nhìn hành vi các qc phạm pháp thì biết nước nhà do các vĩ lđ sẽ đi về đâu . Đúng là các vị coi dân như những con lừa , mưốn làm gì củng được .Thế mà vẵn quang vinh vĩ đại !",1.0
chứ k phải vào bài ng ta cmt à :)),0.0
Xin lỗi con mẹ mày làm trọng tài như mày nghỉ đi chó ăn cức,2.0
Bích đú...,1.0
Nhân viên quán bar và mấy ông nội ăn chung lúc này :,0.0
Cút về nước đi thằng Trâu già,1.0
"Con chó mày bắt kiểu gì đấy, ăn được bao tiên của thái rồi",1.0
Ko cần mày cút,1.0
"Toàn là ở phan thiết, còn hàm thuận Bắc nằm thị trấn nào có ai biết hok a?",0.0
"đất nước mình như tảng băng chìm. Loạn lạc quá! ba mẹ đi làm quần quật kiếm tiền , các thuế phí xăng thì tăng vùn vụt mà lương thì không thấy tăng, con cái đi học thì bị bảo vệ/ thầy ..bạo hành, lạm dụng td. Bị phát",1.0
"Dẹo đến ói, chỉ có mấy thằng mặt l bị vã gái ảo alime thèm ditgai thì mê chứ người bình thường nghe chỉ muốn bóp cổ tát cho nó vài phát xong ỉa vào mồm nó",2.0
đúng cả đời chỉ đánh đc con mực mà,1.0
Nhìn mặt đẹp gái mà cái tính lại xấu xa thế này.,1.0
Chỉ ra xem tao bênh cmt luận điểm riêng gì của nó hay tao tag (Tên) thằng chửi nó rồi trả lời Hảo hán suy nghĩ đi rồi cmt rớt cái não mang về gắn lại đi,1.0
Nguyễn Lê Vĩnh Hưng Tao chỉ đang thấy xấu hổ thay dân tộc VN lại có đứa suy nghĩ và sủa ra những câu vô học như thế này! thật đáng xấu hổ cho VN,1.0
Sr mm face hả,1.0
Mày chửi thì mày nhắn mẹ đi :)) xạo lồn,2.0
Dmm. Blind???,2.0
Huỳnh Ngân đẹp đấy chứ b,0.0
"có vẻ như sau 1 trận bóng đá thì ông hot hơn nhiều r đêí nhỉ, vui chứ",0.0
Nick giả,0.0
đã đánh ngu r còn bac ky :)) qua oc cho,2.0
bỏ cánh cụt đi lùa cho nhiều gà phú bà ạ,0.0
Bọn chó,2.0
"Thằng này nó thuộc dạng súc sinh,k còn từ ngữ gì để miêu tả hết độ cặn bã, khốn nạn,bỉ ổi của nó,k biết thằng bố con mẹ nó nghĩ gì khi có thằng con như nó,k biết con vợ nó cảm nhận thế nào về thằng chồng thổ tả như nó, thằng súc sinh này làm dơ bẩn thế giới đàn ông",2.0
Chị Tiết bị chúng lời ngiền Gu chìiiiiiii dòi =))),0.0
Con này nó như con hấp ấy,2.0
Xin cá con mẹ nhà mày ts,2.0
Cái buồi,1.0
"Bây giờ làm ăn khó khăn quá, chuyên đil lường gạt người khác ko à trời",0.0
Và nhưng huyền thoại sẽ xuất hiện.,0.0
Ở một diễn biến khác,0.0
"flip, thanh bình, tấn tài, văn hậu/văn thanh, quang hải, hoàng đức, hùng dũng, đình bắc, công phượng, tiến linh, hải quế/ việt anh. Đội hình max ping hiện nay",0.0
Địt mẹ mấy thằng sếp và những thằng liên quan của t luôn.,2.0
"nhiều đom đóm quá, cần chai sịt côn trùng",1.0
Thời buổi này kinh quá,0.0
chết mẹ mày đi,2.0
Biết Gì Đâu con tinh trùng khuyết tật,2.0
"Có tin là chặt cái đầu để khỏi làm kiểng không? Mắt mù hay gì? Đạo đức thì không có, tụi thái lan nó tự té nó ăn vạ, mà ông toàn xử Việt Nam tui, Việt Nam tui ăn hết của cha ông nội ông hả mà ông thù ông bắt ép Việt Nam tui vậy. Đừng để dân VN tui thấy mặt ông ở đâu nha, k là ông ăn mắm tôm là cái chắc",2.0
Chắc bỏ Theo dõi ad quá ..,0.0
hay lắm a bạn =)),0.0
Ok em,0.0
Cái loại nưsng lôfn,2.0
Bạn được Thái Lan cho bao nhiêu ngà voi vậy,0.0
Ác wa,0.0
Sorry cái địt mẹ,1.0
Go die Go fucker. What the fuck,2.0
dr lên tiếng quá mà 60 tỷ gặp Messi đồ mà,0.0
thua 20m là nó ngu mà ông. Tưởng oai oách ăn được thằng tồ mới nhảy xổ vào xúc. Chứ tiền có phải lá mít đâu thua mà vui. Nói oai kinh.,1.0
Chó cắn áo rách,1.0
Chúng mày lại nói parky đi,0.0
T.Q âm mui chê vi trung giết nhân loai toan thể giới . Đê Lây lan chết nhiêu nguoi oan .mang TCB ra toa thêgioi sét su ?,2.0
khứa bữa tranh lane đây rồi . đánh như c*t,1.0
Tụi khốn nạn thật,2.0
Xin lỗi con mẹ mày,2.0
Lp 6 mà đã v .phát ngôn ngông cuồng.đánh chết ng như oai lắm .lại còn t chưa đủ 16t.nhà t đầy tiền.trong tù toàn ng quen là câu của 1 đứa lp 6 sao ??? Máu lạnh thật,1.0
Bí kiếp Susan 0175,0.0
"Cai miệng nhìn co duyên, chưởi ,nhung nhìn cai miệng co duyen",0.0
giáo viên âm nhạc bến tre,0.0
Bọn này chỉ có chết mới hết tội thôi,2.0
ghét con chó này vl,2.0
Coi cười muốn xĩu.. yêu cô ghê,0.0
"Mặc dù đội không thể tiến bộ, trận đấu cuối cùng, chúng tôi phải chiến đấu để ghi được 3 điểm.",0.0
Thằng súc vật,2.0
dại trai kkk,0.0
Đánh ngu đẩy láo chết hét cái đầu buồi,2.0
xinh mà ngu,1.0
Trần ThanhThảo Tuyết Hoa bớt nc vs zai lạ,0.0
Cái tội thích trai đẹp,0.0
Hòa Nguyễn đam mê nợ nần sẽ theo đuổi e,0.0
"Hay quá ha, thông minh dữ chưa :)))",1.0
"Team này đánh hay quá, hay tới mức 0-10 luôn 🤡",1.0
Đúng là n.g.u hết chỗ nói.,1.0
"Nó bảo tôi là ""đồ ngu"", chứ tôi có chửi nó đâu.",0.0
"Tôi không hề nói nó ngu, tôi chỉ nói cách làm này hơi khó hiểu thôi.",0.0